,day,distance,node_contribution
0,20240908,7.943954795993906,"[0.00102902 0.00179425 0.00113258 0.00124312 0.00167363 0.00219742
 0.00188429 0.00281805 0.0024794  0.00121575 0.00061117 0.00135621
 0.0004692  0.0018554  0.00180333 0.01052096 0.00126436 0.00115411
 0.00130198 0.00120321 0.00171581 0.00167932 0.0079752  0.00055201
 0.0013606  0.00116551 0.00280314 0.00108769 0.00050716 0.00044894
 0.00217123 0.00234072 0.00166221 0.00185437 0.00044888 0.00049251
 0.00182733 0.0015786  0.00184913 0.00197435 0.00190931 0.00259935
 0.00113557 0.0017486  0.00118495 0.00156959 0.00117383 0.0028212
 0.00177452 0.0021855  0.07145609 0.00190401 0.00367796 0.00111125
 0.00484396 0.00822238 0.00154505 0.00081479 0.0010875  0.00272958
 0.00119521 0.00100873 0.00127446 0.00115167 0.00200419 0.00203631
 0.00233513 0.00127923 0.0013479  0.00139629 0.00113916 0.00312053
 0.00206735 0.00124167 0.00115897 0.00604271 0.00048543 0.00102835
 0.00135952 0.00190698 0.00137783 0.00067897 0.00184731 0.00112579
 0.00167296 0.00175778 0.00170745 0.01907093 0.00325518 0.00196328
 0.00165085 0.00597952 0.00098839 0.00525617 0.00172037 0.00187608
 0.00130137 0.00515761 0.001416   0.00380389 0.00260538 0.00204241
 0.00190138 0.00109967 0.00163835 0.0017947  0.0016748  0.00049696
 0.00173733 0.00129219 0.00141264 0.00188591 0.00117233 0.00239197
 0.0017052  0.00174603 0.00192683 0.00179984 0.00151919 0.00113307
 0.0006296  0.00136599 0.00141346 0.00137642 0.00197879 0.00619963
 0.00182646 0.00152891 0.00249127 0.00118774 0.00169638 0.001638
 0.00051211 0.00221988 0.0097554  0.0020008  0.00141373 0.00196097
 0.00496566 0.00129357 0.00167755 0.0022958  0.00174137 0.00144258
 0.00059425 0.00110121 0.00084221 0.00215225 0.00174804 0.00146123
 0.0019164  0.00114336 0.00155112 0.00368615 0.00196249 0.00147404
 0.00170708 0.0012968  0.00135476 0.00110686 0.00181298 0.00138918
 0.00212044 0.00134559 0.00199055 0.00047106 0.0012144  0.00162674
 0.00048516 0.00059448 0.00176061 0.00179863 0.00190632 0.00320288
 0.00180575 0.00162537 0.00165182 0.00170643 0.00198412 0.00228645
 0.00175565 0.00381823 0.00123615 0.00109841 0.00195404 0.00239477
 0.0018266  0.00194906 0.00175042 0.00125288 0.001644   0.00174704
 0.00196188 0.00048691 0.00125852 0.00250513 0.00402303 0.0017204
 0.00192643 0.00136525 0.00059093 0.00047265 0.0019305  0.00294397
 0.00162649 0.00146872 0.00262387 0.0016434  0.00156077 0.00195581
 0.00055982 0.00114447 0.00117626 0.0013482  0.00139008 0.00178011
 0.00199756 0.00149276 0.00141353 0.00112929 0.0010782  0.00180081
 0.00204404 0.00129727 0.00047968 0.00208163 0.00189022 0.00126674
 0.00318338 0.00237329 0.00114325 0.00212055 0.0009383  0.00190916
 0.00166891 0.00296252 0.00136784 0.00201494 0.00250434 0.00138564
 0.00212887 0.00186413 0.00175306 0.00189454 0.00177852 0.00196967
 0.00109323 0.00046889 0.00182827 0.01066499 0.00047179 0.00046789
 0.00118498 0.00222476 0.00239745 0.00048841 0.00199612 0.0015906
 0.00129303 0.07733208 0.00115074 0.00184095 0.00741173 0.00134552
 0.00109721 0.00065614 0.00204164 0.00049456 0.00133069 0.00127565
 0.00109329 0.00241232 0.0021998  0.00184916 0.00249944 0.00051123
 0.00309581 0.00229257 0.00046579 0.00107316 0.00206574 0.00086803
 0.00125764 0.00052024 0.00162062 0.00126296 0.00130156 0.00059401
 0.00243559 0.00219258 0.00186485 0.00206933 0.00109879 0.00049314
 0.00140506 0.00059507 0.00050067 0.00123365 0.00069367 0.00136144
 0.00116877 0.00319818 0.00150564 0.00185895 0.00175462 0.00116888
 0.00130566 0.00140558 0.0017186  0.0019521  0.00127232 0.00265809
 0.00242769 0.00219117 0.00121383 0.00077223 0.00125358 0.00131808
 0.00107562 0.00121991 0.00127187 0.00361231 0.00046662 0.00132817
 0.00654587 0.00358473 0.00158479 0.0011856  0.00131477 0.00188037
 0.00697307 0.00140324 0.00051537 0.01729941 0.00115397 0.00194576
 0.00180748 0.00216868 0.00126511 0.00141664 0.00187124 0.00507584
 0.00174528 0.00127962 0.00045869 0.00138811 0.00201845 0.00191305
 0.00180251 0.0019057  0.00163281 0.0019071  0.00133501 0.00184016
 0.0017894  0.00046857 0.00164644 0.00155866 0.00213031 0.00126755
 0.00184431 0.00191916 0.00122114 0.00066298 0.00401835 0.00260445
 0.00047022 0.00159939 0.00136635 0.04635774 0.00109207 0.00124761
 0.00048384 0.00198983 0.00050912 0.00760228 0.00110661 0.00203475
 0.00180717 0.00177022 0.00144261 0.00187419 0.00165019 0.00234629
 0.00158604 0.00114128 0.00192193 0.00173584 0.00147032 0.00127058
 0.00236384 0.00799821 0.00187335 0.00129524 0.00140987 0.00119139
 0.00286419 0.00062571 0.00138753 0.00555916 0.00191533 0.00070026
 0.00125685 0.00217313 0.00114825 0.00117119 0.00184473 0.00123611
 0.00138605 0.00120112 0.00166333 0.00165694 0.00237449 0.0011582
 0.00208567 0.01036883 0.00219819]"
1,20240904,6.6735327820988095,"[0.00116682 0.00273945 0.00166261 0.00124973 0.00253994 0.01304442
 0.00146349 0.00121342 0.00089207 0.00152719 0.0012459  0.00127011
 0.0020446  0.00124174 0.00141222 0.00122637 0.00118959 0.00174668
 0.00129212 0.00128362 0.00150096 0.00128586 0.00122347 0.00207812
 0.00258013 0.00167498 0.00187784 0.00176823 0.00187864 0.00123946
 0.00131333 0.00133745 0.00280117 0.00380095 0.00119703 0.00202114
 0.00186993 0.00120783 0.005605   0.00143544 0.00160271 0.00225587
 0.00224587 0.00129187 0.00151777 0.00123324 0.00136059 0.00338102
 0.00138972 0.0013573  0.02220026 0.0029698  0.00158587 0.00149867
 0.00243329 0.00362177 0.00131752 0.00146733 0.00191876 0.00217741
 0.0014594  0.00411541 0.00153613 0.00171589 0.00191193 0.00200038
 0.00100459 0.00124082 0.00317442 0.00138276 0.00165232 0.01397859
 0.0016394  0.0013166  0.0016666  0.00401123 0.00186025 0.00342702
 0.00124454 0.00186301 0.00166176 0.00143008 0.00143933 0.00158538
 0.00176115 0.00150631 0.00135233 0.02121143 0.00160058 0.00120339
 0.00213054 0.00934123 0.00188278 0.00154562 0.00111144 0.00185499
 0.00126337 0.00176061 0.0020227  0.01673391 0.00217157 0.00126826
 0.00137653 0.00172673 0.00142183 0.00370483 0.00132938 0.00228098
 0.00110945 0.00256647 0.00167747 0.00442608 0.00157318 0.00125317
 0.00137689 0.00222433 0.00131713 0.00171244 0.00171947 0.0016574
 0.00127259 0.00130363 0.00122132 0.00217701 0.00191548 0.00320455
 0.00130148 0.00139473 0.00279053 0.000751   0.00134833 0.00159897
 0.00194148 0.00103961 0.00699007 0.00291787 0.00301847 0.00294564
 0.00546176 0.00121728 0.00117521 0.00169428 0.00275138 0.00157286
 0.00085873 0.00168337 0.00295446 0.00228161 0.00168417 0.00544306
 0.00203959 0.00166788 0.00125902 0.00162591 0.00165865 0.00165627
 0.00135153 0.00133262 0.0012594  0.00171466 0.00134281 0.00140138
 0.00157582 0.00129363 0.00177265 0.00263343 0.0022155  0.00133652
 0.00081137 0.0012574  0.01463852 0.00180891 0.00159001 0.0024377
 0.00299021 0.00202277 0.00123494 0.00207785 0.00164992 0.00126036
 0.0015036  0.00418627 0.00129918 0.00308203 0.00176488 0.00233949
 0.00147564 0.00145742 0.00155782 0.00129464 0.00426213 0.00136723
 0.00138856 0.00137821 0.00175296 0.00497446 0.00217799 0.00122574
 0.001224   0.00129084 0.00088882 0.00115939 0.00630006 0.02325795
 0.00166631 0.0028581  0.00342563 0.00127137 0.00231901 0.00117729
 0.00134327 0.00146011 0.00170096 0.00132069 0.00113057 0.00117649
 0.00142978 0.00392445 0.00121472 0.00189087 0.00196934 0.00137391
 0.00231218 0.00123626 0.00190701 0.00163802 0.00160626 0.00116962
 0.0010749  0.00413776 0.00155621 0.00114132 0.00084604 0.00117682
 0.00132867 0.00318283 0.00120817 0.00156832 0.00275842 0.00146444
 0.00646898 0.00148315 0.00135921 0.00149615 0.00122417 0.00146454
 0.00178715 0.00192359 0.00134862 0.0014641  0.00143269 0.00204562
 0.00158275 0.00132381 0.0015463  0.00250442 0.00137199 0.00143325
 0.00125119 0.00376002 0.00164537 0.00119423 0.00433658 0.00122101
 0.00327671 0.00131477 0.00156704 0.00210423 0.00251742 0.00131713
 0.0017744  0.0015987  0.00103451 0.00119007 0.00145979 0.00189386
 0.00306516 0.00505567 0.00195837 0.00249095 0.00138659 0.00139485
 0.00129456 0.00165748 0.00127832 0.00309097 0.00137897 0.00090827
 0.00289066 0.00149125 0.00134717 0.00237027 0.00184792 0.00151648
 0.00138383 0.00259059 0.00077593 0.00173823 0.00119122 0.00120271
 0.00166549 0.00127698 0.00119224 0.00134602 0.00135317 0.0017491
 0.00125444 0.00127655 0.00221364 0.00221304 0.00118792 0.0038037
 0.00131757 0.01468265 0.00170089 0.001678   0.00105971 0.00123194
 0.00176979 0.00160756 0.00254742 0.00319272 0.00305801 0.00082439
 0.00394431 0.0030541  0.00144599 0.00169968 0.00158845 0.00461899
 0.00386835 0.00173542 0.00174443 0.01394197 0.00157963 0.00205227
 0.00121504 0.00156171 0.0011988  0.00138024 0.0022311  0.00859749
 0.00127344 0.0012767  0.00132563 0.00151262 0.00156064 0.00117982
 0.00160107 0.00119011 0.00407184 0.00116282 0.0012239  0.00207937
 0.00168988 0.0015387  0.00126358 0.00149196 0.00173159 0.00203612
 0.00121651 0.00249929 0.00122972 0.00148618 0.00239035 0.00261461
 0.00178203 0.00127469 0.00610281 0.01788566 0.00183303 0.00549793
 0.00248392 0.00178015 0.00078009 0.00672518 0.00254085 0.00134309
 0.00121122 0.00184588 0.00171721 0.00279945 0.00139667 0.01569432
 0.00152663 0.00175448 0.00130159 0.00122263 0.00669906 0.00503722
 0.00289322 0.00154297 0.00133417 0.00115251 0.00155925 0.00156623
 0.00158092 0.00081703 0.00150853 0.00126029 0.00207523 0.00148015
 0.0012681  0.00182477 0.0016398  0.00151118 0.0013488  0.00118719
 0.00128593 0.00151145 0.00963169 0.00129602 0.00196513 0.00174992
 0.00211374 0.00975597 0.01269963]"
2,20241025,7.634829944318151,"[0.0021404  0.00135671 0.00158821 0.00154819 0.00086778 0.00219153
 0.00164664 0.00183083 0.00253336 0.00243167 0.00074573 0.00174301
 0.00257807 0.00250292 0.00823698 0.01506875 0.00167522 0.00155496
 0.00154598 0.00155541 0.00164063 0.00201561 0.00475154 0.00139292
 0.00237833 0.00148764 0.00111349 0.00165549 0.00249182 0.004044
 0.00173178 0.00093541 0.00087544 0.00131943 0.00303703 0.00346317
 0.00209589 0.00158679 0.00241297 0.00232871 0.00277706 0.00172943
 0.00220197 0.00191259 0.00170994 0.00170781 0.00166313 0.00389983
 0.00191898 0.00218561 0.00202106 0.00185592 0.00103671 0.00117843
 0.00112298 0.00163748 0.00145708 0.00152945 0.00113134 0.00139668
 0.00166754 0.00255372 0.001043   0.00168474 0.00239861 0.00263149
 0.00139309 0.00156647 0.00153893 0.00151984 0.00160728 0.02629976
 0.00165326 0.00163873 0.00160255 0.00090887 0.00237598 0.00248523
 0.00150619 0.00101174 0.00138247 0.00191874 0.0024292  0.00152126
 0.00126297 0.0023506  0.00211366 0.05376119 0.00135956 0.00204358
 0.00108049 0.01432314 0.00152336 0.00174341 0.00153901 0.0011981
 0.00154596 0.00232595 0.00172722 0.00187632 0.00302281 0.00197399
 0.00095362 0.00102317 0.00176245 0.00228225 0.00300505 0.0020174
 0.00188181 0.00156878 0.00406638 0.00349191 0.00172721 0.00141693
 0.00246084 0.00163314 0.00238368 0.00174784 0.00099893 0.00154202
 0.00519612 0.00151967 0.00150322 0.00193169 0.00394708 0.00732628
 0.00185109 0.00387095 0.00251787 0.00270707 0.00331923 0.00105601
 0.00244852 0.00172489 0.00341673 0.00107466 0.00149502 0.00137119
 0.00146372 0.0015173  0.00200046 0.00216739 0.00302816 0.00129408
 0.00084269 0.00164714 0.00080764 0.00277254 0.00215145 0.0047833
 0.0015507  0.00159338 0.00156916 0.0022414  0.00105589 0.00232649
 0.00156191 0.00155236 0.00132208 0.00163645 0.0019576  0.00136512
 0.0024222  0.00154061 0.00278485 0.00190623 0.00124159 0.00181054
 0.00208069 0.00200267 0.00203868 0.00291719 0.00085171 0.00094776
 0.00133776 0.00090526 0.00167337 0.00194289 0.00168334 0.00231555
 0.00130277 0.00705862 0.00152982 0.00075341 0.00208061 0.00434824
 0.00238692 0.0023441  0.00218621 0.0014508  0.0048973  0.00220521
 0.00233978 0.00165291 0.0012508  0.00107278 0.00364365 0.00181832
 0.00194042 0.00163277 0.00064147 0.00060643 0.00181532 0.0015896
 0.00140473 0.00426844 0.00267798 0.00175905 0.00264769 0.00242559
 0.00382396 0.00186575 0.00161873 0.00161023 0.00139918 0.00195022
 0.00183846 0.00607931 0.00157701 0.00097027 0.0011626  0.00213563
 0.00157979 0.00159325 0.00319105 0.00260228 0.00248245 0.00361642
 0.00090422 0.00188466 0.00138061 0.00456548 0.00101013 0.00203768
 0.00174083 0.00096106 0.00158218 0.00227552 0.00137685 0.00245203
 0.00142476 0.00213378 0.00201005 0.00207784 0.00183617 0.00183994
 0.00170999 0.00296442 0.00203862 0.00268958 0.00315011 0.0034376
 0.00155714 0.0024042  0.00123185 0.00316186 0.00208052 0.00202685
 0.00158486 0.00141143 0.00172174 0.00141011 0.00167658 0.00175399
 0.00083482 0.00539184 0.00178413 0.0020654  0.00303721 0.00161045
 0.00157372 0.00255384 0.00202566 0.00166321 0.00227958 0.00278571
 0.00184326 0.00152195 0.00059985 0.00132987 0.00221767 0.00143758
 0.00156515 0.00202245 0.00174491 0.00154984 0.00152587 0.00060615
 0.00310605 0.00176455 0.0020131  0.00109571 0.00105574 0.00294336
 0.00143891 0.00218358 0.00475008 0.00100992 0.00054476 0.00152192
 0.00156013 0.00211264 0.00153451 0.0025973  0.0019137  0.00148407
 0.00162644 0.00140008 0.00127239 0.00121263 0.00152193 0.0011313
 0.00179508 0.00371018 0.00125499 0.00538274 0.0021265  0.0014979
 0.00102786 0.00112596 0.00193522 0.0017721  0.00290609 0.00076129
 0.00388299 0.00145751 0.00151276 0.00156561 0.00200884 0.0020457
 0.00352488 0.0016893  0.00548489 0.00535572 0.00160653 0.00364657
 0.00226587 0.00283086 0.00156962 0.00141783 0.00400428 0.00088149
 0.00184219 0.00148433 0.00456105 0.00139201 0.00215363 0.00295381
 0.0021529  0.00211022 0.00102237 0.00247115 0.00169288 0.0015275
 0.00123405 0.00268275 0.00180991 0.00110713 0.00136074 0.000993
 0.00233796 0.00204596 0.00150579 0.00300804 0.00158315 0.00293411
 0.00285961 0.00186598 0.00385582 0.05675325 0.00170993 0.00209334
 0.00262471 0.00237798 0.00270962 0.00186656 0.00084819 0.00220308
 0.00202095 0.00166946 0.00135742 0.00192574 0.00184354 0.00176128
 0.00176483 0.00151483 0.00214014 0.00189644 0.00305854 0.00056855
 0.00266155 0.00089641 0.00292441 0.00148401 0.00140442 0.00144423
 0.00127883 0.00208647 0.00150811 0.00305392 0.0014415  0.00205493
 0.0016022  0.00131791 0.00162842 0.00166649 0.00213319 0.00154888
 0.00156628 0.00154281 0.0022308  0.00214286 0.00151938 0.0015542
 0.00234693 0.00210825 0.00271456]"
3,20241119,7.004466066575023,"[0.00178372 0.00090553 0.00241651 0.00151391 0.00118321 0.00120303
 0.00169183 0.00154693 0.0011911  0.00085049 0.00119112 0.00133117
 0.00303355 0.00193178 0.00195672 0.00418871 0.00142624 0.00210471
 0.00158055 0.00189019 0.0019371  0.00176498 0.00145335 0.00345288
 0.00205469 0.00212611 0.0020103  0.00244885 0.00108466 0.00180229
 0.00182045 0.0009635  0.00208738 0.00237659 0.00196957 0.00270206
 0.00195565 0.0018663  0.0018006  0.00189856 0.00186507 0.0014254
 0.00126286 0.00192643 0.0018597  0.00149263 0.00157652 0.00223192
 0.00201604 0.0010719  0.03282616 0.00190394 0.00131122 0.00125866
 0.00164602 0.00363002 0.0014168  0.002764   0.00232388 0.00794056
 0.00188246 0.00928585 0.00199231 0.00223846 0.00191582 0.00167028
 0.00127962 0.00176785 0.00093927 0.00146805 0.00217148 0.00246544
 0.00227606 0.00140847 0.00196592 0.00135505 0.00192967 0.00152153
 0.00143809 0.00160093 0.00117694 0.00192258 0.00172637 0.00139483
 0.00196295 0.00180063 0.00099083 0.00838465 0.00217734 0.00168764
 0.00176505 0.00293691 0.00219541 0.00252911 0.0023788  0.00194338
 0.00149076 0.00421874 0.00133401 0.00182095 0.00459573 0.00187803
 0.00102782 0.00300519 0.00165252 0.00133297 0.00121753 0.00185603
 0.003452   0.00547958 0.00173972 0.00472581 0.00189744 0.00153131
 0.00200512 0.00178184 0.00198311 0.00169712 0.00204918 0.00215478
 0.00186414 0.00154897 0.00137456 0.00327898 0.00241004 0.00148584
 0.00192261 0.00699875 0.00164934 0.00305527 0.00213586 0.00189098
 0.00245217 0.00065553 0.02573489 0.00175286 0.00254186 0.00158698
 0.00388469 0.00211648 0.00160716 0.00199267 0.00162352 0.00159379
 0.00116279 0.00228765 0.00412114 0.0015375  0.00191606 0.01524424
 0.00236467 0.0023415  0.00170088 0.00773938 0.00094753 0.00098474
 0.00131857 0.0014042  0.00158112 0.00187401 0.00191663 0.00156623
 0.00194004 0.00136692 0.00193179 0.00262233 0.00452939 0.00174117
 0.00096578 0.00386419 0.00631102 0.00137874 0.00096223 0.00373271
 0.00221801 0.00102558 0.00150949 0.00194632 0.00142552 0.00151544
 0.00097771 0.00443439 0.00151853 0.00203908 0.00154558 0.00228757
 0.00190022 0.00199562 0.00179082 0.00140709 0.00129663 0.00179044
 0.00185991 0.00198701 0.00337255 0.00150764 0.00199666 0.00187084
 0.00259791 0.0014972  0.00109586 0.0030432  0.02569497 0.00315973
 0.00166086 0.00173687 0.00225392 0.00166893 0.00202621 0.0016906
 0.00180258 0.00201414 0.00203474 0.00163952 0.00134874 0.00151125
 0.0018222  0.00354083 0.00167586 0.00206182 0.00254056 0.00209458
 0.00156538 0.00135078 0.0021714  0.00195904 0.00176771 0.00131876
 0.00105862 0.00199863 0.00215615 0.00295034 0.00106802 0.00205488
 0.00291042 0.00210065 0.00132613 0.00191546 0.00325046 0.00248169
 0.00153818 0.00224728 0.00207891 0.00158984 0.00171482 0.00192359
 0.00248616 0.00240866 0.00186287 0.00120496 0.00262395 0.00255797
 0.0021779  0.00270247 0.00437165 0.00256491 0.00200184 0.00159751
 0.00133946 0.0028375  0.00211715 0.0016142  0.00329955 0.00150453
 0.00346555 0.00267597 0.00169052 0.00270122 0.0033131  0.00157009
 0.00167372 0.00321382 0.00130373 0.0009885  0.00214679 0.0021455
 0.00178487 0.00429377 0.00289809 0.00220325 0.00473952 0.00212516
 0.0015762  0.00300927 0.00161047 0.00143523 0.00139665 0.00203489
 0.00127671 0.00190595 0.00245246 0.00154185 0.00264934 0.00199139
 0.00174105 0.00248446 0.00218881 0.00248569 0.00147794 0.00147362
 0.00210405 0.00162952 0.0014041  0.00198741 0.00205705 0.00188299
 0.00146177 0.0017547  0.00390727 0.00222722 0.00141391 0.00151672
 0.00109263 0.00232192 0.00257119 0.00189806 0.00162471 0.00137157
 0.00273188 0.00153132 0.00299336 0.00237321 0.0028368  0.00182545
 0.00780271 0.00148692 0.00191692 0.00216619 0.00279296 0.00144524
 0.00239859 0.00241065 0.0018587  0.00454673 0.001941   0.00204013
 0.00170642 0.00215466 0.00148969 0.00167436 0.00670126 0.00294506
 0.0016436  0.00135438 0.00177183 0.00171144 0.00246642 0.00223965
 0.00191423 0.00178384 0.00262184 0.00156689 0.00147817 0.00161149
 0.0014046  0.00227507 0.00171271 0.00117538 0.00195225 0.00168481
 0.00145211 0.0019635  0.00162533 0.00233053 0.00118926 0.00804517
 0.0022353  0.00166391 0.00127109 0.02416914 0.0023116  0.00109986
 0.00207828 0.00076843 0.00243434 0.00223436 0.0010364  0.00193275
 0.00175958 0.00232141 0.00144656 0.00134832 0.00169427 0.00248695
 0.00182889 0.00229534 0.00193458 0.00161359 0.00304602 0.0006596
 0.002017   0.00109869 0.00206977 0.00164331 0.00196818 0.00218647
 0.00301749 0.0009763  0.00163116 0.00630054 0.00187642 0.00216179
 0.00158859 0.00124008 0.00215934 0.00212684 0.00169426 0.00150932
 0.00145955 0.00165303 0.00352186 0.0015784  0.00127568 0.00214068
 0.00188463 0.00211126 0.00536696]"
4,20241020,7.697279878356785,"[0.00168689 0.00090063 0.00109132 0.000984   0.00149711 0.0017653
 0.00157402 0.00223829 0.00152392 0.00108202 0.00123472 0.00119074
 0.00096212 0.0018482  0.00341963 0.01390167 0.00103626 0.00107507
 0.00101791 0.00100358 0.00152389 0.00192887 0.0029621  0.00189132
 0.00523941 0.00110114 0.00240796 0.00108415 0.00085944 0.00079092
 0.00215472 0.00140062 0.0014706  0.00232251 0.0007691  0.00080398
 0.00458972 0.00161579 0.00190405 0.00172429 0.00180264 0.00211534
 0.00218783 0.00168779 0.00105176 0.00151871 0.00111465 0.00189211
 0.00186214 0.00133822 0.02124401 0.00110902 0.0014085  0.00168142
 0.00259432 0.00251298 0.00115387 0.00143118 0.00085812 0.00890682
 0.00108941 0.00137719 0.00088533 0.00110727 0.00191917 0.00175792
 0.00133605 0.00105108 0.00101059 0.00158674 0.00111114 0.00228195
 0.00171227 0.00106614 0.00112665 0.0008122  0.00096338 0.00078995
 0.0012047  0.00192898 0.00137506 0.00088525 0.00352552 0.00389489
 0.00177703 0.00168828 0.00254205 0.0381778  0.00090354 0.00181215
 0.00172287 0.00201549 0.00100756 0.00165228 0.00226294 0.00154458
 0.00123426 0.00138953 0.0033287  0.00173208 0.00153147 0.00258727
 0.001394   0.00089975 0.00178525 0.00344527 0.00135234 0.00114206
 0.00383622 0.00280275 0.00099161 0.0020889  0.00111253 0.00236933
 0.00177849 0.00162686 0.00252528 0.0018898  0.0009299  0.00109167
 0.00082663 0.0011561  0.00114824 0.00250746 0.00100873 0.00168711
 0.00290849 0.0024091  0.00178932 0.00087905 0.00184688 0.00093437
 0.00082678 0.00139948 0.0017585  0.00179083 0.00120912 0.00804773
 0.06014284 0.00092432 0.0018453  0.001876   0.00280558 0.00157395
 0.0011523  0.00107809 0.00130618 0.00088635 0.00321253 0.00134525
 0.0012898  0.00105881 0.00154834 0.00200215 0.00120847 0.00093104
 0.00298327 0.00121676 0.00121674 0.00108507 0.00163941 0.00156925
 0.0022257  0.00114424 0.00194392 0.00079197 0.0013127  0.00185935
 0.00120064 0.0013487  0.00215861 0.00206876 0.00140134 0.00124206
 0.00113565 0.00108663 0.00173713 0.0026792  0.00140456 0.00182879
 0.00117944 0.00160296 0.00097622 0.00157959 0.00180942 0.00097676
 0.0025149  0.00197679 0.00177641 0.00119593 0.0014313  0.00179617
 0.00210067 0.00084515 0.00074335 0.00174319 0.0011943  0.00159437
 0.0214743  0.00124858 0.00126998 0.00085638 0.0030336  0.00932596
 0.00209554 0.00214382 0.00216295 0.00204951 0.00194323 0.00238665
 0.00101484 0.00112689 0.00110781 0.00103279 0.00097328 0.00196966
 0.00176071 0.00367518 0.00104292 0.00114497 0.00092176 0.00173058
 0.00153602 0.00113348 0.00080717 0.00188404 0.002164   0.00109281
 0.0015906  0.0018122  0.00073487 0.00182553 0.00604999 0.00175698
 0.00178102 0.00169576 0.00091895 0.00190283 0.00108141 0.00114533
 0.00229182 0.00175899 0.00172661 0.00176692 0.00172815 0.00199028
 0.0011061  0.00078109 0.001687   0.00218324 0.0015413  0.00083825
 0.00104202 0.00182663 0.00242651 0.00080795 0.00178313 0.00218858
 0.0011139  0.03987403 0.00111625 0.00171803 0.00168041 0.00101352
 0.00079493 0.00180181 0.00219197 0.00117039 0.00730217 0.00103329
 0.00106083 0.00119571 0.0010387  0.0014291  0.00198209 0.00079818
 0.00208819 0.00161928 0.00081316 0.00101615 0.00883352 0.00088285
 0.00102767 0.00082808 0.00215731 0.00259597 0.00147204 0.00160406
 0.00195372 0.00183295 0.00242656 0.00245609 0.00103833 0.00106207
 0.00166408 0.0008535  0.00154796 0.0008073  0.00162251 0.00093724
 0.00107169 0.00261208 0.0009313  0.00482866 0.00178399 0.00109142
 0.00122254 0.001931   0.00712665 0.00118159 0.00094327 0.00248588
 0.00230774 0.00302916 0.00574196 0.00094186 0.00090508 0.00117946
 0.00083883 0.00091098 0.00228039 0.01266279 0.00085828 0.00288608
 0.00158127 0.00321388 0.00163537 0.00100253 0.00373817 0.00246484
 0.00317443 0.00116158 0.00078639 0.01407435 0.0010651  0.00104298
 0.00173566 0.00186691 0.00092115 0.00148536 0.00200283 0.00211707
 0.0019876  0.00116987 0.00078199 0.00142065 0.00174598 0.00180098
 0.00178451 0.00188805 0.00125743 0.00172434 0.00119348 0.00118553
 0.00096962 0.00079587 0.00167741 0.00168937 0.0015539  0.00097464
 0.00236293 0.00184075 0.00099562 0.00080155 0.0035291  0.00580123
 0.0019304  0.00162032 0.00347635 0.03179424 0.0010793  0.0020946
 0.00099877 0.00136204 0.00078807 0.00185838 0.00152466 0.00242213
 0.00171332 0.00397772 0.00407925 0.00333164 0.00181671 0.00231534
 0.00158936 0.00108364 0.00252534 0.00172161 0.00300059 0.00086621
 0.00640484 0.0009298  0.00181395 0.00113669 0.00160326 0.00111371
 0.00077487 0.00094275 0.00159968 0.01271498 0.003496   0.00097696
 0.00102799 0.00218556 0.00105529 0.00107728 0.00259185 0.00099914
 0.00096401 0.00116443 0.00650569 0.00304037 0.002424   0.0010989
 0.00219211 0.00786008 0.00378685]"
5,20241217,7.3144588125253165,"[0.00182769 0.00087219 0.00126872 0.00124034 0.00079793 0.00245674
 0.00115853 0.0015485  0.00130222 0.00281468 0.00114799 0.0012774
 0.00172959 0.00182532 0.00277514 0.00226933 0.00111006 0.00132523
 0.00117573 0.0011344  0.00229761 0.00189171 0.00395866 0.00117496
 0.0008594  0.00134717 0.00131723 0.00166603 0.00164304 0.00103226
 0.00172396 0.001294   0.0017039  0.00142647 0.00105906 0.0018241
 0.00199196 0.00136648 0.0018243  0.00192749 0.00227231 0.00184832
 0.00093998 0.00196354 0.00144425 0.00279548 0.00115153 0.00167272
 0.00174147 0.00107752 0.00965815 0.00157042 0.00109193 0.00141388
 0.05554909 0.00257891 0.00121698 0.00180312 0.00304575 0.01108662
 0.00138336 0.00989087 0.00116859 0.00132776 0.0019411  0.00176837
 0.00102619 0.00124067 0.00078428 0.0010269  0.0012759  0.00597601
 0.0019787  0.00111208 0.00121466 0.00070869 0.00101219 0.00148123
 0.00117584 0.00218241 0.00233948 0.00090782 0.00159545 0.00398194
 0.00187546 0.00182005 0.0011656  0.01779411 0.00453524 0.00206868
 0.00167217 0.01094487 0.00176167 0.00203293 0.00318815 0.00296335
 0.00128195 0.00659411 0.00132073 0.00843071 0.00274758 0.00205562
 0.00092168 0.00218122 0.00197783 0.00165633 0.00097421 0.00102669
 0.00151592 0.00157103 0.00118227 0.00712394 0.00145903 0.00434356
 0.00188896 0.00206483 0.00185294 0.00160169 0.00201015 0.0014498
 0.000776   0.00135635 0.00116903 0.00115513 0.0010501  0.00206336
 0.00182497 0.00275582 0.00088945 0.00144885 0.00128455 0.00264032
 0.00178343 0.00078607 0.00097195 0.00095846 0.0015592  0.00102336
 0.01637631 0.00120906 0.00203998 0.00500246 0.00209094 0.00146639
 0.00090559 0.00148436 0.00284981 0.00159295 0.00192755 0.00411067
 0.00183006 0.00152054 0.00143289 0.00321895 0.00155018 0.00076986
 0.00185282 0.00127449 0.0015244  0.001611   0.0021395  0.00108695
 0.00244579 0.00154571 0.00200637 0.00206926 0.00144028 0.00211154
 0.0009114  0.00093855 0.00153859 0.00195915 0.00139849 0.00265781
 0.00183465 0.00533021 0.0018935  0.00104868 0.00233724 0.00181804
 0.00141707 0.00149769 0.00125249 0.00181829 0.00334512 0.00546938
 0.00383874 0.00171594 0.00176638 0.00126534 0.00111141 0.0019709
 0.00187626 0.00176711 0.00216906 0.00168741 0.00370602 0.00204148
 0.00233078 0.00133759 0.00088624 0.00079132 0.01090511 0.00134433
 0.00101866 0.00202407 0.00409662 0.00204034 0.00232641 0.00160809
 0.00111555 0.00122185 0.00155776 0.00113385 0.00116737 0.00183997
 0.00230544 0.00445098 0.00124755 0.00239751 0.00298741 0.00191466
 0.00222036 0.00117183 0.0011326  0.00210596 0.0019     0.00110487
 0.00104016 0.00157297 0.00187952 0.02792057 0.00341236 0.00208535
 0.00225874 0.00176181 0.00103226 0.00190662 0.00157935 0.00119711
 0.0032761  0.00193632 0.00184421 0.00202887 0.00185284 0.00201767
 0.00161796 0.00164883 0.00223083 0.00174907 0.00166618 0.00136013
 0.00124026 0.00163904 0.00524263 0.00230384 0.00199253 0.00232312
 0.0012437  0.00173228 0.00127157 0.00184949 0.00237562 0.00119608
 0.00429528 0.00077406 0.00184163 0.00094701 0.00144662 0.00111941
 0.00149466 0.00161342 0.00123341 0.00088496 0.00198232 0.00259931
 0.00223076 0.00287248 0.00082507 0.00265912 0.00107352 0.00159415
 0.00125362 0.00170696 0.0021881  0.00091245 0.0016406  0.00096749
 0.00193918 0.00201049 0.00187586 0.00209103 0.00259189 0.00136201
 0.00111255 0.00167063 0.00128901 0.00233492 0.00102281 0.00106119
 0.00136759 0.0012829  0.00111585 0.00198359 0.00173272 0.00152974
 0.00137918 0.0009589  0.00092667 0.002052   0.00123468 0.00169277
 0.00393523 0.0014271  0.00244005 0.00079012 0.00149599 0.00124934
 0.00249856 0.00108024 0.00119326 0.05013431 0.00167848 0.0013078
 0.00475592 0.00189885 0.00187237 0.00117806 0.00167978 0.00167076
 0.00179236 0.00179243 0.00353057 0.00868242 0.00133965 0.00141838
 0.00194558 0.00191976 0.00107925 0.00111862 0.00195068 0.00293015
 0.00210976 0.00123301 0.00209533 0.00119451 0.00181541 0.00187
 0.0018942  0.0018894  0.00176632 0.00212435 0.00115417 0.00113706
 0.0021652  0.00164812 0.00212356 0.00251274 0.00172809 0.00222614
 0.00175805 0.00202414 0.00112521 0.00131154 0.00390983 0.00126553
 0.00086561 0.00192845 0.00275817 0.00364734 0.00163381 0.00170498
 0.00119101 0.0059204  0.00163622 0.00477061 0.00102255 0.00186795
 0.00191197 0.00245144 0.00105948 0.00342647 0.00189441 0.00252185
 0.002098   0.0014316  0.00182586 0.00187703 0.00833169 0.00102887
 0.01038702 0.00335461 0.0024232  0.00103194 0.00108131 0.00131083
 0.00315044 0.00119353 0.00110747 0.0045878  0.0016036  0.00085708
 0.00123984 0.00172147 0.00132166 0.00144371 0.0018232  0.00102891
 0.00130409 0.00124033 0.00228524 0.00220575 0.00247344 0.0013898
 0.00191102 0.00187469 0.00199831]"
6,20241005,7.193636837135585,"[0.00338484 0.00096753 0.00122689 0.00142764 0.00156294 0.00098435
 0.00130232 0.00184596 0.00147379 0.00270578 0.00057054 0.00137174
 0.00071959 0.00175564 0.00651779 0.00154359 0.00141644 0.00124345
 0.00139582 0.0012114  0.00171573 0.00166079 0.00232826 0.00055488
 0.00234429 0.00124138 0.00193816 0.00121361 0.0007307  0.00084584
 0.00196971 0.00191994 0.00223056 0.00866814 0.00094004 0.00145114
 0.00191804 0.00133154 0.00160579 0.00206231 0.00208207 0.00138107
 0.00140215 0.00154041 0.00125828 0.00154614 0.00128419 0.00140533
 0.0018773  0.00161584 0.13088877 0.00172477 0.00134038 0.00254113
 0.00120814 0.01060973 0.00144906 0.00136277 0.00174133 0.00568413
 0.00125757 0.00181284 0.00193812 0.00123282 0.00194601 0.00198976
 0.00146815 0.00139963 0.00104151 0.0013756  0.00123637 0.00163336
 0.00204949 0.00133743 0.00126224 0.0038718  0.00079806 0.00103914
 0.00136216 0.0016777  0.00096453 0.00067354 0.00173456 0.01108983
 0.0012611  0.00165159 0.00151211 0.00159569 0.00225793 0.00198573
 0.00109541 0.00318704 0.00154584 0.00421121 0.00300016 0.00181255
 0.00142437 0.00236536 0.00399755 0.00146494 0.00144913 0.00253863
 0.00183134 0.00152776 0.0016453  0.00104909 0.00153947 0.00155261
 0.00384905 0.00453397 0.00114156 0.00194508 0.00126117 0.00209297
 0.00161498 0.00134692 0.00232235 0.00194129 0.00317715 0.00125727
 0.00052367 0.00147733 0.0014589  0.00885583 0.00367281 0.00057388
 0.0024886  0.00181099 0.00297894 0.00079028 0.00151345 0.00210012
 0.00078602 0.00796567 0.00280104 0.0016014  0.0016861  0.00150599
 0.02594815 0.00136664 0.00185195 0.00242432 0.00177701 0.00136381
 0.00058542 0.00123703 0.00125725 0.00228928 0.00182857 0.00435082
 0.00159524 0.00124011 0.00129242 0.01062003 0.00105746 0.00140772
 0.00187799 0.00136667 0.00142521 0.00125574 0.00179912 0.00135987
 0.0023158  0.0014991  0.00235897 0.00072    0.00132709 0.00141995
 0.0006654  0.00106678 0.00145777 0.00136213 0.00137048 0.00127689
 0.00137471 0.00146339 0.00158227 0.00268396 0.00136677 0.00167546
 0.00126812 0.00167703 0.00135977 0.00195643 0.00203575 0.01152929
 0.00600604 0.0020844  0.00145414 0.00139979 0.00138276 0.00172927
 0.0023846  0.00079048 0.00275437 0.00141529 0.00162659 0.00172788
 0.00166481 0.00142236 0.00058039 0.00081832 0.01365695 0.00229764
 0.00168552 0.00125366 0.00096742 0.00192461 0.00141642 0.00254445
 0.00221149 0.00125473 0.00127804 0.00136582 0.0014023  0.0022296
 0.00174056 0.00231309 0.00138032 0.00143749 0.00150779 0.00190896
 0.00132925 0.0013721  0.00053835 0.00250029 0.00178816 0.00163714
 0.00129041 0.00270233 0.00170902 0.0033346  0.00069369 0.00165602
 0.00178686 0.00277752 0.00139021 0.00188846 0.00262999 0.00146298
 0.00096987 0.0019731  0.00191753 0.00227352 0.00168212 0.00190915
 0.00119571 0.0006893  0.00208046 0.0032251  0.00060718 0.00091044
 0.00127042 0.00160212 0.00209906 0.00099865 0.00204003 0.00148754
 0.00135279 0.0059879  0.00124588 0.00187267 0.00287736 0.00140192
 0.00208651 0.00138657 0.00218931 0.00081346 0.00342057 0.00136027
 0.00138475 0.0021315  0.00141695 0.00157457 0.00229636 0.00177601
 0.00209673 0.00144654 0.00056179 0.00133847 0.00116033 0.00282851
 0.00136727 0.00090035 0.00145222 0.00184279 0.00146896 0.00063109
 0.00197944 0.00208397 0.00181001 0.00101322 0.00202479 0.0005299
 0.00138469 0.0007445  0.00054351 0.00206557 0.00058478 0.00132211
 0.00123336 0.00337965 0.00135243 0.00183064 0.00208306 0.00126531
 0.00140656 0.00158115 0.00158827 0.00133378 0.00135282 0.00215637
 0.00382559 0.00380145 0.00251017 0.00111339 0.00143457 0.0014363
 0.00173204 0.00150251 0.0045835  0.00113851 0.0008166  0.00057217
 0.00758636 0.00114289 0.00152647 0.00121848 0.00122011 0.0009596
 0.00232772 0.00123987 0.00087256 0.00560975 0.00124941 0.00270941
 0.00170416 0.00222188 0.00136576 0.00136012 0.00225282 0.00184508
 0.00152408 0.00136378 0.00140907 0.0013456  0.00167827 0.00209516
 0.00204744 0.00208805 0.00120108 0.00178256 0.0013688  0.00163434
 0.00150868 0.00090764 0.00168048 0.00156548 0.00094241 0.0019048
 0.00226267 0.00182774 0.00130939 0.00111594 0.01982337 0.00290003
 0.00076703 0.00161162 0.00097078 0.01365848 0.00119946 0.0019929
 0.00065469 0.00603268 0.00080935 0.00384786 0.00157791 0.00185155
 0.0017019  0.00168937 0.00178209 0.00131491 0.00150462 0.00161657
 0.00169549 0.00124087 0.00232388 0.00174769 0.00619095 0.00062452
 0.00249622 0.00108018 0.00188346 0.00134223 0.00140198 0.00124026
 0.00169796 0.00059665 0.00138283 0.0014388  0.00187382 0.00651174
 0.00138748 0.0022178  0.00124591 0.00129537 0.00222787 0.0013827
 0.00137178 0.00127902 0.00623951 0.00212056 0.0013234  0.00125661
 0.0016861  0.01237533 0.00291205]"
7,20241203,8.488566473386571,"[0.00411597 0.00116338 0.00144579 0.00135298 0.00092703 0.00222477
 0.00109309 0.00296799 0.00136166 0.00285246 0.00118636 0.00152407
 0.00215348 0.00191143 0.00204192 0.01074916 0.00122606 0.00153822
 0.00144611 0.00164944 0.00226342 0.00190732 0.00158579 0.00236323
 0.00224732 0.00155477 0.00190186 0.00156989 0.0013848  0.00127795
 0.00210194 0.00103857 0.00368979 0.001665   0.00081633 0.00238247
 0.0016067  0.00187036 0.00194012 0.00217927 0.00197361 0.00104474
 0.00173351 0.00204904 0.00153386 0.00164243 0.00129998 0.00144299
 0.00171109 0.00107895 0.02539443 0.00262448 0.00094463 0.00177867
 0.00186692 0.00351064 0.00242309 0.00284143 0.00177396 0.00623831
 0.00147256 0.00623844 0.00158628 0.00156575 0.00189873 0.00225827
 0.00109825 0.00146079 0.0010961  0.00134561 0.00152839 0.00693024
 0.00225172 0.0015463  0.00152526 0.00550059 0.00189086 0.00260794
 0.00153451 0.00114094 0.00103806 0.00162623 0.00175644 0.00189108
 0.00118715 0.00186403 0.00224287 0.00319338 0.0018586  0.00171327
 0.00159564 0.00271351 0.00318452 0.00306244 0.00150933 0.00253119
 0.00161187 0.00111403 0.00207439 0.00130033 0.00169134 0.00372532
 0.00094845 0.00379718 0.00176549 0.00141778 0.00204111 0.00171526
 0.00123838 0.00323903 0.00106759 0.00209488 0.0016245  0.00171394
 0.00202688 0.00181126 0.00184547 0.0021016  0.00143542 0.00154031
 0.00129408 0.0017913  0.00155166 0.00204823 0.00137041 0.00034165
 0.00154831 0.00251286 0.00182421 0.00066557 0.00448265 0.002316
 0.00185453 0.00081106 0.00166193 0.00109438 0.00336648 0.001581
 0.00231819 0.00127304 0.00185776 0.00186221 0.00112321 0.00112946
 0.0008971  0.00168092 0.00388331 0.00192513 0.00188488 0.00259981
 0.00324884 0.00156583 0.00160236 0.00159996 0.0010922  0.00106455
 0.00173379 0.00141836 0.00196978 0.00169037 0.00200018 0.00112368
 0.00203546 0.00150009 0.00188861 0.00171901 0.00135381 0.00189414
 0.00785422 0.00215827 0.0084364  0.00141916 0.00099804 0.00355279
 0.00164471 0.00675921 0.00172761 0.00371632 0.0021879  0.00165584
 0.00171488 0.00510485 0.00138797 0.00387473 0.0021618  0.00103509
 0.00185527 0.0019218  0.00198928 0.00144259 0.00091935 0.00190354
 0.00178596 0.00190098 0.00257633 0.00414225 0.00102508 0.00202327
 0.00163017 0.00167911 0.00153399 0.00113398 0.03603076 0.00554147
 0.00144261 0.00169019 0.00297359 0.00186589 0.00157669 0.00190162
 0.00146875 0.0015764  0.00156008 0.00152706 0.00133827 0.00165098
 0.00206892 0.00143325 0.00147057 0.00167635 0.002034   0.00191997
 0.00124847 0.00164726 0.00140475 0.00191946 0.00227355 0.00343295
 0.00105264 0.00237645 0.0024459  0.00161705 0.00032702 0.00188023
 0.00171683 0.0015577  0.00128246 0.00195152 0.00380155 0.00237513
 0.00129007 0.00203524 0.00184928 0.00199925 0.00189576 0.00210071
 0.00167736 0.0017232  0.00187217 0.00233789 0.00198848 0.00170726
 0.00187848 0.00285817 0.00165349 0.00161193 0.00194878 0.00214542
 0.00146352 0.11512672 0.00145327 0.00178363 0.00344123 0.00142029
 0.00174069 0.00217836 0.00181982 0.00174656 0.00175176 0.00130234
 0.00145646 0.00129113 0.00133387 0.00126624 0.00212281 0.00192134
 0.00507995 0.00138115 0.00134476 0.00299435 0.00139294 0.00398623
 0.00147004 0.0024052  0.00202371 0.00204779 0.00235045 0.00106981
 0.00231285 0.00185675 0.00188083 0.00116313 0.0023643  0.00178578
 0.00116375 0.00189749 0.00051749 0.00204783 0.00103811 0.00132003
 0.0017313  0.00249188 0.00128673 0.00188317 0.00190947 0.00159465
 0.00164714 0.0011808  0.00129584 0.00304662 0.00130115 0.00135925
 0.00162533 0.00150772 0.00155297 0.00189621 0.00273974 0.0015369
 0.00243651 0.00172911 0.00563875 0.0025839  0.00181358 0.00230261
 0.00138077 0.00128439 0.00154792 0.00157554 0.0020642  0.00112553
 0.00255802 0.00216564 0.00198936 0.00868594 0.00158973 0.00105869
 0.00183727 0.00221029 0.00127301 0.00112512 0.00221506 0.00153567
 0.00194545 0.00151355 0.00169212 0.00107201 0.00174153 0.00227686
 0.00198179 0.00192931 0.00332041 0.00194912 0.00159199 0.0013938
 0.00200312 0.00164597 0.00172941 0.00180415 0.00125084 0.00201179
 0.00183069 0.00187011 0.00141989 0.00206273 0.00231747 0.00183083
 0.00179258 0.00194211 0.00110488 0.004813   0.00164843 0.00162632
 0.00192328 0.00993019 0.00088217 0.0041116  0.00092688 0.00203266
 0.00180206 0.00188322 0.00179689 0.00102699 0.00189458 0.00159361
 0.00180261 0.00153186 0.00187478 0.00186733 0.00304754 0.0005001
 0.0018501  0.00105591 0.00186317 0.00126623 0.00111786 0.00161989
 0.00202551 0.00074664 0.00124513 0.00101719 0.0034979  0.001089
 0.00138893 0.00144265 0.00149389 0.00154122 0.00184764 0.00124104
 0.00136436 0.00129805 0.0012304  0.00200805 0.00107174 0.001523
 0.0018707  0.00157869 0.00122779]"
8,20241122,9.048181733898094,"[0.00114492 0.00118002 0.00144052 0.00171112 0.00113681 0.00413125
 0.00159637 0.00171302 0.00181514 0.00094413 0.00048936 0.00187172
 0.00171988 0.00173045 0.00477012 0.01581755 0.00165678 0.00153168
 0.0016753  0.00153061 0.00188323 0.00165131 0.00182636 0.00057556
 0.0013365  0.00153355 0.00090312 0.00148734 0.00142503 0.00081676
 0.00181718 0.00194614 0.00089668 0.00390693 0.00067347 0.00159101
 0.00218234 0.00237928 0.0020461  0.00178443 0.00189493 0.00204994
 0.00088843 0.00153731 0.00154474 0.00165943 0.00152933 0.00113338
 0.00183905 0.00194694 0.16031742 0.00100164 0.00148992 0.00142793
 0.00068812 0.00262687 0.00174768 0.00090982 0.00122974 0.02136624
 0.00154716 0.00133801 0.00122492 0.0015737  0.00180565 0.00254542
 0.00174401 0.00159128 0.00176861 0.00169388 0.00149753 0.00300877
 0.00181063 0.00161058 0.00163434 0.00096308 0.0018562  0.00039463
 0.00179839 0.00139388 0.00096386 0.00209593 0.00203538 0.00083266
 0.00109705 0.0016251  0.00102818 0.00701403 0.00079366 0.00170699
 0.00099134 0.00454162 0.00115293 0.0017602  0.00155143 0.00078641
 0.00184481 0.00130007 0.00159921 0.00223351 0.00215155 0.0017456
 0.0011868  0.00111187 0.00167999 0.0009649  0.00150841 0.00132843
 0.00202889 0.00148902 0.00108838 0.00263618 0.00149438 0.00164542
 0.00176255 0.00202642 0.00207119 0.00201163 0.00155817 0.00152766
 0.00141525 0.00183791 0.00181578 0.00080286 0.00196181 0.00168191
 0.00193448 0.00191064 0.0009768  0.00234496 0.0008868  0.00146851
 0.00117572 0.00093028 0.00390934 0.00153343 0.00093923 0.00285746
 0.02792237 0.00172701 0.00164624 0.00170719 0.0015709  0.0016785
 0.0004772  0.00143938 0.00159301 0.00105123 0.00216567 0.00319214
 0.00141298 0.00148487 0.00175338 0.00394329 0.00156464 0.00142567
 0.00215447 0.00182414 0.00185341 0.00153047 0.00174782 0.00171314
 0.00172377 0.00166969 0.00180224 0.0012328  0.00271553 0.00165697
 0.00047019 0.00169639 0.00521883 0.00135767 0.0014044  0.00086496
 0.00137854 0.00074414 0.00173863 0.00175498 0.00180611 0.00178228
 0.00084333 0.01233379 0.00166404 0.000892   0.00691897 0.00171393
 0.00157456 0.00172715 0.00177207 0.00177297 0.00189134 0.00161917
 0.00192099 0.00137884 0.00165437 0.00216684 0.0033137  0.00174566
 0.00185633 0.00178166 0.00047843 0.00178234 0.01555652 0.00244954
 0.00197519 0.00286886 0.0069962  0.00159689 0.00145354 0.00248354
 0.00109158 0.00150043 0.00147898 0.00169112 0.00169179 0.00187434
 0.00179658 0.00198203 0.00173294 0.00195493 0.00114432 0.00168658
 0.00111226 0.0017594  0.00108718 0.00195786 0.00187702 0.00091466
 0.00150315 0.00216779 0.0015731  0.00165958 0.00089907 0.00182194
 0.00167107 0.00130942 0.00177666 0.00180326 0.00082091 0.0016163
 0.00134754 0.00182463 0.00171367 0.00181611 0.00172178 0.00183426
 0.001486   0.00174585 0.0016978  0.00278919 0.00153208 0.00118013
 0.00146864 0.00198798 0.0017183  0.00129463 0.00178365 0.00155183
 0.00172275 0.00991204 0.00152302 0.00157242 0.00098874 0.00164607
 0.00214832 0.0015476  0.00177914 0.00105638 0.00126888 0.00166781
 0.00139124 0.00325141 0.00174097 0.0013755  0.00200182 0.0012342
 0.00153938 0.00112062 0.00175401 0.00125515 0.0011933  0.00338649
 0.00166256 0.00166519 0.00157935 0.00114808 0.00178038 0.00048403
 0.00155834 0.00183695 0.0019298  0.00129264 0.0015822  0.00086138
 0.00169628 0.00143537 0.00220649 0.00167106 0.00049392 0.00193306
 0.00161281 0.00290221 0.0017003  0.00161552 0.0016953  0.00141651
 0.00172596 0.00176765 0.00240288 0.00124104 0.00176266 0.0007042
 0.00140979 0.02446795 0.00101388 0.00080839 0.00266611 0.00182112
 0.00144927 0.00129025 0.00067469 0.0017716  0.00155509 0.00039139
 0.00337196 0.00178021 0.00182294 0.00156739 0.0008982  0.00142808
 0.00255929 0.00151562 0.00140136 0.00398387 0.00154213 0.00135169
 0.0017125  0.00185612 0.00172085 0.00170976 0.00149795 0.00201815
 0.00156984 0.00175807 0.00100748 0.00170623 0.00167171 0.00203364
 0.00174133 0.00172937 0.00183125 0.00172291 0.00182859 0.00163555
 0.00123883 0.0011414  0.00166906 0.00101055 0.00106243 0.00121736
 0.00182535 0.00165878 0.00162818 0.00168494 0.00792601 0.00232058
 0.00114676 0.00160388 0.00099828 0.00737834 0.00150227 0.00287083
 0.00115131 0.00728302 0.00199114 0.00199182 0.00129014 0.00173076
 0.00164025 0.00090403 0.00239833 0.0021175  0.00163729 0.0024161
 0.00170216 0.00154678 0.00193531 0.00176069 0.00162618 0.00067301
 0.00293694 0.00074736 0.00202679 0.00171227 0.00167535 0.00159025
 0.00181171 0.00058033 0.00157165 0.00147067 0.00209845 0.00187109
 0.00165732 0.00108215 0.00154615 0.0016465  0.00184208 0.00171987
 0.00170588 0.00158519 0.00086466 0.00197058 0.00112966 0.00150954
 0.00185047 0.00244194 0.00345648]"
9,20240929,8.340815254708335,"[0.00204598 0.00210218 0.00127033 0.00134428 0.00237231 0.00189839
 0.00152261 0.00172298 0.00147854 0.00287036 0.00106571 0.00160244
 0.00051528 0.00180566 0.00050134 0.0262758  0.00142708 0.00127329
 0.00144344 0.00134007 0.00236957 0.00182729 0.00254826 0.00077289
 0.0014616  0.00129253 0.00117486 0.00126116 0.00044853 0.00047572
 0.00174794 0.00288097 0.00285013 0.00164585 0.00043992 0.00090531
 0.00170767 0.00161879 0.00179662 0.00194677 0.00161488 0.00168591
 0.00127044 0.0017114  0.00128452 0.0016667  0.00137656 0.00281498
 0.00171976 0.00172344 0.01782538 0.00260277 0.00141852 0.00243972
 0.0016111  0.00630229 0.0017019  0.00322242 0.00262923 0.00705454
 0.00128601 0.00351552 0.00395766 0.00128757 0.00170095 0.00239159
 0.00147615 0.0014361  0.00224712 0.00142624 0.0013036  0.00241639
 0.00170573 0.00134936 0.00129371 0.00143015 0.00110892 0.00095721
 0.00166348 0.00210999 0.00079435 0.00069434 0.00169903 0.0010398
 0.00194675 0.00179242 0.00161872 0.09720203 0.00090209 0.00164231
 0.00164773 0.00346311 0.00362607 0.00201132 0.00186527 0.00079565
 0.00158651 0.00125811 0.00221525 0.00199077 0.00316271 0.00171587
 0.00284633 0.00205338 0.00166826 0.00195308 0.00157247 0.00142016
 0.00399468 0.00094227 0.00084459 0.00244736 0.00129915 0.00177368
 0.00171845 0.00148491 0.00163753 0.00191633 0.00378581 0.00129093
 0.00050423 0.00182554 0.0015663  0.00150249 0.00147038 0.00357862
 0.00176083 0.00080568 0.00181433 0.00062962 0.0014595  0.0009957
 0.00057484 0.00630842 0.00598251 0.00165791 0.00224191 0.00160183
 0.00749257 0.00145323 0.0016518  0.00472376 0.00162368 0.00144518
 0.00086955 0.00126162 0.00226746 0.00084081 0.00182798 0.01519952
 0.00335521 0.00127667 0.00227956 0.002942   0.00101859 0.00136269
 0.00176339 0.00157255 0.00170646 0.00126033 0.00180923 0.00149428
 0.00180982 0.00164715 0.0017589  0.00058956 0.00784784 0.00172193
 0.00080444 0.00067245 0.00193443 0.00156164 0.00228718 0.00140389
 0.0015427  0.00307068 0.00189216 0.00152301 0.00259014 0.00163393
 0.00294555 0.00129385 0.00136086 0.0015778  0.00229895 0.00396138
 0.00185405 0.00171605 0.00182164 0.00157364 0.00135983 0.001702
 0.00169562 0.00047972 0.00243074 0.00342731 0.00156989 0.00180618
 0.00164666 0.00161415 0.00064953 0.00069598 0.0102669  0.0169228
 0.00194619 0.00277026 0.00305537 0.00175727 0.00244046 0.00165705
 0.00043887 0.00130259 0.00132222 0.00143637 0.001396   0.00172519
 0.0019522  0.00372114 0.00142163 0.00346553 0.00254127 0.00181973
 0.0018396  0.00153978 0.00060639 0.0017119  0.0017694  0.00835752
 0.00234469 0.00238225 0.00253331 0.00147754 0.00134063 0.00188036
 0.00155651 0.00140175 0.00143835 0.00174415 0.00171664 0.00157449
 0.00251347 0.00184999 0.00174289 0.00175631 0.0016639  0.00165559
 0.00125646 0.00052741 0.00169733 0.00269005 0.00061575 0.00058532
 0.00133248 0.0022858  0.00180868 0.00055692 0.00168779 0.00156606
 0.00156571 0.01515417 0.00128902 0.00163844 0.00117605 0.00144797
 0.00186304 0.00045688 0.00161251 0.00043863 0.0034341  0.00144579
 0.00147501 0.00185035 0.00148147 0.00277673 0.00167885 0.00063994
 0.00168448 0.00273282 0.00046992 0.00307105 0.00107943 0.00148635
 0.00143771 0.00085401 0.00183961 0.0016762  0.0017779  0.00124506
 0.00213806 0.00172598 0.00164933 0.00155626 0.00251993 0.00074929
 0.00146234 0.00055538 0.00050484 0.00290855 0.00119445 0.00154315
 0.00126922 0.00441604 0.00152162 0.0017136  0.00168741 0.00135738
 0.00168688 0.00140118 0.00149445 0.00430453 0.00143722 0.00230912
 0.00173737 0.00517123 0.00330023 0.00045049 0.00203608 0.00153633
 0.00197924 0.00334344 0.00221574 0.00129151 0.00063232 0.00121096
 0.0043537  0.00579445 0.00174319 0.00134923 0.00604161 0.00169262
 0.00172087 0.0012623  0.00051555 0.0096179  0.00131477 0.00106771
 0.0016528  0.00166576 0.0014389  0.00145033 0.00180617 0.00507303
 0.00166965 0.00157993 0.0012847  0.00149286 0.00170024 0.00167667
 0.00156625 0.00181329 0.00181157 0.001624   0.00164249 0.00229252
 0.0009569  0.00053397 0.00168335 0.00099326 0.00179057 0.00337069
 0.00170483 0.00167675 0.00138837 0.00060605 0.00309178 0.00200923
 0.00125784 0.00167947 0.00157421 0.00563273 0.00126409 0.00441066
 0.00043173 0.00970136 0.00057546 0.02157223 0.00242891 0.00278892
 0.00167731 0.00209607 0.0017381  0.00221301 0.00167036 0.00413128
 0.00152908 0.0012699  0.00164598 0.00163451 0.00204736 0.001065
 0.0016075  0.00177846 0.00184317 0.00153592 0.00149361 0.00132091
 0.00202721 0.00057477 0.00144919 0.00229917 0.00181819 0.00048623
 0.00145599 0.00190526 0.00130245 0.00129182 0.00166343 0.00144063
 0.00146119 0.00139067 0.00116395 0.00167485 0.00175775 0.00127789
 0.00193214 0.00103311 0.00763937]"
10,20240914,7.257325720446621,"[0.00233259 0.00117747 0.00145174 0.00158287 0.00122243 0.00349314
 0.00166004 0.00290065 0.00166357 0.00118022 0.00125416 0.00168235
 0.00122015 0.00141861 0.00085285 0.00067845 0.00154867 0.00148425
 0.00167193 0.0014766  0.00138333 0.00128779 0.00259337 0.0009969
 0.00128794 0.00145515 0.0012834  0.00142725 0.00059402 0.00081092
 0.00163808 0.00106069 0.00306872 0.00276303 0.00202164 0.00061859
 0.00175362 0.00336201 0.00140753 0.00154741 0.00146968 0.00172399
 0.00115211 0.00136085 0.00144621 0.00132878 0.0014881  0.00393791
 0.00147819 0.00175011 0.07302143 0.00210648 0.00160879 0.00186375
 0.0011171  0.00296565 0.0018733  0.00210902 0.00132898 0.00154599
 0.001477   0.00157729 0.00129196 0.00146104 0.00149921 0.00148737
 0.00197256 0.00157977 0.00209876 0.00207018 0.00146418 0.00321642
 0.00133971 0.00153693 0.00146441 0.00787245 0.00068499 0.00067823
 0.00164878 0.0014608  0.00178023 0.00058584 0.00147674 0.00193039
 0.00133615 0.00140054 0.0030223  0.04782929 0.00111476 0.00146156
 0.0014391  0.00162414 0.0025101  0.00130757 0.00164167 0.00351196
 0.00176149 0.0071054  0.00082289 0.00154732 0.00330142 0.001383
 0.00122085 0.00141623 0.00132411 0.00131382 0.00189725 0.00078287
 0.00375069 0.00224171 0.00120972 0.00404849 0.00148385 0.00223467
 0.00136424 0.00120273 0.00928097 0.0016009  0.0017257  0.00145422
 0.000637   0.00169679 0.00162388 0.00182073 0.00305031 0.00085123
 0.00162397 0.00115391 0.00125368 0.00159857 0.007827   0.00140432
 0.00083401 0.00239612 0.00159362 0.00124119 0.00148829 0.00177993
 0.01505271 0.00164676 0.00141587 0.00171485 0.00157018 0.0019758
 0.00064414 0.00142474 0.00106672 0.00102754 0.00144439 0.01414842
 0.00307811 0.00147734 0.00138088 0.0014566  0.00112454 0.0012538
 0.00146284 0.00177139 0.00168872 0.00143405 0.00138473 0.0019442
 0.00152359 0.00176007 0.00137997 0.00059448 0.00132428 0.00127586
 0.00096174 0.00060374 0.00985309 0.00133673 0.00104201 0.00237628
 0.00338122 0.00295161 0.00222732 0.00136703 0.00407722 0.00183258
 0.00107301 0.00124909 0.00158573 0.00160763 0.00415749 0.00153699
 0.00366732 0.00134531 0.00127044 0.00172324 0.0013339  0.0013983
 0.00137797 0.00066269 0.00122412 0.00243918 0.00238098 0.00131077
 0.00172886 0.00180363 0.0010913  0.00066004 0.01557462 0.01742271
 0.00163579 0.00647131 0.00359761 0.00139562 0.00272831 0.00137104
 0.00104238 0.0014787  0.00150364 0.00162581 0.00184361 0.0013649
 0.00144575 0.00827073 0.0016539  0.0011618  0.00118456 0.00137622
 0.00140804 0.00171941 0.00061055 0.00157996 0.00131122 0.001142
 0.00120851 0.00140566 0.00143883 0.00132369 0.00068144 0.0015233
 0.00137797 0.00120146 0.00172571 0.00149414 0.00330049 0.00220061
 0.00219725 0.00143722 0.00176996 0.00187405 0.00137219 0.00154541
 0.0014256  0.00059878 0.00130604 0.00325779 0.00086401 0.00059584
 0.00157616 0.00167394 0.00165972 0.00077366 0.00141263 0.00126459
 0.00172162 0.0019021  0.00152341 0.0014625  0.00116911 0.00161382
 0.00110703 0.00074785 0.00141801 0.00081546 0.00186745 0.00160561
 0.00151072 0.00257698 0.00174494 0.00119021 0.00148753 0.00060693
 0.00335113 0.00161937 0.00064889 0.00260334 0.00133385 0.00105969
 0.00161575 0.00059627 0.00153152 0.00080835 0.0019901  0.00173648
 0.00151005 0.0014321  0.00142319 0.00178876 0.0011607  0.00060071
 0.0019114  0.00059841 0.00191754 0.00115379 0.00133769 0.00174794
 0.00145    0.00323627 0.00171222 0.00154952 0.00167636 0.00144721
 0.00175507 0.00200794 0.00364122 0.00137847 0.00170982 0.00269767
 0.001482   0.03954716 0.00164315 0.00103425 0.00190879 0.00160964
 0.00131779 0.00136192 0.00582325 0.00378679 0.00076198 0.00077898
 0.00181308 0.00144178 0.00131805 0.00145491 0.00113354 0.00168637
 0.00143041 0.00144758 0.00060079 0.0061024  0.00149623 0.00253637
 0.00140693 0.00159828 0.00176111 0.00210068 0.00201266 0.00184843
 0.00134898 0.00184804 0.00061577 0.00192329 0.00155173 0.00151616
 0.0012776  0.00146964 0.0013603  0.00137417 0.0016693  0.00199541
 0.00370257 0.00061074 0.00128911 0.00109749 0.00166388 0.00121386
 0.00139028 0.00149659 0.00153294 0.00093347 0.01282494 0.00151395
 0.00126918 0.00125641 0.00140849 0.02109    0.00141992 0.0012117
 0.00062211 0.0012428  0.00107411 0.03675068 0.00107982 0.00194389
 0.00132759 0.00090544 0.00081385 0.00153464 0.00135332 0.00132866
 0.00147039 0.00145667 0.00152381 0.00136375 0.00123973 0.00069036
 0.0020761  0.0030619  0.00154901 0.00196253 0.00198519 0.00147003
 0.00288112 0.00106826 0.00190645 0.00223562 0.00121485 0.00061012
 0.00155067 0.00196089 0.00153864 0.0014663  0.00154744 0.00164235
 0.001735   0.00147345 0.00140537 0.00136799 0.00192007 0.00145579
 0.00161094 0.00138813 0.00457582]"
11,20240925,7.680066254207715,"[0.00265514 0.00099673 0.00171639 0.00167753 0.00171347 0.00089012
 0.00149223 0.00196555 0.0014632  0.00308762 0.00274203 0.00120208
 0.00173649 0.00156437 0.00133166 0.00054391 0.001346   0.0017128
 0.00142067 0.00191487 0.00163148 0.00165647 0.00179286 0.00082981
 0.00292587 0.00172133 0.0008601  0.00196713 0.00179237 0.00121244
 0.0020271  0.0016048  0.00158285 0.00155559 0.00106535 0.00129163
 0.00161449 0.00170286 0.00161788 0.00179919 0.00176661 0.00171078
 0.00174087 0.00203391 0.00170445 0.0019836  0.00134663 0.00171607
 0.00184343 0.00132916 0.00539763 0.00127919 0.0015877  0.00157493
 0.00129678 0.00883839 0.00152919 0.00306761 0.00221812 0.00216039
 0.0016034  0.00123397 0.00095515 0.00183601 0.00190021 0.00152836
 0.00139592 0.0015106  0.00078845 0.00139954 0.00181766 0.00241641
 0.00179899 0.00163704 0.00158249 0.01119683 0.00164948 0.00257673
 0.00132778 0.00138547 0.00161431 0.00162916 0.00144513 0.00125968
 0.00171027 0.00202306 0.00083132 0.02239918 0.00119739 0.00168325
 0.00163989 0.00228623 0.00149807 0.00191266 0.00141292 0.01041909
 0.00128482 0.00197949 0.00159282 0.00167684 0.0026604  0.00173835
 0.00150213 0.00184746 0.00161857 0.00322984 0.00123675 0.00190218
 0.0020974  0.00174266 0.00176037 0.00136502 0.0015117  0.00144398
 0.00172452 0.00155512 0.00169812 0.00257682 0.00110063 0.00187459
 0.00135121 0.00119059 0.0014929  0.00090118 0.00473093 0.00052202
 0.00169194 0.00116973 0.00140194 0.00188496 0.00107655 0.00261875
 0.00175453 0.00166842 0.00178876 0.00084944 0.00151117 0.00141035
 0.00413057 0.00142146 0.0016869  0.00322129 0.00161702 0.00141781
 0.00130518 0.0019809  0.00174236 0.00214431 0.00195602 0.00301243
 0.00132625 0.00191759 0.00142084 0.00119962 0.00073823 0.00149732
 0.0017113  0.00118317 0.00126464 0.00202713 0.00180255 0.00146071
 0.00185069 0.00121675 0.00177084 0.00194026 0.00653354 0.00174572
 0.00062965 0.00275531 0.02148691 0.00172849 0.00181425 0.00380812
 0.00132392 0.00141881 0.00166018 0.00089902 0.0013709  0.00159038
 0.00117851 0.00499993 0.00159831 0.00383044 0.00176875 0.00134083
 0.00146932 0.00209941 0.00165869 0.00130415 0.00094535 0.00171123
 0.00167059 0.00285888 0.00552964 0.0034774  0.00138949 0.00179552
 0.00142611 0.00124523 0.00140792 0.00383515 0.03716231 0.00404964
 0.00096792 0.00199557 0.00278876 0.0016428  0.00221436 0.00243424
 0.00112286 0.00177686 0.00180052 0.00149911 0.00157659 0.00157082
 0.0015094  0.00151185 0.00137044 0.00187184 0.0024316  0.00187202
 0.0016017  0.00129958 0.00073819 0.00164478 0.00167045 0.00564717
 0.00156299 0.00314748 0.00270954 0.00122993 0.00197534 0.00184164
 0.00168538 0.00320635 0.00137997 0.00171946 0.00132601 0.00133428
 0.00132533 0.00186281 0.00172761 0.00193513 0.0016453  0.00187586
 0.00204954 0.0017519  0.00173444 0.00471024 0.00056023 0.00194176
 0.00182195 0.00266319 0.00162475 0.00248436 0.00193642 0.00161437
 0.00119227 0.04789623 0.0018559  0.00158341 0.00164329 0.00148235
 0.00331883 0.00414894 0.00174196 0.00235284 0.00114974 0.00132511
 0.00209059 0.00170532 0.00142329 0.00163818 0.00146412 0.00182505
 0.00407469 0.00175073 0.00584917 0.00154056 0.00074233 0.00195817
 0.00146992 0.00124752 0.00198397 0.00180671 0.00113254 0.00192575
 0.00269221 0.00177251 0.00175984 0.00236711 0.00269885 0.00085409
 0.00135549 0.00245326 0.00345339 0.00230512 0.00236982 0.00135365
 0.00162503 0.00157453 0.00136109 0.0016395  0.0017909  0.00172843
 0.00122578 0.00144497 0.00140951 0.00152001 0.00143595 0.00218187
 0.00143668 0.01112738 0.0010199  0.0006861  0.00139488 0.00138305
 0.00304818 0.00095728 0.00338261 0.00558199 0.00268078 0.0022388
 0.00205825 0.00131655 0.001672   0.00179812 0.00072372 0.00135004
 0.002626   0.00201492 0.00175234 0.0481531  0.00197845 0.00115658
 0.0016327  0.00191465 0.00152716 0.00143574 0.00163336 0.00283741
 0.00158326 0.00123739 0.00127569 0.00137417 0.00177267 0.00193726
 0.00163506 0.00185043 0.00216912 0.00186541 0.00138229 0.00195287
 0.00167775 0.00170349 0.00167312 0.00196439 0.00217482 0.00176486
 0.00166549 0.00177451 0.0015662  0.00171638 0.00214729 0.00166692
 0.00129758 0.00162897 0.00240963 0.01577972 0.00205725 0.00493485
 0.002126   0.00092494 0.0014931  0.00163619 0.00152084 0.00159376
 0.00175082 0.00139179 0.00197211 0.00178636 0.00170992 0.00276868
 0.00167956 0.00166491 0.0016616  0.00165234 0.01391943 0.00143291
 0.00604903 0.00130156 0.00173992 0.00145859 0.00158933 0.00173725
 0.00220358 0.00300568 0.00139559 0.0020192  0.0014042  0.00140541
 0.00139303 0.00169518 0.00173768 0.00179757 0.00167645 0.0014656
 0.00133748 0.00191324 0.00501682 0.00180621 0.00200732 0.00178706
 0.00172907 0.00207224 0.00150742]"
12,20241223,7.430884612864761,"[0.00144223 0.00078741 0.00148375 0.00153927 0.00183683 0.00141978
 0.00146405 0.00172096 0.00170146 0.00135666 0.00078346 0.00149484
 0.00090889 0.00178528 0.00122915 0.00382317 0.00139983 0.00149304
 0.00168163 0.00152635 0.00202316 0.00181846 0.00255597 0.00076337
 0.00141509 0.00149329 0.00109723 0.00150099 0.00088105 0.00071156
 0.00183803 0.00123102 0.00122028 0.00808185 0.00054195 0.00105082
 0.00186858 0.00127021 0.00195933 0.00201681 0.00177717 0.0012989
 0.00156751 0.00175097 0.00150352 0.00199737 0.0015448  0.00208696
 0.00202173 0.00148482 0.0203645  0.00173706 0.00157071 0.0012091
 0.00327422 0.00296506 0.00131388 0.00258784 0.00095396 0.00514544
 0.00147271 0.00422326 0.00122858 0.00167106 0.00195496 0.00184013
 0.0013728  0.00163748 0.00131834 0.00135643 0.001443   0.00807977
 0.00185845 0.00158629 0.00158799 0.00065132 0.00063302 0.00266802
 0.00145795 0.00117407 0.00101963 0.00072843 0.00174254 0.000894
 0.0013035  0.00177538 0.00116739 0.021713   0.00285624 0.00167405
 0.00115073 0.00186437 0.00227189 0.00189448 0.00134522 0.00150716
 0.00155969 0.00354736 0.00361487 0.00087996 0.00250865 0.00170916
 0.00123112 0.00491116 0.00176762 0.00223984 0.00151719 0.00051378
 0.00151393 0.0037635  0.0009835  0.00169887 0.00146361 0.00155901
 0.00173454 0.00125617 0.00172194 0.00174919 0.00128106 0.00145703
 0.00081354 0.00167198 0.00148433 0.00140495 0.00212213 0.04944095
 0.00177593 0.00272276 0.00244125 0.00051544 0.00335999 0.00208242
 0.00077728 0.00162788 0.0099068  0.00242042 0.00120145 0.00147708
 0.01045215 0.00141222 0.00171669 0.00318384 0.00120643 0.00134024
 0.00139313 0.00150839 0.00439811 0.00465662 0.00181046 0.00214271
 0.00211849 0.00150025 0.00126366 0.00308359 0.00075776 0.00233403
 0.00208247 0.00159357 0.00151192 0.00160631 0.00180554 0.0013449
 0.00194568 0.00158047 0.00185799 0.00094273 0.00389284 0.00186924
 0.00043706 0.00056459 0.00153575 0.00133596 0.0012699  0.00141369
 0.00202864 0.00102156 0.00184575 0.00157509 0.00147678 0.0017018
 0.00080411 0.00298296 0.00144146 0.00120694 0.0018782  0.00149875
 0.00217211 0.00177955 0.00181967 0.00138045 0.00142737 0.00180516
 0.00176617 0.00085644 0.0012534  0.00254336 0.00193286 0.00180399
 0.00207263 0.00156632 0.00081772 0.00115765 0.01944695 0.01243503
 0.00106173 0.00323713 0.00106936 0.001727   0.00223948 0.00174902
 0.00080397 0.00143941 0.00160596 0.00158499 0.00142944 0.00181234
 0.00220883 0.01510707 0.00163274 0.00093567 0.0012314  0.00180482
 0.00124262 0.00141883 0.00054659 0.00195437 0.00179837 0.00532584
 0.00121654 0.00314133 0.00097274 0.00241075 0.00135081 0.0019854
 0.00180115 0.00100181 0.00144255 0.00193798 0.00183592 0.00138679
 0.00110298 0.00183261 0.00172036 0.00179589 0.00176584 0.00187986
 0.00153515 0.00070442 0.00202223 0.00150747 0.00050247 0.00116262
 0.00163533 0.00161759 0.00262189 0.00098037 0.00179172 0.00186695
 0.00151604 0.01515197 0.00155129 0.00174558 0.00474104 0.00162779
 0.00085825 0.0011406  0.00171383 0.00077256 0.00226185 0.00155482
 0.00137721 0.00415526 0.00147259 0.00127048 0.00185785 0.00072388
 0.00162741 0.00135094 0.00083001 0.00284884 0.00143281 0.00510151
 0.00158399 0.00109274 0.00191355 0.00143854 0.00156501 0.00086683
 0.00166803 0.00175517 0.00172508 0.00213658 0.0010879  0.00093364
 0.0013422  0.00081233 0.00049545 0.00106311 0.0007721  0.0014258
 0.00149274 0.00204736 0.00151805 0.00177639 0.00178404 0.00156284
 0.00149436 0.00137228 0.0014071  0.00185057 0.00145786 0.00099147
 0.00162961 0.00272631 0.00101515 0.00092932 0.00149681 0.00146228
 0.00115545 0.00096815 0.00173248 0.00425497 0.00074774 0.00097262
 0.00518742 0.00127229 0.00179726 0.00152038 0.00118466 0.00114468
 0.00647683 0.00154816 0.00180566 0.00591618 0.00147708 0.00204554
 0.00174616 0.00178766 0.00149271 0.00140526 0.00194616 0.0011822
 0.00187595 0.00151783 0.00085992 0.00134608 0.00181633 0.00191329
 0.00181171 0.00199009 0.00231588 0.00181161 0.00149136 0.00151908
 0.00104374 0.00087737 0.00183549 0.00469803 0.001618   0.00098608
 0.00176974 0.00190498 0.00150447 0.00095441 0.00199799 0.00152528
 0.00059283 0.00178569 0.00192148 0.09761029 0.00151795 0.00196431
 0.0006198  0.00258117 0.00105369 0.00662412 0.00131921 0.00171147
 0.00173024 0.00134293 0.00135614 0.00154537 0.00177476 0.00433092
 0.00196792 0.00149468 0.00172034 0.00183839 0.00174037 0.00065167
 0.00153266 0.0015643  0.00183758 0.00147337 0.00132307 0.00155526
 0.00094225 0.00077769 0.00136213 0.00157076 0.00497883 0.00101956
 0.00158308 0.00129716 0.00156626 0.0014291  0.00176576 0.00140562
 0.00147827 0.00155825 0.00246402 0.00181885 0.00130942 0.00151008
 0.00184307 0.00594344 0.01237463]"
13,20240918,8.18408830690528,"[0.0037503  0.00092717 0.00175936 0.00171927 0.00170062 0.00202198
 0.0019153  0.00133383 0.00159404 0.00177196 0.0025065  0.00163343
 0.00147635 0.00147101 0.00291638 0.00233933 0.00162513 0.00179955
 0.00187294 0.00166948 0.00156335 0.00150661 0.00182235 0.00189098
 0.00125428 0.00195526 0.00136667 0.00178045 0.00131186 0.00081924
 0.00181819 0.00161693 0.00180497 0.01479938 0.00133789 0.00125784
 0.00174017 0.00148387 0.00806797 0.0017198  0.00150567 0.00141835
 0.00151869 0.00159693 0.00174967 0.00144908 0.00177592 0.00361838
 0.00153152 0.00191491 0.01002377 0.0013898  0.00226289 0.00197095
 0.00164143 0.00868156 0.00151431 0.00091699 0.00199953 0.00222856
 0.00191475 0.00630033 0.00220721 0.00167525 0.00169256 0.00185606
 0.00159484 0.00178781 0.00096448 0.00169917 0.00181317 0.00511833
 0.00154106 0.00197222 0.0017219  0.0011929  0.00114397 0.00099078
 0.00166139 0.00133054 0.00485183 0.00100614 0.00201246 0.00112404
 0.00153074 0.00160618 0.00109894 0.01733036 0.00187884 0.00146444
 0.00133142 0.0015306  0.00151092 0.00149064 0.0014559  0.00339573
 0.00164429 0.0011048  0.00115532 0.00180147 0.00176796 0.00153894
 0.00164844 0.00164569 0.00204186 0.00152639 0.00216975 0.00701568
 0.00304723 0.0026933  0.00108756 0.00148082 0.00175607 0.00129054
 0.00158356 0.0014502  0.00147428 0.00192866 0.00159635 0.0017897
 0.00098263 0.00160858 0.00172571 0.00095614 0.00334166 0.00140896
 0.00146829 0.00109083 0.00121716 0.00165552 0.00154398 0.00254991
 0.00136685 0.00396327 0.1097222  0.00175151 0.00165108 0.00174661
 0.00348501 0.0018925  0.00157531 0.00211935 0.00132546 0.00167642
 0.00135296 0.00168394 0.00296643 0.00160958 0.0015616  0.00401495
 0.00171831 0.00169602 0.00154007 0.00098667 0.00109482 0.00096498
 0.00151747 0.00168166 0.00190572 0.0018343  0.001625   0.00169073
 0.00175119 0.00195091 0.00162137 0.00145833 0.00103316 0.00153189
 0.0012136  0.00078595 0.0098185  0.00128979 0.00164068 0.00173348
 0.00162585 0.00090587 0.00305452 0.00094511 0.00141988 0.00133804
 0.00105612 0.00140614 0.00173858 0.00092452 0.00164215 0.00349929
 0.00188203 0.00171323 0.00175134 0.00160452 0.00110956 0.0014954
 0.00157501 0.00133052 0.00308061 0.00187453 0.00235312 0.00161423
 0.00166615 0.0017979  0.00373548 0.00153254 0.00954079 0.00186324
 0.00085182 0.001083   0.00471666 0.00158597 0.00274674 0.00410871
 0.00147124 0.00176844 0.00171197 0.00177034 0.001887   0.00134681
 0.00156904 0.00146272 0.00191956 0.00213897 0.0028282  0.00156888
 0.00157362 0.00175227 0.00082202 0.00159663 0.0015806  0.00313914
 0.00264119 0.00164672 0.00338633 0.00132241 0.0019418  0.00161149
 0.00151098 0.00751673 0.00167189 0.00158456 0.0017375  0.00196314
 0.00161415 0.00155292 0.00164589 0.00168252 0.0014984  0.00162911
 0.00176406 0.00174107 0.00156693 0.00122306 0.00126083 0.00134479
 0.00183715 0.001473   0.00179906 0.00148034 0.0016328  0.0014713
 0.00167081 0.0235941  0.00170896 0.00150958 0.0033729  0.0018513
 0.00238983 0.0015061  0.00146444 0.0012875  0.0026382  0.0023232
 0.00141892 0.00172675 0.0015645  0.00175928 0.00160591 0.00125134
 0.00505307 0.00188585 0.00114154 0.00139195 0.00108685 0.00115027
 0.00186935 0.00110086 0.00154428 0.00125305 0.00158377 0.00217543
 0.00203545 0.00174173 0.00161954 0.0020595  0.00196017 0.00123622
 0.00172032 0.00147743 0.00168162 0.00202481 0.00240264 0.00173079
 0.00180546 0.00181582 0.00169833 0.0016152  0.00162501 0.00182812
 0.0017298  0.0017272  0.003087   0.00162736 0.00166211 0.00078218
 0.00126283 0.00193325 0.00112705 0.00087154 0.00188014 0.00165134
 0.00255481 0.00146377 0.00195936 0.00466967 0.00105247 0.00176771
 0.00215702 0.00133503 0.00158641 0.00171857 0.00244197 0.00198001
 0.01059543 0.00169016 0.00079616 0.01083718 0.00152579 0.00292512
 0.00149913 0.00159379 0.0017212  0.00169332 0.00165976 0.00213702
 0.00162058 0.00174295 0.00158225 0.00169266 0.0016132  0.00169741
 0.0015716  0.00156984 0.0009729  0.00160872 0.00177017 0.00207534
 0.00078198 0.00170543 0.001398   0.00319434 0.00130557 0.0026451
 0.00152471 0.0017634  0.00172642 0.00125631 0.00447424 0.00156088
 0.00095278 0.00148849 0.00195364 0.00127895 0.00171603 0.00152056
 0.00132801 0.00208774 0.00147175 0.00241501 0.00175258 0.00155683
 0.00156587 0.00075752 0.00128593 0.00157885 0.00152873 0.00192618
 0.00191243 0.00175109 0.00149958 0.00156983 0.00106264 0.00376459
 0.00087697 0.00103548 0.001673   0.0017289  0.00169869 0.00185937
 0.0024676  0.00111087 0.00169827 0.00260126 0.00143267 0.00092852
 0.00174803 0.00155443 0.00182847 0.00186059 0.00146894 0.00180274
 0.00185687 0.00181072 0.00499393 0.00151469 0.00120989 0.00175105
 0.00198267 0.00148444 0.03638514]"
14,20240923,7.4644725034952115,"[0.00158225 0.00441595 0.0015287  0.00137845 0.00199835 0.00118087
 0.00151744 0.00137337 0.0012735  0.00239463 0.00058774 0.00137007
 0.00224487 0.00157847 0.00099516 0.00344133 0.00133066 0.00136855
 0.0013501  0.00143246 0.0021251  0.00166415 0.00170231 0.0007518
 0.00162687 0.00146966 0.00118771 0.00167849 0.00399466 0.00176136
 0.00148658 0.00111347 0.00182123 0.00446669 0.00141246 0.00213266
 0.00379288 0.00130578 0.00201396 0.00185825 0.00173412 0.00148704
 0.0013395  0.00183979 0.00146094 0.00167372 0.00126657 0.00218889
 0.00212216 0.00116876 0.07446772 0.00173001 0.00114159 0.00124942
 0.0021382  0.02315963 0.00135761 0.0016614  0.00126664 0.02038191
 0.00162039 0.0016295  0.0013377  0.00148383 0.00162682 0.00193411
 0.00134777 0.00130916 0.00307672 0.00129284 0.00143878 0.00755832
 0.00190468 0.00130308 0.0015996  0.00138162 0.00255199 0.00121859
 0.0013322  0.00147697 0.00276284 0.00225879 0.00153716 0.00214702
 0.00179146 0.00181544 0.00145488 0.00170579 0.00125124 0.00155683
 0.00215749 0.01046232 0.0015955  0.00189006 0.00131261 0.0015072
 0.00135216 0.00186712 0.00139663 0.0023152  0.0013845  0.00158323
 0.00120037 0.00139368 0.00168461 0.00263591 0.0019045  0.00350438
 0.0019108  0.00261606 0.00335119 0.00128429 0.00136227 0.00184802
 0.00166361 0.00124868 0.00177941 0.00154797 0.00129102 0.00146092
 0.01267555 0.00133499 0.00134568 0.00118518 0.00353936 0.00123696
 0.00241459 0.00378413 0.00124983 0.00152651 0.00171763 0.00099531
 0.00248902 0.00054167 0.00164564 0.00148763 0.00113693 0.00131628
 0.00125869 0.00131152 0.00158681 0.00311668 0.00188129 0.00131468
 0.00125926 0.00173329 0.00445116 0.00102902 0.00318228 0.01423719
 0.00162507 0.00151695 0.001326   0.00267325 0.00396414 0.00579356
 0.00175941 0.00133325 0.00137346 0.00172208 0.0017128  0.00134027
 0.00173574 0.0013275  0.00184081 0.00274555 0.00202338 0.00173314
 0.00282354 0.00654262 0.00146632 0.00162575 0.00164362 0.00232341
 0.00139852 0.00170036 0.00163307 0.00116557 0.0013252  0.0017307
 0.00192758 0.0032378  0.00141649 0.00121148 0.00775428 0.00249749
 0.00124631 0.00159177 0.00200204 0.00135236 0.00336589 0.00170733
 0.00174585 0.00308951 0.00240262 0.00111902 0.00129092 0.00189659
 0.00140345 0.00135395 0.00056964 0.00259668 0.00464508 0.00144268
 0.00213981 0.0012599  0.00270606 0.00165953 0.00133296 0.00202099
 0.00130905 0.00143738 0.00133938 0.00141469 0.00133978 0.00142804
 0.00213645 0.0059998  0.0013561  0.00226933 0.00113728 0.00202506
 0.00155856 0.00133462 0.00172525 0.00237522 0.00164927 0.00084847
 0.00114264 0.00166149 0.00108184 0.0042368  0.00156485 0.00182655
 0.00167271 0.00370424 0.00131983 0.00149162 0.00140615 0.001419
 0.00183846 0.00201055 0.00161317 0.00247834 0.001529   0.00165468
 0.00172107 0.00260944 0.00158356 0.00298843 0.00290617 0.00258326
 0.00133643 0.00311585 0.00204056 0.0030832  0.00189099 0.00163412
 0.00133614 0.00299329 0.00154085 0.00165715 0.00819354 0.00132804
 0.00123802 0.00520891 0.00181059 0.00342186 0.01012625 0.0012682
 0.00199492 0.00360211 0.00121239 0.00130356 0.00176575 0.00287067
 0.00163889 0.00195394 0.00251382 0.00137868 0.00129788 0.00132544
 0.00135161 0.00212114 0.00173153 0.00137688 0.00130859 0.00057966
 0.00135584 0.00166063 0.00192037 0.00139623 0.00105831 0.00180653
 0.00133899 0.0030881  0.00111074 0.0011418  0.00057216 0.00137246
 0.00137083 0.00170884 0.00129863 0.00165234 0.00142659 0.00133743
 0.00135349 0.00132319 0.00131059 0.00139967 0.00132696 0.0013343
 0.0018552  0.03050635 0.00178036 0.00194534 0.00159752 0.0013253
 0.00116659 0.00244282 0.0063987  0.00268014 0.00241348 0.00089605
 0.0037878  0.00150163 0.00159761 0.00132775 0.00140386 0.00125806
 0.00251807 0.0015245  0.00100572 0.02157818 0.00155511 0.00446976
 0.00152279 0.00178781 0.00131702 0.001393   0.00219847 0.00228143
 0.00162214 0.00132852 0.0011446  0.00136003 0.00165312 0.00147768
 0.00166524 0.00183267 0.00112432 0.00165136 0.00139078 0.00135177
 0.00194979 0.00255413 0.00165414 0.00116157 0.00302282 0.00144357
 0.00165974 0.00174408 0.00132135 0.00295674 0.00124204 0.00205957
 0.00290199 0.00169872 0.00159782 0.00888816 0.00173015 0.00322457
 0.00358661 0.00784307 0.00191974 0.00247132 0.00145332 0.00167597
 0.00158446 0.00226513 0.00165227 0.0019578  0.00166779 0.00200501
 0.00151084 0.00141343 0.00178908 0.00155507 0.00119039 0.00142622
 0.0021294  0.00517859 0.00218754 0.00130684 0.00134754 0.00146904
 0.00209951 0.00241504 0.00134621 0.00189135 0.00197664 0.0018013
 0.00135118 0.00202405 0.00159402 0.00140527 0.0017204  0.00136783
 0.00128042 0.00135727 0.00194106 0.00179645 0.00161548 0.0014665
 0.00176718 0.00173366 0.00141076]"
15,20241019,6.697819993195234,"[0.00161439 0.00213375 0.00103968 0.00109428 0.0023004  0.0075069
 0.00128805 0.0015952  0.00116985 0.00140844 0.00127044 0.00108567
 0.00113809 0.00180646 0.0009591  0.00146429 0.00106323 0.00104001
 0.00109306 0.00115213 0.00167221 0.00156489 0.00278029 0.00103394
 0.00240033 0.0010503  0.00206247 0.00104602 0.00097148 0.00107846
 0.00153279 0.00158785 0.00152007 0.00174562 0.00087811 0.00093857
 0.00227271 0.0012669  0.00158815 0.00169567 0.00161132 0.00080033
 0.00279153 0.00155728 0.00104552 0.00191152 0.00103477 0.00095473
 0.00154039 0.0013939  0.02403402 0.00079168 0.00213162 0.0015692
 0.00410037 0.00385257 0.00108031 0.00112185 0.00114628 0.00794425
 0.0010421  0.00070228 0.00108602 0.00120298 0.00163336 0.00151784
 0.00111421 0.00108091 0.00176763 0.00102513 0.00109174 0.01667362
 0.00197391 0.00107302 0.00105971 0.00178985 0.00125885 0.00116976
 0.00114791 0.00102358 0.00145577 0.00093164 0.00203489 0.00134837
 0.00141693 0.001584   0.00371463 0.03204709 0.00109917 0.00167899
 0.001437   0.00435196 0.00087198 0.00192662 0.00119621 0.00316789
 0.00103674 0.00265187 0.00225958 0.00094578 0.00311901 0.00161789
 0.00167303 0.00079362 0.00216028 0.00117699 0.00176675 0.00108944
 0.00201177 0.00237679 0.00233316 0.00311163 0.0010422  0.00237652
 0.00154309 0.00114261 0.00164261 0.00152783 0.0009987  0.00104704
 0.00138525 0.00111576 0.00108422 0.00561493 0.00339463 0.00095456
 0.00178768 0.00219028 0.00288711 0.00085283 0.00294077 0.00181935
 0.00097948 0.00368296 0.00375715 0.00221954 0.00075508 0.00111881
 0.00234172 0.00104306 0.0016258  0.00353784 0.00151464 0.0010012
 0.0010138  0.00105563 0.00219765 0.00116583 0.00169112 0.00387892
 0.00155428 0.00104833 0.00211311 0.00404024 0.00132317 0.00147111
 0.00198408 0.00112841 0.00105448 0.00112008 0.00154347 0.00105287
 0.00169259 0.00108949 0.00162178 0.001085   0.00123297 0.00164135
 0.00108022 0.00119133 0.00121426 0.00176086 0.0014666  0.00091462
 0.00111361 0.00154566 0.00159116 0.00194213 0.00130446 0.0021704
 0.0013312  0.00691333 0.00106553 0.00074175 0.00168256 0.00140347
 0.00267366 0.00160686 0.00175107 0.00123948 0.00214419 0.00158842
 0.0017093  0.00202708 0.00106976 0.00194408 0.0024479  0.00161362
 0.00246795 0.00109251 0.00097814 0.0013363  0.06759142 0.0032691
 0.00271302 0.00446325 0.00367312 0.00164802 0.00162199 0.00183883
 0.00090684 0.00105421 0.00105352 0.00106244 0.00105087 0.00158993
 0.0022395  0.00508491 0.00107382 0.00111945 0.00098933 0.00157903
 0.00105622 0.00105133 0.00349026 0.00157769 0.00160733 0.00190128
 0.00256454 0.00156642 0.00190642 0.00108523 0.00182538 0.00166175
 0.00163275 0.001671   0.00104068 0.00179899 0.0008757  0.00097671
 0.00194394 0.00173261 0.0016392  0.00179832 0.00166123 0.00165983
 0.00105898 0.00114991 0.00160892 0.00663962 0.00124323 0.00108249
 0.00105107 0.00175841 0.00236146 0.00105347 0.00157471 0.00155497
 0.00105989 0.00596654 0.00107788 0.00160422 0.00072511 0.00105362
 0.00212836 0.00102252 0.00182212 0.00131423 0.0041327  0.00106265
 0.00101567 0.00775368 0.00136568 0.00130185 0.00171414 0.0011175
 0.01298346 0.00110538 0.00094919 0.00208758 0.00163669 0.00076615
 0.00106755 0.00090972 0.00178658 0.0025584  0.00108577 0.00146998
 0.00849552 0.0016511  0.00163888 0.00100214 0.00193341 0.0009277
 0.00102792 0.00141214 0.00105184 0.00133817 0.00128514 0.00105124
 0.00104141 0.00336486 0.00104594 0.001692   0.0015946  0.00105246
 0.00103176 0.00125697 0.001375   0.00129708 0.00104042 0.0017949
 0.00221102 0.00608231 0.00368805 0.00143993 0.00160293 0.00105964
 0.00110248 0.00098853 0.00215622 0.00316906 0.00119427 0.00100481
 0.00201135 0.0014552  0.00172493 0.00104936 0.00239613 0.00088035
 0.00253109 0.00115699 0.00146833 0.03183108 0.00104787 0.00428676
 0.00161964 0.00213706 0.00103392 0.00104267 0.00249323 0.00231416
 0.0016375  0.00105091 0.00100895 0.00101714 0.00182058 0.00175508
 0.00167809 0.00167979 0.0011897  0.00159083 0.00106698 0.00174951
 0.00151395 0.00090713 0.00172288 0.00100414 0.00088027 0.00110267
 0.00186416 0.00183232 0.00107801 0.00113034 0.00521912 0.00233555
 0.00149542 0.00158967 0.00112761 0.05645694 0.00111878 0.00604998
 0.00209912 0.00603837 0.00131525 0.02727195 0.0013483  0.00202938
 0.00162933 0.00213589 0.00237259 0.00162364 0.00181478 0.00138536
 0.00162816 0.00105338 0.00176996 0.00162551 0.0020779  0.00139018
 0.00247687 0.00219507 0.00179736 0.00108219 0.00105015 0.00104099
 0.00183916 0.00084033 0.0010287  0.00342057 0.00104162 0.00106061
 0.00107422 0.00142746 0.00104534 0.00106706 0.00171342 0.00107225
 0.00115727 0.00108844 0.00932838 0.00205273 0.00104285 0.00102918
 0.00178196 0.00386335 0.009394  ]"
16,20241117,10.378056493253464,"[0.00201941 0.00135238 0.00193235 0.00194418 0.00163228 0.00202524
 0.0019032  0.00124168 0.00194137 0.00120948 0.00097859 0.00186661
 0.00051921 0.00099867 0.00217426 0.00070776 0.00192459 0.00191072
 0.00192615 0.00192052 0.00104516 0.00103756 0.00162252 0.00069319
 0.00231967 0.00190768 0.00256054 0.00186422 0.00045031 0.0004688
 0.00106212 0.00142221 0.00137432 0.0025448  0.00047768 0.00064458
 0.00119698 0.00153138 0.00099731 0.00109456 0.0009985  0.00141271
 0.00258424 0.00100648 0.00192725 0.00105442 0.00194999 0.00245481
 0.00101181 0.00144721 0.05859993 0.00069252 0.00190479 0.00283439
 0.0057958  0.00323615 0.00186048 0.00058179 0.00098618 0.01255048
 0.00190877 0.00196222 0.00114765 0.00190429 0.00099174 0.00098861
 0.00165628 0.00193018 0.0013179  0.00177841 0.00190876 0.00269749
 0.00115342 0.00193792 0.001918   0.0005284  0.00046486 0.00041963
 0.00186002 0.00127934 0.00147637 0.00057972 0.00102902 0.00211692
 0.00135997 0.00100153 0.00108299 0.02628054 0.00068685 0.00105139
 0.00141289 0.00222628 0.00079418 0.00100165 0.00134    0.00086123
 0.00186311 0.00112233 0.00246097 0.00198048 0.00207331 0.00101242
 0.00161116 0.00056729 0.0011961  0.00161192 0.0019218  0.00059631
 0.0016383  0.00150738 0.00318909 0.00097545 0.0019218  0.00114369
 0.00109492 0.00227594 0.00102129 0.00098158 0.00116517 0.00190785
 0.00042328 0.0018364  0.00188613 0.00227859 0.00213879 0.00071848
 0.00102075 0.00058085 0.00252164 0.00053683 0.0014541  0.00058412
 0.00051865 0.00064019 0.00245937 0.00185224 0.00069734 0.00186452
 0.00738587 0.00193647 0.00106846 0.00251358 0.00130396 0.00180729
 0.00076987 0.00187453 0.00058364 0.00080067 0.00101399 0.00562847
 0.00056739 0.00191538 0.00239279 0.00241773 0.00170397 0.00154006
 0.00208283 0.00185937 0.00194901 0.00187765 0.00103262 0.00186124
 0.00101593 0.00184508 0.00100408 0.0004252  0.00198487 0.00103665
 0.00075396 0.00050939 0.00245905 0.00135847 0.00150792 0.00061501
 0.00073091 0.00335126 0.00106148 0.00469172 0.00183748 0.00101426
 0.00123597 0.0016649  0.00193688 0.00056963 0.00115243 0.01635088
 0.00137279 0.00100169 0.00100888 0.00182745 0.00696261 0.00098283
 0.00098967 0.00076772 0.00089165 0.00119977 0.00169994 0.00102142
 0.00098016 0.00184312 0.00061063 0.00338233 0.1961029  0.01902988
 0.00265879 0.00353047 0.00400211 0.0011438  0.00134962 0.00139818
 0.00045476 0.00191665 0.00190755 0.00193006 0.00202179 0.00100446
 0.00101022 0.00393159 0.00193371 0.0008302  0.0009727  0.00100047
 0.00123043 0.00186232 0.00050181 0.00114277 0.00100734 0.00195878
 0.0028776  0.00119042 0.00088743 0.00320906 0.00067484 0.00101079
 0.00190843 0.00236736 0.00191298 0.00099864 0.00053576 0.00169472
 0.00132596 0.00101626 0.00101769 0.00100002 0.00103613 0.00102564
 0.00187193 0.0004962  0.00101912 0.00110523 0.00045593 0.00043682
 0.0019342  0.00121204 0.00121348 0.00046071 0.00099586 0.00101309
 0.0018549  0.00889375 0.00191486 0.00108738 0.002877   0.00192761
 0.00082232 0.00074117 0.0010349  0.00075603 0.0059279  0.00194933
 0.00196414 0.00409459 0.00148658 0.00153142 0.00098796 0.00045192
 0.00226861 0.00260154 0.00045742 0.00100397 0.00129664 0.00058497
 0.00192586 0.00042959 0.00109187 0.00242566 0.00185981 0.00071751
 0.00232844 0.00102969 0.00102847 0.00123491 0.00090611 0.00063746
 0.00186068 0.00043427 0.00053969 0.00089182 0.00125625 0.0019041
 0.00191668 0.00229474 0.00189208 0.00098991 0.00102261 0.0019038
 0.00183335 0.00179221 0.00193526 0.00066745 0.00190474 0.00277894
 0.00122494 0.0183521  0.00234772 0.00042914 0.00208306 0.00187084
 0.00097078 0.00116322 0.00262062 0.00153424 0.0005605  0.00207551
 0.00146178 0.00138485 0.00106464 0.00191104 0.00118616 0.00141044
 0.00331768 0.00196523 0.00042987 0.00469287 0.00196671 0.00154151
 0.00106463 0.00101069 0.0018963  0.00192523 0.00100409 0.00139095
 0.00098879 0.00187582 0.00063242 0.00186408 0.00099966 0.00100068
 0.00098075 0.00101859 0.00054706 0.00103654 0.00186672 0.00178385
 0.00159126 0.00050184 0.00110463 0.00064354 0.00142424 0.00111812
 0.00099774 0.00104033 0.00193702 0.00044982 0.0031803  0.00385391
 0.00059054 0.00101232 0.00142469 0.00390154 0.00187186 0.00726526
 0.0006362  0.0014604  0.00051938 0.00601704 0.00196642 0.00150532
 0.00100759 0.00240771 0.00233872 0.00136151 0.00104396 0.0011587
 0.00121044 0.00191359 0.0009904  0.00107308 0.00339593 0.00320588
 0.00281869 0.00173457 0.00102313 0.00194605 0.0019635  0.00191803
 0.00086864 0.00044929 0.00193551 0.0017012  0.0030885  0.00051074
 0.00192914 0.0012785  0.00191639 0.00191596 0.00104143 0.00192134
 0.00209791 0.00192542 0.00227369 0.00104322 0.00128778 0.00191019
 0.00101307 0.00060474 0.00183682]"
17,20240911,7.110818049246314,"[0.00377528 0.00325903 0.00139866 0.00118083 0.00102749 0.00084865
 0.00123735 0.0023697  0.00150777 0.00424257 0.00260088 0.00148297
 0.00246623 0.00223774 0.00275571 0.02013451 0.00128073 0.00133945
 0.0015167  0.00124931 0.00182554 0.00187907 0.00199406 0.00661822
 0.00088068 0.00133227 0.00288353 0.00148045 0.00123898 0.00169084
 0.00319158 0.0008698  0.00231751 0.00138874 0.00145269 0.00172487
 0.00429083 0.00152016 0.00256102 0.00232762 0.0021212  0.00078801
 0.0010569  0.00207504 0.00137588 0.00277819 0.00135083 0.00279464
 0.00207069 0.00147579 0.01322339 0.00199178 0.00139383 0.00087266
 0.00119794 0.00412096 0.00137266 0.00198731 0.00131915 0.00141117
 0.00128943 0.00758002 0.00117528 0.00134651 0.00203605 0.00202772
 0.00098846 0.00142633 0.00173561 0.0010832  0.00140153 0.00164898
 0.00202025 0.00144122 0.00136556 0.00059992 0.00166035 0.00072178
 0.00157814 0.00146284 0.00269711 0.00101524 0.00171265 0.00158034
 0.00127855 0.0017078  0.00181099 0.00978521 0.00269882 0.00173439
 0.00104751 0.00151345 0.00235309 0.00174649 0.00146648 0.00453549
 0.00149569 0.00351308 0.00116373 0.00079582 0.00668147 0.0043946
 0.00107744 0.00225781 0.00181432 0.00141243 0.00120666 0.00229948
 0.00115161 0.00131649 0.00193398 0.00383448 0.00126351 0.00423845
 0.00192565 0.00151253 0.00217452 0.0025575  0.00103733 0.00140681
 0.00094787 0.00125282 0.00148171 0.00229899 0.00389278 0.00081135
 0.002109   0.00616594 0.00158974 0.00054344 0.00357076 0.00253531
 0.0016705  0.00070405 0.00558944 0.00342836 0.00322411 0.00108314
 0.00135299 0.00130355 0.00183339 0.00246602 0.00398635 0.00116722
 0.0018692  0.00135381 0.00101264 0.00085451 0.0020654  0.00483955
 0.00197962 0.00174658 0.00177753 0.00272564 0.00130259 0.00138487
 0.00196204 0.00153491 0.00127156 0.00139688 0.00186126 0.00122836
 0.00218852 0.00155384 0.00210431 0.0015474  0.00139996 0.00170408
 0.00270279 0.00140119 0.00257635 0.00093274 0.00090317 0.00256888
 0.00217826 0.00112383 0.00199442 0.00151764 0.0025081  0.00187562
 0.00110927 0.00157739 0.00132149 0.00091343 0.00311753 0.00226059
 0.00257377 0.00171249 0.00169907 0.00141278 0.00206361 0.00209116
 0.00187621 0.00197064 0.00203523 0.00071929 0.00185355 0.00207168
 0.00752853 0.00142165 0.00283675 0.00519993 0.02150269 0.00168539
 0.00154133 0.00126207 0.00244979 0.00174234 0.00189516 0.00191005
 0.00078284 0.00134034 0.00131259 0.00141389 0.00136686 0.00222111
 0.00217401 0.00413391 0.0014955  0.00129629 0.00116471 0.00195264
 0.00121132 0.00143495 0.00117733 0.00209472 0.00238108 0.00094976
 0.00097877 0.00235377 0.00102262 0.0029388  0.00171803 0.0019453
 0.00208432 0.00247248 0.0011226  0.00240366 0.0010115  0.00166504
 0.00111238 0.00221366 0.00192078 0.00206593 0.00188401 0.00211392
 0.00146883 0.00177961 0.0019583  0.00336963 0.00249922 0.00215682
 0.00136965 0.00217834 0.0033578  0.00178217 0.00221345 0.00194622
 0.00113994 0.00428814 0.00149219 0.00187658 0.00261346 0.00147505
 0.00226885 0.00104098 0.00213819 0.00248776 0.00324793 0.00127484
 0.00138816 0.00169369 0.0015119  0.00119958 0.00191083 0.00175963
 0.00269418 0.00213744 0.00259447 0.00173018 0.00155535 0.00133666
 0.00139191 0.00131017 0.00191828 0.00107722 0.00139406 0.00220183
 0.00198612 0.00214081 0.00208699 0.00076087 0.00162235 0.0032627
 0.00105873 0.00151174 0.00059478 0.00119579 0.00210724 0.00123033
 0.00131794 0.00164044 0.00142347 0.00211421 0.00214621 0.00137966
 0.00114473 0.00108791 0.00109688 0.00227843 0.00124993 0.00131351
 0.00575157 0.01005686 0.00261759 0.00151417 0.00163688 0.00164111
 0.00140535 0.00107154 0.00253495 0.00300731 0.00136913 0.00305581
 0.00144204 0.00125971 0.00182246 0.00121468 0.00166065 0.00156785
 0.00429884 0.001178   0.00146839 0.01410227 0.00130141 0.00126013
 0.00191191 0.0021661  0.00136078 0.00114565 0.0024813  0.00263278
 0.00173223 0.00144527 0.00216275 0.00114803 0.00241893 0.00179675
 0.00212348 0.00196775 0.00311165 0.00266134 0.00160348 0.00136028
 0.00147181 0.00162169 0.00183829 0.00142527 0.00198542 0.00129632
 0.00211406 0.00208821 0.00140288 0.00106891 0.00174847 0.00138825
 0.00270325 0.00200028 0.00146543 0.04423624 0.00146353 0.00204098
 0.00183571 0.01030043 0.0006011  0.00880749 0.0009158  0.0020597
 0.00184779 0.0008801  0.00093595 0.00138218 0.00189632 0.00155744
 0.00177998 0.00144327 0.00206145 0.00161918 0.00184084 0.00257331
 0.01147098 0.00202726 0.00218217 0.00157045 0.00113144 0.00130809
 0.00187636 0.00054992 0.0011929  0.01478969 0.02301029 0.00140154
 0.00118179 0.00125495 0.00151494 0.00145136 0.00201462 0.00154178
 0.00125432 0.00122168 0.00226096 0.00233526 0.00126853 0.00132512
 0.00253745 0.00332245 0.03171661]"
18,20241222,9.433492349623018,"[0.00120713 0.00127599 0.00120991 0.0013261  0.00118932 0.00154715
 0.00209205 0.00233485 0.001546   0.00091846 0.00068864 0.0014643
 0.00051192 0.00201439 0.00115846 0.00130725 0.00135554 0.00122746
 0.0013521  0.00123662 0.00186173 0.00195895 0.00197948 0.00080966
 0.00121365 0.00121071 0.00088249 0.00116934 0.00052774 0.00089345
 0.00207643 0.00136832 0.00068936 0.00177528 0.00049429 0.00060402
 0.00271004 0.00162353 0.00199263 0.00201399 0.00202796 0.00112517
 0.00166053 0.00200522 0.0012256  0.00193349 0.00124967 0.00190905
 0.00200232 0.00147687 0.0138004  0.00066444 0.00114376 0.0017599
 0.00098826 0.00808778 0.00146138 0.00226394 0.00089744 0.01003974
 0.00128577 0.00146452 0.0011916  0.00125382 0.00199175 0.00213598
 0.0015631  0.00139346 0.00098677 0.00141166 0.00120631 0.00419631
 0.00198967 0.00130395 0.0012249  0.00447253 0.00051839 0.0007453
 0.00146467 0.00098232 0.00096073 0.00065286 0.00204889 0.00089889
 0.00129018 0.00201139 0.00102566 0.1297764  0.00061031 0.00203662
 0.00133223 0.00165495 0.00081552 0.0019484  0.00147998 0.00077505
 0.00147575 0.00434658 0.00093963 0.00091884 0.00315775 0.00202812
 0.00114796 0.00074209 0.00207301 0.00136327 0.00155454 0.00053112
 0.001669   0.00161053 0.00169158 0.00162652 0.00127253 0.00273674
 0.00198538 0.00156676 0.00348829 0.0019805  0.00135292 0.00121401
 0.00056263 0.00150655 0.00141665 0.00084881 0.00422724 0.00040198
 0.00204593 0.00068245 0.00149    0.00047772 0.00161655 0.00102356
 0.00052387 0.00520884 0.00391365 0.00121639 0.00077018 0.00159843
 0.0219743  0.00138297 0.00209588 0.00297214 0.00177387 0.00169325
 0.00078763 0.00117253 0.0008311  0.00064354 0.00201832 0.00516695
 0.00071032 0.00122962 0.00612116 0.00365981 0.00103892 0.0012129
 0.00200246 0.00147724 0.00144643 0.00125586 0.00194471 0.00141222
 0.00197673 0.00148918 0.00201693 0.00055047 0.0011381  0.00195225
 0.00228864 0.00054745 0.0068428  0.00112111 0.00123438 0.00153881
 0.00115364 0.00122313 0.0020158  0.00289919 0.00184637 0.00206151
 0.00108518 0.00612402 0.00128734 0.00181468 0.00332726 0.00133212
 0.00160953 0.0020684  0.00193813 0.00149638 0.00207996 0.00200264
 0.00202257 0.00071563 0.00146524 0.00096951 0.00152204 0.00195073
 0.00203966 0.00148564 0.00064076 0.0006464  0.0018085  0.00800342
 0.00105801 0.00357083 0.00525673 0.00203652 0.00154183 0.00204207
 0.00050126 0.00126102 0.00122099 0.00135753 0.00133846 0.00201025
 0.00202979 0.00203247 0.00138022 0.0010564  0.00091361 0.0020194
 0.00157304 0.00146074 0.00049395 0.00201271 0.00200864 0.00174532
 0.00181489 0.00199341 0.00096394 0.00320323 0.00111272 0.00201584
 0.00197266 0.00184858 0.00137339 0.0020296  0.00103387 0.00154145
 0.00084092 0.00207498 0.00201111 0.00201598 0.00203869 0.00202855
 0.00120483 0.00053542 0.00199459 0.00240985 0.00061672 0.00053597
 0.00132261 0.00203716 0.0027653  0.00056111 0.00200207 0.00196144
 0.00142576 0.0026622  0.00121479 0.0020641  0.00149925 0.00137019
 0.00132504 0.00056065 0.0020662  0.00053429 0.00288074 0.00129631
 0.00112846 0.00303468 0.00147797 0.00127373 0.00200944 0.00054595
 0.002184   0.00196955 0.00054336 0.00074535 0.00094387 0.00067487
 0.00136821 0.00066935 0.00205681 0.00087141 0.00161325 0.00058587
 0.00327753 0.00203292 0.00202411 0.00088821 0.00089363 0.00050202
 0.0014225  0.00053531 0.00046761 0.00088114 0.00080892 0.00139951
 0.00121706 0.00203962 0.00151906 0.00202082 0.00199948 0.00119816
 0.00148256 0.00150722 0.00160556 0.00094276 0.00137528 0.00106721
 0.00264903 0.00490724 0.0009267  0.00053659 0.00145873 0.00145437
 0.00102472 0.00126333 0.00131912 0.00243017 0.00055351 0.00067218
 0.0019908  0.00200701 0.00195673 0.00122207 0.00092403 0.00101267
 0.00153834 0.00123659 0.00052073 0.00528422 0.00122245 0.00243416
 0.00208102 0.00205573 0.00143749 0.001462   0.00201984 0.00235779
 0.0020323  0.00146487 0.00062582 0.00139846 0.00201675 0.00207817
 0.00199141 0.00200847 0.00069575 0.00201542 0.00144403 0.00141878
 0.00222149 0.00056013 0.00203398 0.00119972 0.00117617 0.00094513
 0.00203229 0.00206747 0.00129003 0.00053993 0.00141095 0.00098196
 0.00050375 0.00195537 0.00097906 0.1554945  0.00121207 0.00209302
 0.00049619 0.00109719 0.00041449 0.00136458 0.00129299 0.00252442
 0.00204422 0.00101724 0.00123596 0.00136248 0.00204931 0.0018084
 0.00191669 0.00121523 0.00201484 0.00206286 0.00224044 0.0010453
 0.00088833 0.00095214 0.00197673 0.00145427 0.00142365 0.00121309
 0.00087485 0.00071718 0.00143609 0.00395909 0.00116191 0.00052526
 0.00137154 0.00103335 0.00121888 0.00121239 0.00203803 0.00135268
 0.00135718 0.00123009 0.00092578 0.00204015 0.0013879  0.00121662
 0.00204351 0.00276665 0.00168298]"
19,20241228,8.749720037235301,"[0.00288898 0.00170937 0.00167299 0.00153451 0.00159637 0.00352547
 0.00149336 0.00343575 0.0013255  0.00592799 0.00074254 0.00154171
 0.00044301 0.00200999 0.00054218 0.02356471 0.00152876 0.00172777
 0.00154003 0.00159349 0.00193763 0.00194095 0.00253637 0.00044827
 0.00280559 0.00170936 0.00219231 0.0019469  0.00042524 0.00038347
 0.00190784 0.00243468 0.00055362 0.0046207  0.00035971 0.00043652
 0.00191435 0.00150958 0.00194886 0.00200155 0.00191542 0.00095853
 0.00199615 0.00194963 0.00177387 0.00180878 0.00160793 0.00120842
 0.00200397 0.00128631 0.00224032 0.00054324 0.00190359 0.00094065
 0.00139156 0.00247835 0.00154368 0.00043863 0.00096848 0.0010681
 0.00166373 0.00276217 0.00108952 0.00176259 0.00193325 0.00183719
 0.0013439  0.00152853 0.00143027 0.00150047 0.00170625 0.0013892
 0.00191197 0.00154033 0.00161531 0.00048806 0.00041325 0.00043501
 0.00154121 0.00106718 0.00331749 0.00044046 0.0020244  0.0044895
 0.00174166 0.00198852 0.00122532 0.04614031 0.00241683 0.00200837
 0.00136296 0.00254798 0.00063173 0.00188392 0.00176698 0.00085665
 0.00154624 0.00396056 0.00130809 0.00079046 0.00124299 0.00181888
 0.00274557 0.00106418 0.00206108 0.00158504 0.00164374 0.00040921
 0.00129988 0.00209534 0.00124755 0.00242967 0.00167107 0.00179117
 0.0019218  0.00125631 0.00194104 0.00197172 0.00101063 0.0017242
 0.00069252 0.00155141 0.00154854 0.00145851 0.00216769 0.00645821
 0.00193939 0.00095976 0.001593   0.00126182 0.00131745 0.00071377
 0.00048947 0.00181551 0.00131558 0.00278551 0.00040337 0.00152194
 0.00143638 0.00150253 0.00193223 0.005974   0.00093172 0.0015016
 0.00051403 0.00192503 0.00210861 0.00053034 0.00195443 0.0014818
 0.00058438 0.00166943 0.00178802 0.00147836 0.00187371 0.00201865
 0.00209174 0.00159552 0.00152535 0.00198337 0.00207511 0.00148452
 0.00201857 0.00154174 0.00188626 0.00043953 0.00149343 0.00183642
 0.00046609 0.00099223 0.00305428 0.00109479 0.00142823 0.00043725
 0.00048737 0.00328578 0.00191459 0.00189581 0.0015419  0.00187494
 0.00201229 0.00960181 0.00152254 0.00094471 0.00230304 0.00140281
 0.00166659 0.00189325 0.00193557 0.00151842 0.00119274 0.00193604
 0.00190574 0.00041161 0.00091487 0.00520277 0.00141359 0.00203957
 0.00194142 0.0015455  0.00065798 0.00042697 0.02018012 0.05091755
 0.00159188 0.01019089 0.00218814 0.00191791 0.0015284  0.00241168
 0.00038266 0.00165425 0.00162637 0.00153672 0.00154088 0.00200649
 0.00187406 0.00371194 0.00155025 0.00101391 0.00097505 0.00206972
 0.00077933 0.00153636 0.00045322 0.00197295 0.00187976 0.001858
 0.00234456 0.00184372 0.00094244 0.0038285  0.00052869 0.00224036
 0.00221983 0.00462341 0.00153233 0.00192759 0.000581   0.00190418
 0.00089588 0.00217979 0.00200757 0.0019118  0.00190627 0.00202547
 0.00190177 0.0004462  0.0020088  0.00215371 0.00039704 0.00048023
 0.00155269 0.00262057 0.01250064 0.00053405 0.00196084 0.00199391
 0.00158264 0.01921723 0.00163498 0.00193632 0.00315816 0.00153216
 0.00122968 0.00037468 0.00197783 0.00038496 0.00132084 0.00154858
 0.00214394 0.00231518 0.00131459 0.00323677 0.00211313 0.00042926
 0.00187946 0.00172058 0.00049237 0.0019847  0.00184128 0.00065501
 0.00152069 0.00040121 0.00214513 0.00179857 0.00154761 0.00057272
 0.00237428 0.00190852 0.00189595 0.00089302 0.00098884 0.00049949
 0.00149402 0.00045886 0.00031877 0.00091299 0.00073696 0.00153315
 0.00169677 0.00130604 0.0015458  0.00192724 0.00206561 0.00176703
 0.00152114 0.00152022 0.0018237  0.00048664 0.00151858 0.00220523
 0.00180072 0.00150768 0.00177624 0.00066077 0.00171511 0.00157687
 0.00100475 0.00122246 0.00224732 0.00356051 0.00041047 0.00057728
 0.00132889 0.00097975 0.00184936 0.00165319 0.00173218 0.0007191
 0.00339813 0.00203006 0.00048371 0.00321469 0.00164989 0.00128871
 0.00202989 0.00197423 0.00153253 0.00151802 0.00186763 0.00129785
 0.00192615 0.00155808 0.00035713 0.00145222 0.00208098 0.00203574
 0.00218838 0.00228917 0.00112855 0.00194032 0.00155188 0.00165471
 0.00165866 0.00045758 0.00188893 0.00233155 0.00097613 0.00098523
 0.00190556 0.00228663 0.00153338 0.00048596 0.00115365 0.00188258
 0.00038346 0.00191103 0.00076238 0.14049239 0.00194487 0.00165362
 0.000413   0.00189446 0.00056684 0.00364974 0.0010485  0.00200106
 0.00199186 0.00129845 0.00381843 0.001174   0.00234692 0.00198705
 0.00191316 0.00163094 0.0019661  0.00184431 0.00179102 0.00080787
 0.00162869 0.00145662 0.00202929 0.00149819 0.00149673 0.00172002
 0.00087698 0.0006963  0.0015464  0.00224114 0.0010339  0.00069142
 0.00153526 0.00078253 0.00161152 0.00163306 0.00204093 0.00153492
 0.00150202 0.00159374 0.00159613 0.00209863 0.00128103 0.00172396
 0.00193663 0.00109108 0.00200701]"
20,20241024,9.168293014054727,"[0.00118131 0.00121297 0.00105885 0.00094462 0.001948   0.00117453
 0.00094917 0.00215054 0.00101208 0.00191437 0.00184726 0.00101687
 0.00318957 0.0022874  0.00402008 0.00101825 0.00102818 0.00101303
 0.00104397 0.00101271 0.00204965 0.0020299  0.00204574 0.00154565
 0.00130364 0.00109312 0.00091895 0.00130061 0.00188114 0.00166192
 0.0021929  0.00128059 0.00249119 0.00119899 0.00146988 0.00277881
 0.00173682 0.00129881 0.00218221 0.00250256 0.00220696 0.000682
 0.00169901 0.00248676 0.00109401 0.00202676 0.00099137 0.00165839
 0.00266301 0.00127685 0.05079002 0.00193745 0.00169751 0.00109972
 0.00139479 0.0028569  0.00101709 0.00288835 0.00126776 0.00108429
 0.00111533 0.00149343 0.00133284 0.00112684 0.00230812 0.00308377
 0.00097829 0.00106391 0.00091979 0.0009091  0.00107595 0.02422849
 0.00220692 0.00097642 0.00105706 0.00102612 0.00239048 0.00135796
 0.00107762 0.00120704 0.00106446 0.00201566 0.00236346 0.00089948
 0.0009842  0.00244789 0.00138753 0.01222354 0.00175642 0.00188156
 0.00077018 0.00259527 0.00191208 0.00202178 0.0013885  0.00430574
 0.00110706 0.00142936 0.00133598 0.00091288 0.00138824 0.0031409
 0.00182393 0.00127423 0.00206911 0.00066386 0.00120796 0.0021656
 0.00125906 0.00270141 0.00555054 0.00264035 0.00116942 0.00169943
 0.00237598 0.00184614 0.00211776 0.00191681 0.00165662 0.00109234
 0.00178998 0.00106082 0.00102429 0.00090247 0.00140592 0.00420607
 0.00236646 0.00242377 0.00100694 0.00185079 0.00229772 0.00210452
 0.00334165 0.00212637 0.00314593 0.00110291 0.00205458 0.00139847
 0.00548697 0.00105034 0.00212132 0.00193951 0.00240174 0.00083574
 0.00379944 0.00122408 0.00349605 0.00215848 0.00212984 0.00161316
 0.00181522 0.001061   0.00204555 0.00158838 0.00100105 0.00088369
 0.00221989 0.00106265 0.00107762 0.00138876 0.00227237 0.00088109
 0.00231108 0.00100303 0.00231085 0.00288025 0.00134594 0.00209852
 0.00225972 0.00219489 0.00219489 0.00066084 0.00184236 0.00279349
 0.00209667 0.00115972 0.00198991 0.00128672 0.00209109 0.00190829
 0.00118014 0.0014437  0.0009492  0.00141071 0.00209248 0.00978943
 0.00141497 0.00245399 0.00224836 0.00092055 0.00245596 0.00220748
 0.00209481 0.00260857 0.00124522 0.00346042 0.00137435 0.00219897
 0.00218011 0.00109593 0.00143326 0.00215716 0.00766574 0.00208407
 0.00118012 0.00327778 0.00569433 0.00198753 0.00130392 0.00228398
 0.00188555 0.00102528 0.00101921 0.00105057 0.00098486 0.00202314
 0.00212753 0.00277334 0.00105742 0.0012433  0.00125554 0.00258601
 0.00082863 0.00112141 0.00200618 0.00211952 0.00184972 0.00420906
 0.00248234 0.00250176 0.00137217 0.00869641 0.00296188 0.00224553
 0.0019943  0.00079801 0.0010392  0.00199061 0.00253601 0.0015841
 0.00067181 0.00232578 0.00217287 0.00199246 0.00241325 0.00234622
 0.00126818 0.00228089 0.00213655 0.00169159 0.00192486 0.00241212
 0.00121872 0.00233336 0.00201983 0.00308476 0.0021136  0.00198902
 0.00099621 0.03407674 0.00114199 0.00208305 0.00113136 0.0010851
 0.00164894 0.00115948 0.00205742 0.00280151 0.00126745 0.00094107
 0.00102045 0.00193444 0.00102511 0.00161168 0.00213374 0.00230788
 0.00264702 0.00079876 0.00204767 0.0024951  0.00122872 0.00242636
 0.00105534 0.00348587 0.00200812 0.00128304 0.00104051 0.00138486
 0.00195334 0.00284644 0.0021937  0.00078303 0.00127406 0.0019303
 0.00086176 0.00220028 0.00118473 0.00120273 0.00152622 0.00095997
 0.00105585 0.00467743 0.00103006 0.00213209 0.00211225 0.00113678
 0.0010297  0.00091709 0.00275528 0.00188321 0.00099418 0.00110891
 0.00170907 0.00284667 0.00096429 0.00224782 0.00143656 0.00109812
 0.00124844 0.00222471 0.00086601 0.0014883  0.00189835 0.00092015
 0.00871446 0.00174693 0.00188761 0.00102906 0.0013224  0.00066532
 0.00327425 0.00113604 0.00232944 0.01118329 0.00111407 0.00355114
 0.00218414 0.00201432 0.00097969 0.00087446 0.00183714 0.00214056
 0.00198128 0.00103651 0.0031238  0.00087071 0.00231664 0.00240634
 0.00264321 0.00226872 0.0029084  0.00206656 0.00101181 0.00110981
 0.00076939 0.00279807 0.0021937  0.0012516  0.00120863 0.0012279
 0.00196765 0.00224134 0.00096992 0.00243684 0.00112305 0.0014598
 0.00305633 0.00210399 0.00072343 0.1145983  0.00126974 0.00341325
 0.00238197 0.00172216 0.00144778 0.0020129  0.00188091 0.00350077
 0.00211187 0.00207138 0.00127143 0.00132651 0.00216553 0.00197704
 0.0016658  0.00114516 0.00217892 0.00219431 0.00125392 0.00310084
 0.00076553 0.00185623 0.00251082 0.00090684 0.00083795 0.00107323
 0.00165626 0.00121317 0.00084568 0.00161898 0.00126112 0.00178187
 0.00106951 0.00085337 0.00106467 0.00124835 0.00209422 0.00105423
 0.00144005 0.00106142 0.00073428 0.00201139 0.00068444 0.00110975
 0.00215901 0.00084196 0.00171904]"
21,20241111,8.34717134012854,"[0.00097114 0.00166765 0.00102219 0.00093347 0.00079999 0.00204555
 0.00093745 0.00442621 0.00091719 0.00153999 0.00111634 0.00102112
 0.00102774 0.002112   0.00181585 0.00036164 0.00090377 0.00099335
 0.00103082 0.00095496 0.00215585 0.00202972 0.00237485 0.00103249
 0.00156392 0.00099205 0.00166715 0.00104413 0.00079271 0.00125904
 0.00211213 0.00127937 0.00213979 0.00281921 0.00044267 0.0010917
 0.00277684 0.00173351 0.00222449 0.00228671 0.00211716 0.00084021
 0.00170367 0.00209854 0.00099726 0.00259257 0.00116172 0.00082768
 0.00214977 0.00098543 0.07447714 0.0014941  0.0008273  0.00113191
 0.00338603 0.0171309  0.00097447 0.00209229 0.00091439 0.01777249
 0.00090942 0.00372532 0.00090135 0.00097606 0.00226545 0.00251682
 0.0010662  0.00103411 0.00183216 0.0009931  0.00097689 0.0068646
 0.00218162 0.00092607 0.00095416 0.00115221 0.00099009 0.00079302
 0.00107273 0.00091121 0.00262866 0.00106485 0.00232706 0.00189254
 0.00096156 0.0022239  0.00153367 0.00439907 0.00098429 0.00204083
 0.00110705 0.00807114 0.0017158  0.00215423 0.00189403 0.00378357
 0.00092968 0.00423212 0.00140215 0.00552572 0.00330232 0.0021163
 0.00130789 0.00165595 0.00216633 0.0008527  0.00104464 0.00064049
 0.00180047 0.00146808 0.00195879 0.00297549 0.00097735 0.00322434
 0.00219889 0.00181467 0.00214538 0.00224787 0.00088388 0.00100986
 0.00117298 0.00097896 0.00105553 0.00189135 0.00246445 0.00121638
 0.00224758 0.00439408 0.00194982 0.0004129  0.00231636 0.00096171
 0.00112049 0.00064376 0.00186701 0.00183103 0.00128809 0.00110035
 0.07477777 0.00096533 0.00217309 0.00757397 0.00086347 0.0008086
 0.00136372 0.00107171 0.01538301 0.0008269  0.00226511 0.00872258
 0.00129064 0.00106843 0.00208125 0.00276485 0.00172157 0.00174692
 0.00193689 0.0011361  0.00090569 0.00103254 0.00213979 0.00090919
 0.00238968 0.00097612 0.00227313 0.00092499 0.00094359 0.00205095
 0.00039962 0.00061756 0.0014981  0.00081552 0.00077712 0.00147893
 0.0013845  0.00214541 0.00209342 0.00177397 0.00343971 0.00205089
 0.00366136 0.00369534 0.00092502 0.00660695 0.00259797 0.0016441
 0.00232709 0.00227732 0.00201683 0.00100527 0.0020682  0.00217154
 0.00215904 0.00096135 0.00089303 0.00383501 0.00092788 0.00211729
 0.00223277 0.00101191 0.00225636 0.00090066 0.00172414 0.00436371
 0.00171812 0.00184901 0.00491564 0.00222322 0.00195241 0.00218583
 0.00107521 0.00096534 0.00095381 0.00102642 0.00104499 0.00219077
 0.00219247 0.00148396 0.00108883 0.00087847 0.00093779 0.00218678
 0.00081457 0.00100231 0.00115147 0.00223319 0.00213246 0.01039967
 0.00081604 0.00221171 0.00093487 0.00222155 0.00096496 0.00223256
 0.0022184  0.00618453 0.00096423 0.00219643 0.00129941 0.00112556
 0.00133701 0.0022113  0.00214331 0.00217103 0.00208428 0.00224171
 0.00110621 0.00111418 0.00212183 0.00154407 0.00119714 0.00097862
 0.00106855 0.00223987 0.00523171 0.00092246 0.00211392 0.00196237
 0.0010859  0.00346314 0.00110577 0.00223576 0.00073292 0.00109007
 0.00089521 0.00147596 0.00217477 0.00087047 0.00131326 0.00094002
 0.00094279 0.00171926 0.00127532 0.00102466 0.00212346 0.00093796
 0.00217213 0.00096417 0.00089907 0.00164761 0.0017658  0.00249144
 0.00105451 0.001597   0.0020374  0.00154335 0.00093912 0.0007447
 0.0023207  0.00225629 0.00217955 0.00079856 0.00091384 0.00106333
 0.00097708 0.00090331 0.00060207 0.00089525 0.00080487 0.0009789
 0.00101397 0.00211363 0.00089007 0.00211113 0.0021308  0.00103197
 0.00095558 0.00099164 0.00093268 0.00123169 0.00095043 0.00176418
 0.00361329 0.0031291  0.00176744 0.0008938  0.00098348 0.00105593
 0.00085516 0.0009373  0.00603806 0.00230839 0.00122207 0.00306804
 0.00209097 0.00180831 0.0020838  0.00119097 0.00307076 0.00082857
 0.00185801 0.00106754 0.00104827 0.01109124 0.00094828 0.00164506
 0.00217703 0.00224875 0.00094039 0.00094371 0.00223306 0.00248874
 0.00204846 0.00102371 0.00116198 0.00097865 0.00232774 0.00213453
 0.00217887 0.00220386 0.00192626 0.00211711 0.00090663 0.00127627
 0.00181604 0.0010391  0.00208355 0.0022116  0.00090751 0.00106617
 0.00213869 0.00226842 0.00099755 0.00102495 0.0022576  0.00331183
 0.0008241  0.00201435 0.00099681 0.0161645  0.00101734 0.02231651
 0.00090978 0.03664024 0.00037845 0.00338483 0.00083064 0.00244918
 0.00207655 0.00174816 0.00145662 0.00083695 0.00206395 0.00221947
 0.00211796 0.00097743 0.00221669 0.00211094 0.00308422 0.001483
 0.00311019 0.00179343 0.00224728 0.00089418 0.00095578 0.00103524
 0.0009055  0.00040595 0.0009385  0.00164693 0.0053419  0.0010475
 0.00102612 0.00087135 0.00097287 0.00110584 0.00214363 0.00094115
 0.00114949 0.0009345  0.00188762 0.00226502 0.00093511 0.00096134
 0.00225141 0.0012143  0.00116622]"
22,20240901,7.863513314758925,"[0.00171849 0.00144091 0.00095783 0.00094992 0.00200398 0.00235593
 0.00107173 0.00344495 0.0016069  0.00100697 0.00078599 0.00099973
 0.0006581  0.00252679 0.00220322 0.00814483 0.00098095 0.0009901
 0.00099881 0.00100663 0.00233912 0.00147571 0.00205556 0.00076317
 0.00200427 0.00097207 0.00148021 0.00104487 0.0009374  0.00077512
 0.0020905  0.00172826 0.00201203 0.00259564 0.00073788 0.00078736
 0.00166286 0.00147557 0.00218997 0.00157191 0.00156533 0.00202581
 0.00171227 0.00149525 0.00096433 0.00147623 0.00097888 0.00229553
 0.00141242 0.00137423 0.03236125 0.00180027 0.0017674  0.00231631
 0.00168    0.00335825 0.00102852 0.00207429 0.00111007 0.00649825
 0.00098819 0.00650441 0.00124826 0.00097708 0.00199658 0.00208819
 0.00167463 0.00099367 0.00300849 0.00106366 0.00096349 0.00292608
 0.00325589 0.00095933 0.00096508 0.0130415  0.00089522 0.01054639
 0.00101408 0.00298571 0.00148061 0.00079044 0.00219073 0.00224876
 0.00206627 0.00155631 0.00312799 0.01871977 0.00129679 0.00149016
 0.00226856 0.01758501 0.00148822 0.00143962 0.0018816  0.0020056
 0.00100509 0.00129195 0.00166991 0.00355028 0.0042815  0.00176216
 0.001674   0.00124214 0.00148089 0.00193005 0.00100488 0.00131035
 0.0025548  0.00522117 0.00278393 0.00157963 0.00098905 0.00163275
 0.00147355 0.00147236 0.00225951 0.00177307 0.00118976 0.00096761
 0.00062812 0.00101956 0.00101416 0.0019931  0.00410755 0.00370978
 0.00201624 0.00173382 0.00159678 0.00315703 0.00185972 0.00252423
 0.00075474 0.00337416 0.00230512 0.00346381 0.00242252 0.00202377
 0.06336722 0.00096956 0.00154062 0.00126153 0.00223855 0.00108792
 0.00069264 0.00099881 0.00206432 0.00157443 0.00177001 0.00144045
 0.00139837 0.00101806 0.00161268 0.00284563 0.00272788 0.0019329
 0.00139079 0.00100282 0.00102648 0.00101858 0.00148401 0.0010581
 0.00177528 0.00100756 0.00210781 0.00083639 0.00469462 0.00148264
 0.00088294 0.00063549 0.00671477 0.00225208 0.00241043 0.00212868
 0.00171443 0.00245473 0.00169505 0.00171738 0.00125013 0.00167873
 0.00111103 0.00968512 0.00096232 0.00225259 0.00331581 0.00371451
 0.00193321 0.00146535 0.00152198 0.00102369 0.00913814 0.00189384
 0.00183835 0.00110741 0.00129936 0.00184497 0.00138601 0.00152321
 0.00225291 0.00101933 0.00092454 0.00075806 0.00856221 0.01088075
 0.00181216 0.00224675 0.00135166 0.00146252 0.00162777 0.00178392
 0.00113899 0.00097268 0.00098295 0.00099806 0.00098574 0.00154649
 0.00173692 0.00264951 0.00098323 0.00152007 0.00140177 0.00153721
 0.00197766 0.00100136 0.000947   0.00165155 0.0016518  0.00533753
 0.00184621 0.00200465 0.00105304 0.00166521 0.0006671  0.00183108
 0.00371204 0.00431982 0.0009998  0.00199858 0.00180814 0.00139401
 0.00220183 0.00162592 0.00172918 0.00180836 0.0015056  0.00172032
 0.00103459 0.00069607 0.00168625 0.00190019 0.00069921 0.00096618
 0.0009752  0.00174123 0.0017454  0.00102076 0.00167792 0.00156482
 0.00103524 0.00421769 0.00099235 0.0018724  0.00288431 0.00098739
 0.00129903 0.0009611  0.00214508 0.00088149 0.00227269 0.00096658
 0.00093896 0.00833621 0.0017968  0.00178841 0.00184157 0.00070169
 0.00189558 0.0021076  0.00154106 0.0017111  0.00181492 0.00283774
 0.00098573 0.00079882 0.00147403 0.0018442  0.00108697 0.00088344
 0.00176115 0.00198587 0.0021931  0.00207155 0.00117464 0.00062979
 0.0011712  0.00098084 0.00076667 0.00133173 0.00073421 0.00097303
 0.00096195 0.00358135 0.00101164 0.00201728 0.00160353 0.00105814
 0.00103081 0.00109236 0.00327149 0.00155557 0.00097584 0.00184604
 0.00223934 0.00375556 0.00171763 0.00121372 0.00125803 0.00101709
 0.00110934 0.00121651 0.00229673 0.00153005 0.00069364 0.00162605
 0.00192268 0.00211297 0.00155267 0.00096421 0.00185887 0.00191107
 0.00240539 0.0010161  0.00066815 0.01303005 0.00099986 0.0054297
 0.00146293 0.00184255 0.00098126 0.00103852 0.00145106 0.00114839
 0.00147316 0.00099791 0.00161296 0.00103396 0.00207693 0.00250465
 0.00192893 0.00161125 0.00218209 0.00204538 0.00102061 0.00131576
 0.00329592 0.00078506 0.00148479 0.00124731 0.00212246 0.00132724
 0.00197058 0.00188053 0.00096155 0.00119356 0.00485469 0.00364564
 0.00135216 0.00149224 0.00210104 0.06868329 0.00103644 0.00484458
 0.00120298 0.00134869 0.00286437 0.00200879 0.00168904 0.00229634
 0.00158329 0.00246794 0.00183434 0.00195696 0.00152206 0.00157449
 0.00157658 0.00097698 0.00237319 0.00156004 0.00231944 0.00085591
 0.00131123 0.00089399 0.00154591 0.0010501  0.0010532  0.00098836
 0.00300505 0.00276886 0.00102616 0.00106763 0.0015509  0.00063204
 0.00101094 0.00195329 0.00095931 0.00103768 0.00220015 0.00100031
 0.00099803 0.00094665 0.00287496 0.00156857 0.00281919 0.00096273
 0.00229792 0.00184252 0.01572586]"
23,20241215,12.320378823627916,"[0.01336526 0.00329706 0.00159241 0.00168463 0.00111452 0.00209593
 0.00175907 0.00159472 0.00182112 0.00191188 0.00165395 0.001833
 0.00060275 0.00163007 0.00047909 0.00073721 0.00173634 0.00160096
 0.00170922 0.00161589 0.0015066  0.00173807 0.00167931 0.0003403
 0.00158926 0.00159385 0.00101181 0.00160401 0.00062142 0.00048521
 0.00185127 0.00127606 0.00112141 0.00122015 0.00042588 0.00064749
 0.00205994 0.00130086 0.00170462 0.00200379 0.00166083 0.00088457
 0.00086692 0.0016776  0.00160852 0.00180896 0.001624   0.00148505
 0.00176242 0.00184442 0.18564733 0.00073528 0.00136416 0.00132156
 0.00088681 0.00364954 0.00184764 0.0006075  0.00198265 0.00115286
 0.00161146 0.00079781 0.00243597 0.00160518 0.0016594  0.00241429
 0.00173713 0.0016835  0.00344496 0.00178928 0.00159291 0.00631566
 0.00162434 0.00166153 0.00161931 0.00042479 0.00034442 0.00614136
 0.00181029 0.0012335  0.00176624 0.00060977 0.00231575 0.00122207
 0.0012377  0.00189279 0.00113224 0.00241223 0.00065459 0.00184047
 0.00141534 0.00126381 0.00059989 0.00182717 0.00142815 0.00076835
 0.00180462 0.00119082 0.00104084 0.00117435 0.00337594 0.00148432
 0.0011804  0.00070317 0.00177193 0.00097117 0.00171145 0.00054457
 0.00458151 0.00147258 0.00406248 0.00300752 0.0016122  0.00169776
 0.00164803 0.00120664 0.00184404 0.0019765  0.00444091 0.00159031
 0.00047046 0.00182412 0.00180342 0.00133932 0.0011857  0.00070855
 0.00340459 0.00118167 0.00093417 0.00042205 0.0019978  0.00074464
 0.00056814 0.00766554 0.01855963 0.00214847 0.00073939 0.00207508
 0.00273199 0.00173095 0.00182353 0.00120373 0.00092085 0.00183991
 0.00108656 0.00159638 0.00077097 0.00083194 0.00169632 0.0018755
 0.00076137 0.00160537 0.00127077 0.00304136 0.00284665 0.00598999
 0.0021382  0.00177965 0.00195596 0.00159457 0.00175991 0.00179782
 0.00172123 0.00184516 0.00159885 0.00057303 0.00222612 0.00191454
 0.00050994 0.00080918 0.00272681 0.0012598  0.00123478 0.0012105
 0.00078479 0.00281185 0.00175956 0.00095469 0.00189214 0.00175355
 0.00347259 0.0014809  0.00165709 0.00159428 0.00143004 0.00218668
 0.00123047 0.00178202 0.00176308 0.00183333 0.00272766 0.00165722
 0.00157354 0.00061068 0.00235859 0.00104121 0.00182601 0.00174884
 0.0014418  0.00179656 0.00142404 0.00082165 0.02803684 0.00411319
 0.00107188 0.00566956 0.00178072 0.00188156 0.0012063  0.00183204
 0.00059929 0.00160351 0.00160834 0.00169033 0.0017488  0.00181042
 0.00162521 0.00097818 0.00173941 0.00191373 0.00229249 0.00175625
 0.0015351  0.00181288 0.00036172 0.00180141 0.00167607 0.00101207
 0.00123351 0.00193061 0.00172959 0.00131136 0.0045     0.00192908
 0.0014682  0.00100993 0.00173515 0.00159276 0.00094227 0.00191776
 0.00104071 0.0015965  0.00166722 0.00181548 0.00163052 0.00165888
 0.00161479 0.00050706 0.00175447 0.00160158 0.00042067 0.00057834
 0.00162476 0.00161171 0.00192452 0.00054004 0.00162852 0.00164384
 0.00184604 0.03193865 0.00160583 0.00168718 0.00119858 0.0017157
 0.00144363 0.00079707 0.00153384 0.00057519 0.00124792 0.00171159
 0.00164511 0.00192529 0.00181738 0.00121947 0.00174143 0.00064238
 0.00154689 0.00149813 0.00057387 0.00063773 0.00247277 0.00065316
 0.00171501 0.00060358 0.00169823 0.00190699 0.00181736 0.00229826
 0.00151135 0.00158682 0.00147877 0.0009821  0.00162544 0.00036597
 0.00180425 0.00051266 0.00066734 0.00177733 0.00223834 0.00172857
 0.00159698 0.00245784 0.00178155 0.00154707 0.00165615 0.00161279
 0.0018254  0.00180576 0.0018836  0.0008957  0.00172183 0.00120407
 0.00177149 0.00316215 0.00142255 0.00052693 0.00229414 0.00180522
 0.00193936 0.00327395 0.0149603  0.0043461  0.00038875 0.00183315
 0.00130435 0.00114437 0.00219751 0.00161795 0.0033765  0.00114509
 0.00187631 0.00161541 0.00040996 0.00143854 0.00161266 0.00184361
 0.00169993 0.00168867 0.00176029 0.00179905 0.00253609 0.00377546
 0.00185008 0.00175795 0.0004814  0.00181388 0.00177404 0.0017809
 0.0021432  0.00161718 0.00069072 0.00173144 0.00180494 0.0018033
 0.00137325 0.00057557 0.00201714 0.00067184 0.00157784 0.00233688
 0.00166262 0.00166413 0.00170906 0.00062905 0.00469348 0.00120173
 0.00053474 0.00188926 0.00089268 0.00990092 0.00159209 0.00204541
 0.00235011 0.00143937 0.0004801  0.00226945 0.00128346 0.00165472
 0.00159937 0.00088805 0.00149887 0.0010531  0.00185066 0.00399235
 0.00201727 0.00160755 0.00151808 0.00174305 0.00260658 0.00074476
 0.00098238 0.00115703 0.0016682  0.00180481 0.00179681 0.00159908
 0.00162486 0.00042263 0.001799   0.00143878 0.0017024  0.00052313
 0.0017345  0.00094088 0.00160528 0.00161775 0.00187043 0.00172417
 0.00173197 0.00162107 0.02032963 0.00175773 0.00130026 0.00159461
 0.00162825 0.00324272 0.00217261]"
24,20241207,8.817997868356823,"[0.00205258 0.00157537 0.0016948  0.00159213 0.00174001 0.00116947
 0.00265493 0.0018786  0.00152176 0.00115285 0.00090399 0.00153722
 0.00100519 0.00135341 0.00105365 0.00162414 0.0015511  0.00166727
 0.00157086 0.00169087 0.00149153 0.00141913 0.00167593 0.00119497
 0.00306385 0.0016766  0.00142229 0.00172222 0.00314474 0.00124904
 0.00151511 0.00138617 0.00062347 0.00324762 0.0012305  0.0009714
 0.00388978 0.00158993 0.00144883 0.00145707 0.00138845 0.0007045
 0.00129179 0.00140307 0.00162437 0.00168738 0.00162767 0.00191807
 0.00177573 0.00152534 0.03939335 0.00068465 0.00136042 0.00329487
 0.0016549  0.00180945 0.00156927 0.00061398 0.00124678 0.01083133
 0.00170072 0.00264788 0.00128471 0.00163397 0.00147823 0.00164838
 0.0032299  0.00157087 0.00119124 0.00145131 0.00168218 0.00357594
 0.00152536 0.00159622 0.00166764 0.00534931 0.00108222 0.0012375
 0.00152386 0.00106692 0.00166183 0.00099242 0.00134459 0.00145594
 0.00100347 0.0016164  0.0014974  0.04038585 0.0016911  0.00140716
 0.00146793 0.00261947 0.00061101 0.00190508 0.00126972 0.00218312
 0.00152396 0.00226552 0.00123281 0.00117406 0.00181203 0.00155237
 0.00135505 0.00117983 0.00140708 0.001441   0.00173219 0.00124863
 0.00143216 0.00110387 0.00166821 0.00117829 0.00165448 0.00165267
 0.00166149 0.00153053 0.00137191 0.00245697 0.00138737 0.00170184
 0.0012213  0.00153517 0.00154242 0.00132754 0.00119516 0.0009829
 0.00199311 0.00611603 0.00177144 0.00205145 0.00207022 0.00082705
 0.00100744 0.0009662  0.00596048 0.00125128 0.00086953 0.00139032
 0.00453647 0.00153959 0.00142708 0.00507225 0.00130058 0.00144758
 0.00129635 0.00175716 0.00104173 0.0007928  0.00142378 0.00598924
 0.0006776  0.00170647 0.00119575 0.00268288 0.00133253 0.0011617
 0.00227822 0.00153219 0.00155165 0.00178215 0.00138925 0.00145951
 0.00148838 0.00152054 0.00141529 0.00101508 0.00129501 0.00153106
 0.00296187 0.00130452 0.00682219 0.00131384 0.00199027 0.00090778
 0.00115188 0.00190568 0.00143744 0.00139835 0.00167769 0.00141455
 0.0017924  0.01431451 0.00161022 0.00062786 0.00141493 0.00293812
 0.00292352 0.00171033 0.0014234  0.00153169 0.00160542 0.0015035
 0.0013928  0.00111593 0.00126892 0.00102559 0.00153086 0.00147377
 0.00300455 0.00153976 0.00094494 0.00105586 0.12630019 0.0026846
 0.00144979 0.00485673 0.00289255 0.00144252 0.00245016 0.00140111
 0.00140182 0.0016786  0.00172026 0.00156799 0.00157439 0.00137895
 0.00152483 0.00250663 0.00157305 0.001354   0.00124805 0.00143486
 0.00120727 0.00152057 0.00137347 0.00140496 0.00147715 0.0056432
 0.00149019 0.00130206 0.0014726  0.00939862 0.00131372 0.00140724
 0.00237221 0.00454684 0.00153526 0.00146087 0.00062822 0.00155268
 0.00101182 0.00137776 0.00142415 0.00138102 0.00143272 0.00150368
 0.0017554  0.00115983 0.00145007 0.00329685 0.00105003 0.00104693
 0.00162726 0.00176346 0.00162311 0.00102809 0.00155734 0.0014204
 0.00149348 0.005096   0.00165882 0.00141843 0.01122646 0.00157925
 0.00111713 0.00118035 0.00183229 0.00102477 0.00701468 0.00159713
 0.00180406 0.0019318  0.00153941 0.00140498 0.00135432 0.00140504
 0.001427   0.00098374 0.00109756 0.00063523 0.00124496 0.00107334
 0.00159102 0.00096658 0.00145293 0.00226066 0.00150444 0.00098488
 0.00175995 0.00165804 0.00150928 0.00118084 0.00132933 0.00104613
 0.00144329 0.00127345 0.00118727 0.00127967 0.00101223 0.00154348
 0.00169654 0.00174529 0.00153169 0.0014675  0.00141951 0.00164156
 0.00153365 0.00146344 0.00991026 0.00073063 0.00154126 0.00237527
 0.00213387 0.00162643 0.00214261 0.00094013 0.00151979 0.00152229
 0.00123126 0.00128523 0.00141945 0.00284722 0.00103446 0.00096512
 0.00142687 0.00083506 0.0016399  0.00162577 0.00253449 0.00079549
 0.00450273 0.0017714  0.00112743 0.01573949 0.00163635 0.00104747
 0.00143344 0.00143172 0.0015265  0.00145234 0.00243641 0.00156877
 0.00144776 0.00152066 0.00098602 0.00145906 0.00142718 0.00158879
 0.00149103 0.00169031 0.00068454 0.00163499 0.0015113  0.00156288
 0.0040163  0.00097872 0.00157796 0.00069805 0.00105841 0.00127497
 0.00140247 0.00141246 0.00159113 0.00099512 0.00074218 0.00288929
 0.00102121 0.00144236 0.00081227 0.03317423 0.00172264 0.00335834
 0.00098184 0.01037325 0.00126112 0.0014892  0.00156675 0.00141574
 0.00138917 0.00298933 0.00212184 0.00107657 0.00146803 0.00181271
 0.00197925 0.00166139 0.00136179 0.00142198 0.00170061 0.00098756
 0.0038639  0.00120941 0.00159453 0.00149711 0.00144634 0.00165359
 0.00123029 0.0008891  0.00146281 0.0011785  0.00468996 0.00110645
 0.00157317 0.00109272 0.00163323 0.00167102 0.00134471 0.00160568
 0.00153068 0.00164607 0.00183495 0.00146006 0.00094692 0.00175169
 0.00138467 0.00092764 0.00315532]"
25,20241026,10.179210270761637,"[0.00236904 0.00055442 0.00055863 0.00056177 0.00085359 0.00108191
 0.00077511 0.00126884 0.00072289 0.00239505 0.00038226 0.00057276
 0.00069097 0.00162088 0.00328585 0.00051149 0.00054613 0.00055726
 0.00057871 0.00056657 0.00106554 0.0010899  0.00175574 0.00096154
 0.00193988 0.00056409 0.00084689 0.00055611 0.00069706 0.00086827
 0.00150859 0.00121004 0.00473601 0.00274104 0.00047513 0.00084755
 0.00144853 0.00114454 0.00266602 0.00111689 0.00118358 0.00396562
 0.0005986  0.00120497 0.0005555  0.00112993 0.00055139 0.00372203
 0.00111591 0.00065643 0.01580839 0.00479323 0.00151693 0.00068011
 0.00348262 0.00384427 0.0006759  0.00516417 0.00230992 0.00311877
 0.00056675 0.00463658 0.00193457 0.00056232 0.00121827 0.001628
 0.00088443 0.00057917 0.00060117 0.00056734 0.00056374 0.00274725
 0.00147156 0.00057101 0.00055301 0.00047801 0.00101321 0.00049828
 0.00056388 0.00365774 0.00379386 0.00042604 0.00124399 0.00104652
 0.00357978 0.00115047 0.00093748 0.0041325  0.00443071 0.0012108
 0.00362624 0.00213374 0.00519205 0.00112737 0.00123851 0.00475532
 0.00056896 0.00140206 0.00154948 0.00112875 0.00222574 0.001222
 0.0016449  0.00508698 0.00148031 0.00367966 0.00073332 0.00085564
 0.00240712 0.00068772 0.00139102 0.00176021 0.00068249 0.00169308
 0.0011883  0.00124978 0.00132463 0.00137791 0.00223922 0.00055862
 0.00051071 0.00059483 0.00056437 0.00130749 0.00053494 0.00195704
 0.00125719 0.00481361 0.00071839 0.00062699 0.00097693 0.00502153
 0.00076303 0.00888736 0.00508836 0.001199   0.00487603 0.00086132
 0.00535501 0.00056373 0.00113354 0.00218719 0.00358256 0.00061373
 0.00041983 0.0005532  0.00489057 0.00426024 0.00114986 0.0009041
 0.00547931 0.00056732 0.00117311 0.00118715 0.00063845 0.00133118
 0.00120257 0.00055972 0.00057386 0.00056424 0.00114916 0.00058197
 0.00125461 0.00060719 0.00128744 0.00060115 0.00177529 0.00111014
 0.00100992 0.0009102  0.00126091 0.00365772 0.00169441 0.00491134
 0.00511847 0.00068017 0.0011521  0.00084053 0.00081341 0.00124624
 0.00090087 0.00140315 0.0005547  0.00509312 0.00369586 0.00595303
 0.00226095 0.0014944  0.00112153 0.00059358 0.00113017 0.00114673
 0.00125215 0.00058285 0.00263675 0.0052183  0.00094297 0.00109817
 0.00285992 0.00057546 0.00040851 0.00061343 0.000975   0.00828582
 0.00080432 0.00153885 0.00163118 0.0011039  0.00126881 0.00119589
 0.00053651 0.00056925 0.00054993 0.00059801 0.00060925 0.00120284
 0.00135062 0.00057384 0.0005816  0.00272022 0.00228048 0.00112436
 0.00409717 0.00056976 0.00095019 0.0012833  0.00142482 0.00817412
 0.00147793 0.00180591 0.00254712 0.00114071 0.00074993 0.00112806
 0.00117117 0.00323283 0.00057407 0.00148279 0.00487744 0.00059706
 0.00395741 0.00118677 0.0011393  0.00119502 0.0012276  0.00118009
 0.00057186 0.00076987 0.00114488 0.00132206 0.00076894 0.00072241
 0.00055877 0.00214063 0.00166903 0.00135126 0.00119993 0.00118574
 0.00057369 0.00148263 0.00056963 0.00125528 0.00519828 0.00057318
 0.00290317 0.00066246 0.00121909 0.00064352 0.00129401 0.00061419
 0.00056056 0.00104951 0.00074981 0.0009004  0.00121913 0.00104056
 0.00119076 0.00345225 0.00058235 0.00491179 0.00088397 0.0055268
 0.00058387 0.00089648 0.00114887 0.00063574 0.00069084 0.00042622
 0.00154863 0.00124546 0.00120198 0.00383247 0.00246469 0.00058576
 0.00058751 0.00074436 0.00065771 0.00249    0.00041803 0.00057384
 0.00056135 0.00388075 0.00057318 0.00124881 0.00116555 0.00055784
 0.00057479 0.00055671 0.00195071 0.00548079 0.0005777  0.00166891
 0.00171461 0.0026149  0.00111343 0.00046731 0.0007343  0.00056854
 0.00230612 0.00199368 0.00190683 0.00200322 0.00052835 0.00045365
 0.00087121 0.00369284 0.00105316 0.00056822 0.00209661 0.00384406
 0.00183787 0.00059278 0.00083153 0.02803364 0.00055341 0.00145356
 0.00118365 0.00117146 0.00058668 0.0006246  0.00144057 0.00117406
 0.00120535 0.00056338 0.00076767 0.00058013 0.00111289 0.00127849
 0.00112276 0.00125488 0.00503945 0.00116457 0.00057316 0.00161742
 0.00059526 0.00052015 0.00111452 0.00472421 0.00388157 0.00220462
 0.00124683 0.00120335 0.00056732 0.00076703 0.00318845 0.00112108
 0.00044131 0.00118243 0.00429146 0.29578471 0.00056564 0.00137793
 0.00067636 0.00206811 0.00059244 0.00107686 0.00086258 0.00125609
 0.00115624 0.00106347 0.00121299 0.00375132 0.00121256 0.00151147
 0.00112143 0.00056168 0.00129312 0.00115503 0.00107911 0.0008336
 0.00397552 0.00061147 0.00115101 0.00060938 0.00062981 0.00058103
 0.00285813 0.00071421 0.00063533 0.00096967 0.00111768 0.00121784
 0.00056855 0.0035872  0.00055011 0.00054597 0.0013064  0.00054319
 0.00062165 0.00055628 0.00325335 0.00122308 0.0035402  0.00057202
 0.00118297 0.00103492 0.00474264]"
26,20241204,8.219765246252745,"[0.0048429  0.00135137 0.0012415  0.0012231  0.00139091 0.00337036
 0.00124782 0.00166844 0.00109537 0.00108751 0.00157971 0.00122756
 0.00163267 0.00226758 0.00112084 0.00244777 0.00113455 0.00130518
 0.00122314 0.00115214 0.00178594 0.00163676 0.00164818 0.00250048
 0.00135837 0.00134648 0.00242121 0.00145945 0.00189948 0.00110155
 0.00153707 0.00104024 0.00249585 0.00273107 0.00108371 0.00195505
 0.001538   0.00174294 0.00157113 0.00162928 0.00164235 0.00093827
 0.00360908 0.00172785 0.00133781 0.00239953 0.00137197 0.00096736
 0.00170578 0.00104788 0.00895752 0.00118603 0.00122978 0.00591575
 0.00123791 0.00339924 0.00130769 0.00242639 0.00190444 0.00226489
 0.00146997 0.00454307 0.00145026 0.00147903 0.00165584 0.00169662
 0.00130285 0.00122445 0.00129107 0.00113457 0.00136634 0.00383279
 0.00214984 0.0011699  0.00132628 0.01887354 0.00111465 0.00154151
 0.00119685 0.00099479 0.00135091 0.00123259 0.00161062 0.00104656
 0.00093685 0.0015434  0.00121891 0.02834343 0.00277046 0.00163257
 0.00102866 0.0100401  0.00164647 0.00280546 0.00136732 0.00443982
 0.00131094 0.00251468 0.00184545 0.00256995 0.00616583 0.00172482
 0.00128804 0.00278611 0.00165612 0.00092645 0.00199183 0.00166893
 0.00101907 0.00335075 0.00842343 0.00134658 0.00136664 0.00300978
 0.00160809 0.00200884 0.00155826 0.00162051 0.0013711  0.00144202
 0.00289388 0.00129156 0.00123892 0.00099146 0.00299709 0.00454845
 0.00163215 0.0027164  0.00122802 0.00108452 0.00148604 0.00195264
 0.00177259 0.00110011 0.00159154 0.00091162 0.00181552 0.00119505
 0.00118725 0.00127514 0.00171745 0.02238143 0.00104507 0.00116872
 0.00149834 0.0013981  0.00793719 0.00275578 0.00161554 0.00246955
 0.00233755 0.0014937  0.00228641 0.00343142 0.00145571 0.0011674
 0.0017162  0.00129319 0.00130797 0.00150909 0.00169438 0.00107878
 0.0017384  0.0014047  0.00163748 0.00178184 0.00263476 0.00163117
 0.01332165 0.00121743 0.00431131 0.00097961 0.00259877 0.00157428
 0.00236324 0.00175027 0.00155544 0.00112479 0.00153008 0.00157716
 0.00127841 0.00642678 0.00124975 0.0027898  0.00152863 0.00460962
 0.0014693  0.00157698 0.00190706 0.00126989 0.00421455 0.00156273
 0.00161895 0.00159907 0.00210095 0.00472608 0.00103654 0.00158293
 0.00206167 0.00129219 0.00605866 0.00109776 0.00090322 0.00089367
 0.00096813 0.00281099 0.0025228  0.00156585 0.00201041 0.00169517
 0.00137279 0.00142485 0.00153093 0.00123595 0.00157041 0.00155186
 0.00157851 0.00107235 0.00121201 0.00178328 0.0018052  0.00161741
 0.00084319 0.00129636 0.00154591 0.00563017 0.0015709  0.00417595
 0.00137858 0.00177779 0.00171245 0.00519051 0.00616519 0.00158996
 0.00210069 0.0045077  0.00163299 0.00181561 0.00184368 0.00232279
 0.00107554 0.00164335 0.00160466 0.00164424 0.00160939 0.00168165
 0.00147622 0.001546   0.00158202 0.00152598 0.00151695 0.00185355
 0.00141582 0.00193402 0.00235407 0.00190707 0.00170845 0.00165698
 0.00123618 0.00119152 0.00148689 0.00186834 0.00917728 0.00119228
 0.00190699 0.00290782 0.00163853 0.00160664 0.00450392 0.00143178
 0.00121823 0.00151925 0.00092161 0.00138139 0.00172833 0.00187419
 0.00187128 0.0091017  0.0015541  0.00157452 0.00153509 0.00196459
 0.00123104 0.00120939 0.00160882 0.00116515 0.00156136 0.00136235
 0.00182559 0.00166656 0.00171896 0.0009768  0.00223758 0.00192535
 0.00107954 0.002622   0.00152575 0.0018436  0.00147007 0.00124952
 0.00138767 0.00273904 0.00123237 0.00160644 0.00155774 0.00110747
 0.00127942 0.00100519 0.00111707 0.00133653 0.00128711 0.00155693
 0.00193107 0.02544349 0.00207246 0.00103807 0.00169111 0.00125684
 0.00208857 0.00170059 0.00184355 0.00224697 0.00141097 0.00146203
 0.00165582 0.00194416 0.00182357 0.00133635 0.00141098 0.00092813
 0.01136802 0.00140997 0.00246683 0.00897477 0.00140606 0.00283516
 0.00166258 0.00171663 0.00135064 0.00102996 0.00155986 0.00733158
 0.00157567 0.00120201 0.00133263 0.00118483 0.00164234 0.00158548
 0.00165206 0.00159242 0.00180323 0.00161331 0.00130902 0.00094443
 0.00285009 0.00185828 0.00167204 0.00568437 0.00116481 0.00156888
 0.00163727 0.00187292 0.0012393  0.00172699 0.00601251 0.0026656
 0.00418914 0.00159614 0.00120375 0.05180232 0.0014663  0.01435871
 0.00101512 0.00153234 0.00229553 0.00163755 0.00173081 0.00163522
 0.00166031 0.00105664 0.0012317  0.00142074 0.00170071 0.00159168
 0.0018267  0.00130398 0.00160596 0.00161783 0.00241982 0.00109014
 0.00105665 0.00365701 0.0015518  0.00127511 0.00114761 0.00128979
 0.00150994 0.0015261  0.00114992 0.00359121 0.00168576 0.00122907
 0.00119636 0.0009244  0.00127376 0.00133067 0.00160903 0.00120818
 0.00138166 0.00137651 0.0220173  0.00179656 0.00125244 0.00154097
 0.00186728 0.00166956 0.00172952]"
27,20241210,7.9121694140896635,"[0.00224215 0.00109063 0.00184422 0.00176786 0.00106002 0.00103515
 0.00174663 0.00166222 0.00160896 0.00135364 0.0010364  0.00148398
 0.00149632 0.00162443 0.00188175 0.00236404 0.00146499 0.00180326
 0.0015451  0.00182354 0.00178714 0.00163247 0.00215281 0.00164458
 0.0008803  0.00181636 0.0015008  0.00223049 0.00111329 0.0017375
 0.00166019 0.00138417 0.00154415 0.00105858 0.00111806 0.00124085
 0.00162739 0.00136638 0.0016642  0.00167428 0.00167313 0.00156439
 0.00136343 0.00152382 0.00187581 0.00170127 0.00163167 0.00115298
 0.00167766 0.0014151  0.12776347 0.0015411  0.00105851 0.00098918
 0.00124051 0.02202379 0.00151327 0.00157971 0.0017168  0.03036126
 0.00185799 0.00600026 0.00120739 0.00187189 0.00166027 0.00163714
 0.00163666 0.00156098 0.00146448 0.0015349  0.0017972  0.0023499
 0.00170316 0.00151965 0.00170366 0.00059078 0.00104503 0.00072016
 0.00143965 0.00106491 0.0013306  0.00117464 0.00178087 0.00103923
 0.00252051 0.00184584 0.00363294 0.00299198 0.00158961 0.00167341
 0.0026042  0.00336988 0.00156451 0.00168397 0.00179023 0.00208566
 0.0014376  0.00182664 0.00117505 0.00319715 0.0052958  0.00162904
 0.00115927 0.00247865 0.0018441  0.00124927 0.00167973 0.00154002
 0.00381209 0.00174899 0.00137872 0.00155899 0.00198918 0.00245684
 0.00175334 0.00154509 0.00164597 0.00161811 0.00119016 0.00181335
 0.00105309 0.00143721 0.00144274 0.00114668 0.00336516 0.0034214
 0.00163728 0.00119299 0.00191353 0.0016669  0.00101405 0.00167843
 0.00136691 0.00215155 0.00626996 0.00171728 0.00132514 0.00294974
 0.00412949 0.00144956 0.00178853 0.00111015 0.00187917 0.00161146
 0.00146187 0.0020927  0.00395284 0.0014066  0.00182137 0.00385221
 0.0012223  0.00176158 0.00148452 0.0007927  0.00102732 0.00106248
 0.00161331 0.00145693 0.00143974 0.00224566 0.00170043 0.0015779
 0.001626   0.00149074 0.00169984 0.00105561 0.00148176 0.00157242
 0.00415095 0.00058112 0.00234304 0.00152022 0.00113124 0.0011511
 0.00123611 0.00154021 0.00165606 0.00159407 0.00183546 0.00155155
 0.00194778 0.00454899 0.00152921 0.00123628 0.00187574 0.00152241
 0.00153018 0.00172976 0.00165096 0.00144436 0.00288757 0.00161375
 0.00157338 0.00126876 0.00185302 0.00090534 0.00232297 0.00169435
 0.00342111 0.00144685 0.00125959 0.00092143 0.00377714 0.00708254
 0.00082508 0.00167195 0.00217213 0.00167248 0.00142951 0.00173274
 0.00177378 0.00178044 0.00183928 0.00163404 0.00154286 0.00147975
 0.00167412 0.00171098 0.00175735 0.00233548 0.00159004 0.00169713
 0.00214166 0.00145592 0.00137376 0.00164139 0.00167699 0.00115047
 0.0010891  0.00161617 0.00163987 0.00341167 0.00067194 0.00174397
 0.00194255 0.02078694 0.00150007 0.00162947 0.00141238 0.00177786
 0.00105685 0.00174992 0.00165413 0.0015902  0.00174221 0.00162139
 0.00230051 0.00141994 0.00174492 0.00183283 0.00178008 0.00167372
 0.00181805 0.00233417 0.00166325 0.00098257 0.00164455 0.00169866
 0.00144861 0.0052718  0.00202496 0.0017224  0.00199997 0.00153943
 0.00154685 0.00204647 0.00156779 0.00162421 0.00132598 0.00190826
 0.00194484 0.00283201 0.00152218 0.00115351 0.00156329 0.00124962
 0.00222613 0.00322058 0.00096156 0.0012246  0.00425932 0.00158079
 0.0015821  0.00165518 0.00164938 0.00085303 0.00151633 0.00079673
 0.00134536 0.00164497 0.00162186 0.00113896 0.00158788 0.00120144
 0.00158696 0.00108506 0.00256942 0.00184203 0.000709   0.0015098
 0.00173975 0.00226819 0.00144567 0.00164323 0.00168439 0.00179159
 0.0014457  0.00161788 0.00251543 0.00099029 0.00147586 0.0029245
 0.00330231 0.01280268 0.00096187 0.00909365 0.00163035 0.00144748
 0.00163193 0.0012863  0.00214534 0.00291734 0.00130313 0.00059752
 0.00178741 0.00369033 0.00173395 0.00169378 0.00381955 0.0010641
 0.00506065 0.00185902 0.00138402 0.01610805 0.00195453 0.00206727
 0.00173134 0.00161047 0.00154941 0.00155326 0.00181694 0.00280927
 0.00177826 0.00143128 0.00158879 0.00161064 0.00182677 0.00190367
 0.00169623 0.00171177 0.00144139 0.00168805 0.00147414 0.00147444
 0.00379988 0.00129633 0.00182788 0.00201612 0.0008838  0.00150252
 0.00158584 0.00157857 0.00153894 0.00092051 0.00238615 0.00185286
 0.0013348  0.00168731 0.0010545  0.0113364  0.00230933 0.00657822
 0.00141943 0.00650394 0.00179653 0.00542919 0.00111372 0.00211193
 0.00171107 0.00082101 0.00139612 0.00383078 0.00170528 0.00254993
 0.00217731 0.00167929 0.0016143  0.00172649 0.00895921 0.00060951
 0.00080017 0.00295858 0.00169644 0.00155527 0.00158218 0.00174846
 0.00221001 0.00112001 0.00157126 0.00126171 0.0013498  0.00136528
 0.00153474 0.00124272 0.00170359 0.00163168 0.00169604 0.00149709
 0.00148723 0.00177995 0.00416235 0.00303772 0.00138394 0.00178884
 0.00170741 0.00084264 0.00295349]"
28,20241023,8.12076914897051,"[0.00492351 0.00095531 0.00142327 0.0013436  0.00113048 0.0015041
 0.00105228 0.00209536 0.00127887 0.00158689 0.00267826 0.00136362
 0.00221157 0.00209522 0.00349353 0.00090332 0.00116011 0.00142736
 0.00129099 0.00125696 0.00221285 0.00178442 0.00187105 0.00297606
 0.00158498 0.0013862  0.00104391 0.00151084 0.00229734 0.00095332
 0.00170973 0.00156655 0.00170362 0.00635002 0.00195539 0.00277623
 0.00160987 0.0015024  0.00212346 0.0020692  0.00199418 0.00087942
 0.00467141 0.00197094 0.00141201 0.00171609 0.00131094 0.00379386
 0.0019567  0.00106268 0.00362093 0.00100761 0.00144218 0.00122411
 0.0011856  0.00291235 0.00119176 0.00177848 0.0013341  0.05442314
 0.00137959 0.00145071 0.0009709  0.0013968  0.00210026 0.00177795
 0.00091121 0.00136843 0.00128821 0.00122789 0.0014126  0.00307718
 0.00202719 0.00134381 0.00136306 0.00114156 0.00184381 0.00523525
 0.00124166 0.0011422  0.00285978 0.00231125 0.00160528 0.00171303
 0.00096712 0.00189594 0.00123213 0.02067629 0.00203541 0.00178958
 0.00087218 0.00737844 0.00143569 0.00202275 0.00262745 0.0036057
 0.00131246 0.00130349 0.00151982 0.00284639 0.0012762  0.00195923
 0.00093008 0.0016045  0.0018238  0.00115485 0.00209092 0.00102617
 0.0014024  0.00200691 0.00435174 0.00196217 0.00129152 0.0017848
 0.00199093 0.0014853  0.0016864  0.00161126 0.0009865  0.00139335
 0.00277532 0.00139989 0.00124689 0.00266154 0.00152448 0.00403114
 0.00196085 0.0008124  0.00122714 0.00113899 0.00444752 0.00139736
 0.00304819 0.00157929 0.03290144 0.00137539 0.00103366 0.00120788
 0.01529404 0.0011185  0.00189808 0.00167852 0.00083006 0.00126089
 0.00424698 0.00144472 0.00447903 0.00118146 0.00197937 0.00193849
 0.00101903 0.00152454 0.00175406 0.01003518 0.00115958 0.00134547
 0.00238379 0.00129174 0.00122163 0.00156714 0.00186116 0.00144389
 0.00201362 0.0014481  0.00194695 0.00300094 0.00100091 0.00174701
 0.00112621 0.00160181 0.00140609 0.00095666 0.00135425 0.00227235
 0.00112831 0.00098218 0.00219998 0.00147093 0.0011722  0.00187803
 0.00111942 0.00304595 0.00143935 0.00092945 0.00162999 0.00163358
 0.00149166 0.00226893 0.0020074  0.00130266 0.00184756 0.00201616
 0.00193927 0.00483649 0.00152367 0.00440739 0.00150911 0.00179958
 0.00218665 0.00132559 0.00126052 0.00172515 0.02230253 0.0012842
 0.00091254 0.00109696 0.01125613 0.00176954 0.00176837 0.00191914
 0.00217185 0.0013781  0.00140728 0.00133112 0.00111509 0.0016437
 0.00189416 0.01123718 0.00135565 0.00098668 0.00140045 0.00203931
 0.00167864 0.00127887 0.00185719 0.00227193 0.00162139 0.00443214
 0.00162948 0.00159051 0.0011674  0.00152002 0.00238289 0.00218867
 0.00214715 0.00116322 0.00115802 0.00209223 0.00082555 0.00139635
 0.00189472 0.00203842 0.00192143 0.0020041  0.00183215 0.00192802
 0.0015184  0.00287155 0.00193244 0.00214906 0.00238691 0.00283178
 0.00157481 0.0016354  0.00178211 0.00232397 0.00217457 0.0021789
 0.00124485 0.01831421 0.00133023 0.00183197 0.00268636 0.00140269
 0.00114254 0.00259235 0.00182495 0.00281987 0.00170644 0.00126504
 0.00118325 0.00164492 0.00160639 0.00117321 0.00209146 0.0029409
 0.00196384 0.00127523 0.00224522 0.00103958 0.00108376 0.0024341
 0.001376   0.0030428  0.00190528 0.00164406 0.00136815 0.00242383
 0.01092677 0.00208037 0.00188648 0.00101909 0.00169028 0.00249008
 0.00122228 0.00237381 0.00376801 0.00129544 0.00241837 0.00123642
 0.00134759 0.00193878 0.00118406 0.00345591 0.00187593 0.00137341
 0.00121553 0.00118901 0.00199031 0.00148551 0.00125748 0.00120093
 0.00200305 0.00284117 0.00090834 0.00199686 0.00124488 0.00126614
 0.00142405 0.00111852 0.00119591 0.0013765  0.00093406 0.00216384
 0.00186459 0.00161789 0.00200969 0.00141407 0.00191617 0.00093608
 0.0040027  0.00145112 0.00281921 0.00433087 0.00152832 0.00122239
 0.00185885 0.00223804 0.00116757 0.00118418 0.00180872 0.00248199
 0.001875   0.00131813 0.00282489 0.00123792 0.0019326  0.00204494
 0.00207209 0.00205135 0.00105144 0.00195114 0.0012951  0.00120659
 0.00251829 0.00225731 0.00192282 0.00156755 0.00165686 0.00096632
 0.0018975  0.00212206 0.0011757  0.00252976 0.00740926 0.00203528
 0.00280359 0.00187226 0.00095894 0.03650544 0.0015469  0.00148311
 0.0017632  0.01348133 0.00129008 0.00260365 0.00116888 0.0018595
 0.00202481 0.00121766 0.00135403 0.00100713 0.00192246 0.00167727
 0.00194037 0.00127298 0.00190248 0.00188918 0.00108713 0.00268882
 0.00159922 0.00100433 0.00207773 0.00136228 0.00129837 0.00128626
 0.00132838 0.00115271 0.00105735 0.01028549 0.00185031 0.0024531
 0.00129248 0.00089251 0.00133662 0.00131703 0.00203901 0.00112137
 0.00137235 0.00133119 0.00093761 0.00278829 0.00148178 0.00137082
 0.00187123 0.00201655 0.00107419]"
29,20241104,9.310174687692466,"[0.00136098 0.00103499 0.00128902 0.00117221 0.00255854 0.00103834
 0.00117564 0.00213934 0.00141113 0.00159129 0.00069243 0.00132197
 0.00093467 0.00232286 0.00287756 0.00089116 0.00124041 0.00130306
 0.00136928 0.00111284 0.00225282 0.00220739 0.00321046 0.00111476
 0.00160458 0.0012695  0.00071531 0.0015992  0.00066581 0.00075599
 0.00202633 0.00233875 0.00129441 0.00364261 0.00075034 0.00090495
 0.0021015  0.00176047 0.00221353 0.00218381 0.00221209 0.00103921
 0.00415377 0.0021911  0.00132133 0.00266047 0.00117161 0.0030609
 0.00221657 0.00139506 0.01291482 0.00123046 0.00331914 0.00361175
 0.00066879 0.00192321 0.00142409 0.00126591 0.00135674 0.00228636
 0.00130069 0.00109904 0.00136546 0.00125548 0.00221151 0.00203233
 0.00128345 0.00126479 0.00068088 0.00109856 0.00129281 0.01173017
 0.00216505 0.00124028 0.00116537 0.00652398 0.00082914 0.00107052
 0.00137253 0.00114766 0.00124583 0.00072359 0.00205547 0.00213914
 0.00095053 0.00217226 0.00144328 0.06671092 0.00281219 0.0020997
 0.00131166 0.00202016 0.00157532 0.00259187 0.00165741 0.00295432
 0.00138024 0.00173017 0.00180108 0.00100789 0.00173247 0.00222481
 0.00314239 0.00241509 0.00213881 0.00123353 0.00122162 0.00075468
 0.00162382 0.00124606 0.00284629 0.00176488 0.00114718 0.00236052
 0.00217268 0.00159097 0.00221664 0.00209285 0.00145933 0.00131062
 0.00060179 0.00132584 0.00132139 0.00060786 0.00126641 0.00045563
 0.00226393 0.00769488 0.00128997 0.00097582 0.00138347 0.00256829
 0.00067363 0.00411096 0.00126623 0.00073571 0.00126012 0.00166469
 0.02267405 0.00148281 0.00219128 0.00075035 0.00125729 0.00109237
 0.00119813 0.00147004 0.00151817 0.00226178 0.0022061  0.00365031
 0.002133   0.00119219 0.00155294 0.00090608 0.00084528 0.00176637
 0.00223358 0.00137788 0.00143562 0.00143267 0.00221611 0.0010846
 0.00228664 0.00139664 0.00219949 0.00059164 0.00235941 0.00207509
 0.0009703  0.00060229 0.01435369 0.00093272 0.0024633  0.00182194
 0.00120248 0.00119875 0.00235717 0.00062295 0.00149969 0.00216982
 0.00080366 0.00104607 0.00117344 0.00110742 0.00195346 0.00102263
 0.00162983 0.00223755 0.00217155 0.0013349  0.00091553 0.00216182
 0.00235038 0.00059056 0.00292167 0.00214726 0.00129391 0.00220879
 0.00222577 0.00138779 0.00049628 0.00045898 0.00341773 0.00137148
 0.00067741 0.00119194 0.0009975  0.0020234  0.00369629 0.00228667
 0.00062556 0.00127215 0.00126076 0.00127792 0.00133499 0.00214643
 0.00209669 0.00300366 0.00121557 0.00154535 0.00131556 0.00216275
 0.00089784 0.00133867 0.00082466 0.00222373 0.00206465 0.00229983
 0.00234511 0.0019646  0.00164202 0.00144524 0.00074745 0.00219774
 0.00225284 0.0007258  0.00124961 0.00214288 0.00122283 0.00121586
 0.00088562 0.00228935 0.00213729 0.00210046 0.00226283 0.00224435
 0.00147535 0.00070389 0.00217476 0.01442336 0.00071865 0.00071069
 0.00150277 0.00202692 0.0028554  0.00065288 0.00224642 0.00208424
 0.00136348 0.12173    0.00124327 0.00217666 0.00118569 0.00123416
 0.00150336 0.0042793  0.00227972 0.00092314 0.0011303  0.00114495
 0.00105637 0.00325397 0.00141089 0.00211862 0.00279284 0.00065901
 0.01198687 0.00360002 0.00075885 0.00156618 0.00133159 0.00163691
 0.00125109 0.00066523 0.00211454 0.00137436 0.00131724 0.0006907
 0.00215055 0.002185   0.0022093  0.00100356 0.00205681 0.00092528
 0.00108712 0.00074352 0.00213964 0.00183822 0.00069151 0.00124165
 0.00121626 0.00153073 0.00127165 0.00223126 0.00220262 0.00129675
 0.00133664 0.001096   0.00125096 0.00141816 0.00123694 0.00061189
 0.00245578 0.01032144 0.00137749 0.00062709 0.00132268 0.00131396
 0.00130769 0.00146814 0.00081848 0.00240214 0.00063064 0.00147998
 0.00261407 0.00098155 0.00238154 0.00134232 0.00076729 0.00097121
 0.00470088 0.0016003  0.0006861  0.0064202  0.00125018 0.00101171
 0.00245301 0.00217761 0.00125811 0.0011691  0.00215214 0.00143785
 0.00205751 0.00135667 0.00060341 0.00111053 0.00216462 0.00236397
 0.00223415 0.0021812  0.00166912 0.00221118 0.00140015 0.00140656
 0.00085889 0.00065117 0.00216806 0.0030944  0.00111883 0.00138709
 0.00216799 0.00224526 0.00109195 0.00070808 0.0026926  0.00124984
 0.00085824 0.00201991 0.00095422 0.01206159 0.00147898 0.00128784
 0.00162808 0.01582707 0.00060263 0.00444686 0.00254156 0.00241912
 0.00220572 0.00270194 0.00152941 0.00118641 0.00199349 0.00227522
 0.00214043 0.00128423 0.00225277 0.00219053 0.00258828 0.00052209
 0.0007776  0.00118164 0.00213898 0.00111342 0.00109866 0.00131758
 0.00128795 0.00083273 0.00108522 0.01355738 0.00136691 0.00067643
 0.00120418 0.00087071 0.00134584 0.00137805 0.00227058 0.00116076
 0.001162   0.00165039 0.00070931 0.00237465 0.00096913 0.00131895
 0.00205743 0.00171181 0.00110294]"
30,20241113,7.452076871222957,"[0.00658203 0.00111227 0.00149597 0.00125425 0.00170059 0.00154768
 0.00153726 0.00159046 0.00157351 0.00343633 0.00184908 0.00157079
 0.00095085 0.00189373 0.00690197 0.01767156 0.00128586 0.00133972
 0.00140848 0.00129053 0.00196787 0.00168918 0.00375942 0.00151446
 0.00153068 0.00161664 0.00224159 0.00149052 0.00135216 0.0009092
 0.00244359 0.00194082 0.00184764 0.0021105  0.00164291 0.00106249
 0.00544253 0.00310281 0.00194707 0.00190021 0.00179577 0.00264366
 0.00138265 0.00166146 0.00136584 0.00265084 0.00128754 0.00243784
 0.00182239 0.00141632 0.0762014  0.00141908 0.00332219 0.00255306
 0.00141032 0.00740892 0.00138533 0.00201741 0.00278577 0.0007557
 0.00149312 0.0050959  0.00098461 0.00144226 0.0019607  0.00249279
 0.00178765 0.00151017 0.0012743  0.00162853 0.00127121 0.00282012
 0.0019869  0.00187792 0.00179551 0.00124114 0.00106866 0.00041739
 0.00159607 0.00168395 0.00100324 0.00116639 0.00242832 0.00107134
 0.00206786 0.00182581 0.0013597  0.013356   0.00244136 0.00164609
 0.00177103 0.0016572  0.0025386  0.00273006 0.00204265 0.00281525
 0.00162677 0.00187276 0.0014217  0.00101426 0.00270804 0.00163821
 0.00223827 0.00172932 0.00164052 0.00170978 0.00144282 0.00108752
 0.00257162 0.00125762 0.0020057  0.00172047 0.00147671 0.00522705
 0.00188254 0.00181782 0.00174888 0.0022596  0.00094411 0.00150232
 0.00127665 0.0014844  0.00145542 0.00128501 0.00504685 0.0011103
 0.00177035 0.00206873 0.00135193 0.00055613 0.00203118 0.0013774
 0.00129774 0.00190077 0.00180395 0.00106449 0.00175839 0.00282564
 0.00152269 0.00141658 0.00173598 0.00434981 0.00193408 0.00184443
 0.00191847 0.00145375 0.00878357 0.00248255 0.00188711 0.00232358
 0.00244369 0.00157142 0.00188687 0.00165401 0.00114103 0.00130465
 0.00170136 0.00157513 0.00153761 0.00141584 0.0018069  0.00177031
 0.00179457 0.00157168 0.00193646 0.00079187 0.00246477 0.00171957
 0.00147862 0.0007287  0.0038523  0.00195624 0.00319094 0.00137761
 0.00192124 0.00199971 0.00186193 0.00201855 0.00165427 0.00161912
 0.00141377 0.01326431 0.00134022 0.0025126  0.00275258 0.00138883
 0.00148339 0.00209843 0.0017609  0.00168742 0.00114276 0.00190585
 0.00166733 0.00109813 0.00350802 0.00169184 0.00149602 0.00181964
 0.00184623 0.00159128 0.00232082 0.00584787 0.0021278  0.00541804
 0.00152613 0.00272164 0.00177422 0.00169505 0.00159996 0.0018557
 0.00092011 0.00144486 0.00134697 0.00140182 0.00175176 0.00159364
 0.00198736 0.00182118 0.00146175 0.00361706 0.0016287  0.00186593
 0.00659275 0.00161321 0.00096077 0.00220282 0.00203554 0.00151599
 0.00225537 0.0028025  0.00210518 0.00146311 0.00495207 0.00191148
 0.00199892 0.00120153 0.00143699 0.00192749 0.00131217 0.00187307
 0.00352556 0.00201939 0.00185117 0.00192021 0.00157196 0.00189983
 0.00143039 0.00095259 0.00182124 0.00161642 0.00108869 0.00098504
 0.0016356  0.00477959 0.00836372 0.00098885 0.0019317  0.00163562
 0.00152614 0.0013439  0.00154112 0.00177984 0.00288632 0.0014584
 0.00411333 0.00191751 0.00157811 0.00123155 0.00535539 0.00141399
 0.00115683 0.00170555 0.00143618 0.00216737 0.00199506 0.00107509
 0.00114775 0.00083979 0.00100751 0.00284621 0.00178191 0.00165505
 0.00138001 0.00105623 0.00177743 0.00180337 0.00129426 0.0022301
 0.00413298 0.00190735 0.00170779 0.00173161 0.0035815  0.00107227
 0.00178244 0.00082691 0.00301147 0.00303108 0.00232692 0.00151714
 0.00132312 0.00384993 0.00134754 0.00182755 0.00180538 0.00128781
 0.00138359 0.00191086 0.00156703 0.0013539  0.00150144 0.00109157
 0.00724819 0.0021603  0.00121579 0.00064427 0.00180247 0.00157357
 0.00272162 0.00102426 0.00174058 0.00246348 0.00096374 0.00123333
 0.00915629 0.00374363 0.0016301  0.00128009 0.00260761 0.00168429
 0.00255637 0.00172228 0.00103076 0.04089383 0.0013202  0.00327235
 0.00177066 0.0019129  0.00139307 0.00175674 0.00208228 0.00316039
 0.00157643 0.00164708 0.00055229 0.00168307 0.00185902 0.00179708
 0.00198277 0.00187772 0.0024195  0.00182954 0.00177532 0.00164377
 0.00114566 0.0010629  0.00171721 0.00243326 0.00110121 0.00220539
 0.00170549 0.00182145 0.0016238  0.00094723 0.00706855 0.00152372
 0.00086748 0.00168603 0.00184534 0.02685692 0.00145125 0.00134065
 0.00092737 0.00113548 0.00122344 0.00211886 0.00334848 0.00196139
 0.00174213 0.00146367 0.00161304 0.00201913 0.00186821 0.00242521
 0.00164049 0.00149152 0.00175553 0.00169989 0.00273678 0.00169358
 0.00193044 0.00240114 0.00184142 0.00153984 0.00175155 0.00149039
 0.00472276 0.00081706 0.00169607 0.00143568 0.00135584 0.00138795
 0.00131714 0.00200413 0.00126423 0.00171227 0.00172538 0.00118242
 0.0014113  0.00135368 0.00382833 0.00165003 0.0018193  0.00139406
 0.00191115 0.00081351 0.00182141]"
31,20241014,7.323696398089117,"[0.00265518 0.00143789 0.00145469 0.00143698 0.00136984 0.00155445
 0.00136645 0.00287857 0.00113953 0.00820572 0.00101599 0.00161645
 0.00176167 0.00207549 0.00485612 0.01715335 0.00134657 0.00138125
 0.00142106 0.00134048 0.00158771 0.00158002 0.00305438 0.0021274
 0.00143901 0.00146033 0.00115406 0.00169953 0.00352435 0.00133651
 0.00190757 0.00163139 0.00113268 0.0025999  0.0015816  0.00178799
 0.0030839  0.00349258 0.00185546 0.00202533 0.00188035 0.0013785
 0.00261148 0.00178289 0.00145554 0.00205007 0.00140178 0.00100869
 0.00161522 0.00119258 0.01131669 0.00122945 0.00143482 0.00177388
 0.00426984 0.00551503 0.0017609  0.0021408  0.00200891 0.01132525
 0.00152239 0.00238473 0.00115903 0.00161189 0.00232622 0.00315008
 0.0010597  0.00135719 0.00149809 0.00132039 0.00148269 0.00239996
 0.00218174 0.00134893 0.00142001 0.0029815  0.00108832 0.00164793
 0.00145303 0.00113787 0.00232309 0.00123023 0.00210169 0.00125496
 0.0012513  0.00169099 0.00108048 0.00609482 0.00155899 0.00163484
 0.00195561 0.00332716 0.00126243 0.00182451 0.00195657 0.00263982
 0.00161262 0.00120827 0.00126483 0.00285368 0.00147869 0.00191998
 0.00119686 0.00278129 0.00156749 0.00180288 0.0011568  0.00203125
 0.00303851 0.0019222  0.00251513 0.01485569 0.00141561 0.00179805
 0.00167297 0.0032368  0.00159562 0.00182231 0.00111133 0.00144711
 0.00201492 0.00142988 0.00172124 0.00166727 0.00228887 0.00173307
 0.00182749 0.00365825 0.00314015 0.00086502 0.00549491 0.00509958
 0.00179546 0.01757661 0.00408624 0.00407652 0.00121161 0.0018072
 0.00158393 0.00143375 0.00161444 0.00201711 0.00158993 0.0013471
 0.00093695 0.00152409 0.00110499 0.00190919 0.00177993 0.00310709
 0.00139807 0.00151353 0.00387882 0.00239513 0.00232085 0.00121411
 0.00255611 0.00154954 0.00156753 0.00155735 0.00187812 0.00131262
 0.0019493  0.00149899 0.00192208 0.00143987 0.00209583 0.00175845
 0.0016038  0.00116715 0.00216256 0.00125025 0.00195664 0.00224123
 0.00124433 0.00173948 0.00157176 0.00127192 0.00206905 0.00157194
 0.00234208 0.00266935 0.00136384 0.00455623 0.00507588 0.00142521
 0.00813013 0.00201179 0.00152286 0.00156114 0.00190367 0.00190412
 0.00206996 0.00171029 0.00357185 0.00314014 0.0011128  0.00167475
 0.00132514 0.00155661 0.00095234 0.00167522 0.01799538 0.00130303
 0.00158161 0.00147059 0.00444948 0.00161646 0.00457076 0.00149639
 0.00164572 0.00145257 0.00152343 0.00141723 0.00134551 0.00151968
 0.00197662 0.00153454 0.00149925 0.00215712 0.00193208 0.00167846
 0.00118836 0.00151637 0.00199615 0.00181395 0.00197805 0.00165578
 0.00127238 0.00220291 0.00205107 0.00482706 0.0008861  0.00265487
 0.0015251  0.0016122  0.00132334 0.0015643  0.00159309 0.00110854
 0.00116361 0.00191177 0.00174868 0.00207915 0.00172359 0.00192344
 0.00162932 0.00210864 0.00176515 0.00427484 0.00132393 0.00147876
 0.00145726 0.00206494 0.0028176  0.00139208 0.00188606 0.00173973
 0.00138697 0.00211151 0.00143796 0.00161347 0.01707574 0.00143943
 0.00189462 0.00432092 0.00196618 0.00177546 0.00127617 0.00133875
 0.00126527 0.00241196 0.00107501 0.00126971 0.00173906 0.00175563
 0.03813058 0.00148102 0.00159488 0.0013278  0.00114344 0.00184796
 0.00142383 0.00174232 0.00164983 0.0013464  0.00152431 0.00091614
 0.00127389 0.00184512 0.00181945 0.00108833 0.0018077  0.00197352
 0.00141273 0.0012449  0.00226765 0.00255144 0.00102523 0.00140358
 0.00142423 0.00226164 0.00127069 0.00167814 0.00179031 0.00148206
 0.00169095 0.00147623 0.00175625 0.00231873 0.00134346 0.00114962
 0.00179735 0.02341391 0.00123852 0.00123461 0.00153695 0.00149047
 0.00191831 0.00118071 0.0011927  0.00758403 0.00160906 0.00172709
 0.00166283 0.00151249 0.00146809 0.00150478 0.00798117 0.00199897
 0.00457587 0.00163509 0.00159978 0.02214807 0.00141003 0.0015593
 0.00160917 0.00162088 0.00143341 0.00134838 0.00212544 0.00279336
 0.00159146 0.00188079 0.00149033 0.00133025 0.00196005 0.00173828
 0.00180278 0.00195306 0.00156861 0.00151503 0.00155591 0.00105319
 0.00160529 0.00142239 0.00167847 0.00487128 0.00113533 0.00115049
 0.00191915 0.00215562 0.00140503 0.00165655 0.00344674 0.00179553
 0.00168283 0.001565   0.00149789 0.00532868 0.00168971 0.0014831
 0.00141832 0.0074148  0.00087184 0.01627912 0.00126655 0.0014888
 0.00158032 0.00371561 0.00141693 0.00161613 0.00162388 0.00224229
 0.00147864 0.00137257 0.00184253 0.00153513 0.0047633  0.00083526
 0.00169236 0.00122035 0.0019161  0.00130827 0.00128845 0.00138
 0.00113449 0.00269982 0.00138127 0.00190694 0.00474627 0.00102293
 0.00138446 0.00131047 0.00139169 0.00138231 0.0017599  0.00132081
 0.00135833 0.00136549 0.00115413 0.00163397 0.00119651 0.00139441
 0.00216089 0.00979592 0.00196778]"
32,20241129,8.076476229545642,"[0.00187968 0.00432888 0.00123036 0.00127609 0.00365726 0.00097649
 0.00123342 0.00264326 0.00161256 0.0059101  0.00063577 0.00140593
 0.00110363 0.00167814 0.00085797 0.02644239 0.00125496 0.00119665
 0.00126391 0.00142584 0.001747   0.00176834 0.00426202 0.0100267
 0.00229316 0.00126957 0.00208536 0.00141573 0.00094991 0.00080114
 0.00198737 0.00361264 0.00118655 0.01396301 0.00173094 0.00099838
 0.00182541 0.00124175 0.00163349 0.0018856  0.00164787 0.00095649
 0.00339655 0.00169227 0.00123488 0.00157945 0.00130406 0.0026216
 0.00179291 0.00198914 0.00502447 0.00140575 0.00409239 0.00524718
 0.00159843 0.01809269 0.00131687 0.00108042 0.00128513 0.01567291
 0.00127764 0.00341862 0.00138001 0.00134831 0.00169072 0.0021991
 0.00196639 0.00130917 0.00118913 0.00112815 0.00121268 0.00245252
 0.00173302 0.00129727 0.00120536 0.00331023 0.00093037 0.00202581
 0.00135721 0.00175553 0.00132366 0.00131837 0.00156953 0.00164708
 0.00147344 0.00183494 0.00127922 0.00501248 0.00095103 0.00156577
 0.00121863 0.0169617  0.00093396 0.00159465 0.00293773 0.00186346
 0.00135913 0.00126092 0.00320862 0.00307614 0.00174952 0.00169835
 0.00353936 0.00119234 0.00172419 0.00115454 0.00147502 0.00146535
 0.0030358  0.00185162 0.00172839 0.00127423 0.00117091 0.00126719
 0.00191344 0.00207596 0.00166805 0.0017734  0.00127831 0.00128758
 0.00193453 0.00130117 0.00131189 0.001808   0.00190554 0.0047229
 0.00153881 0.00731991 0.00264372 0.00120529 0.00158773 0.00117714
 0.00112905 0.0008758  0.00232283 0.00302921 0.00112525 0.00127719
 0.0021943  0.00119612 0.00173636 0.00145785 0.0019042  0.00112475
 0.00058957 0.00146959 0.00091403 0.00154858 0.0016977  0.00125939
 0.00083944 0.00131669 0.00129717 0.00205049 0.00365226 0.00525031
 0.00156362 0.00136002 0.00133768 0.0014418  0.0018086  0.00122454
 0.0017935  0.00131388 0.00160975 0.00101639 0.00137074 0.00175015
 0.00045058 0.00156308 0.01066586 0.00173952 0.00388682 0.00120662
 0.00388056 0.00149563 0.00185792 0.00165634 0.00168689 0.0016896
 0.00318128 0.00229322 0.00131801 0.00295384 0.00193553 0.00101325
 0.00177308 0.00175563 0.001714   0.00129583 0.00349997 0.00171296
 0.00154021 0.00115352 0.00125927 0.00090066 0.00137877 0.00171219
 0.00170523 0.00131566 0.00099188 0.00136085 0.02685574 0.04912501
 0.00197004 0.01013173 0.00475906 0.00194277 0.00189307 0.00161289
 0.00080966 0.00126343 0.00126546 0.00131391 0.00116623 0.00153326
 0.00170881 0.00238797 0.00130163 0.00145819 0.00128595 0.00190601
 0.00266174 0.0013698  0.00117576 0.00167098 0.0019276  0.0088091
 0.00183174 0.00217665 0.00145995 0.00682682 0.00170144 0.00175903
 0.00152981 0.00230913 0.00123321 0.00151812 0.00159149 0.0014782
 0.00433312 0.00172466 0.00169344 0.00163029 0.00184099 0.00167954
 0.00143867 0.00105523 0.00180751 0.00296065 0.00104054 0.0010356
 0.00137807 0.00247268 0.00123905 0.00096374 0.00168602 0.00191212
 0.00133944 0.00620444 0.00128855 0.00195188 0.0025511  0.00128621
 0.00141096 0.0037539  0.00176407 0.00209563 0.01296348 0.0012597
 0.00130757 0.00200643 0.0015224  0.00245056 0.00159122 0.00098684
 0.0016432  0.00098089 0.00093156 0.00085539 0.00122735 0.00157373
 0.00130141 0.00090092 0.00174708 0.00247054 0.00197321 0.00058582
 0.00154024 0.00194368 0.00162933 0.0011727  0.00141254 0.00058167
 0.00115192 0.00085391 0.00334541 0.0013303  0.00063769 0.00121704
 0.00124568 0.00103924 0.00123359 0.00182281 0.00170448 0.00125558
 0.00131134 0.00111705 0.00191047 0.00113247 0.00127448 0.00210944
 0.0013768  0.00157769 0.00218787 0.00172509 0.00192247 0.00135347
 0.00133664 0.00129049 0.00562956 0.01331102 0.00107    0.00061244
 0.00220263 0.00146527 0.00171381 0.00120497 0.00274841 0.00118082
 0.00259384 0.00142969 0.00120585 0.00674744 0.00128958 0.0019145
 0.0018296  0.00161765 0.00124944 0.00112763 0.00243573 0.00444921
 0.00163389 0.00139199 0.00115848 0.00117719 0.0018493  0.00158607
 0.001733   0.00191882 0.00072056 0.00176587 0.00129469 0.00140943
 0.00262787 0.00101016 0.00191927 0.00168413 0.00176292 0.00140644
 0.00156766 0.00170572 0.00128792 0.00075498 0.00712954 0.00258649
 0.00179018 0.00179914 0.00139938 0.01468802 0.00142172 0.00164519
 0.00164919 0.00431119 0.00144524 0.00199642 0.00245413 0.00152956
 0.00170742 0.00278173 0.00270415 0.0014341  0.00167004 0.00152536
 0.00201597 0.00126392 0.00159836 0.00168113 0.00227366 0.00125929
 0.00196455 0.00575801 0.00186695 0.0011691  0.00115326 0.00122135
 0.00208132 0.00093956 0.00116544 0.00185963 0.00387143 0.00105693
 0.0012443  0.00159912 0.0012597  0.00122153 0.00164727 0.00125039
 0.00175279 0.00126903 0.00169323 0.00154693 0.00147585 0.00125661
 0.0018895  0.02476153 0.00110658]"
33,20241231,9.497355005979584,"[0.00236284 0.00229284 0.00102801 0.00097164 0.00176378 0.01634609
 0.00093413 0.00249326 0.00128631 0.00730788 0.00138763 0.00106219
 0.0012519  0.0017736  0.00194539 0.00274304 0.00097415 0.0009982
 0.00097805 0.00092773 0.00199339 0.00193419 0.00222631 0.00177829
 0.00344836 0.00103634 0.00198497 0.00105069 0.0012282  0.00101119
 0.00194629 0.00245048 0.00219805 0.00153815 0.00117707 0.00119761
 0.00179954 0.00129315 0.00179473 0.00193938 0.00185794 0.00109771
 0.00219418 0.0019524  0.00096155 0.00228379 0.00095224 0.00212115
 0.00200654 0.00112582 0.00940969 0.00235412 0.00301314 0.00250078
 0.0198748  0.0125628  0.00109783 0.00177042 0.0012401  0.06358202
 0.00092782 0.00210147 0.00190879 0.00113754 0.00189203 0.00211787
 0.0009768  0.0009712  0.00110228 0.00101923 0.00102211 0.00123263
 0.00180169 0.00093241 0.00097555 0.00535316 0.00125529 0.00116919
 0.00104621 0.00147588 0.00367621 0.0011499  0.00173095 0.00105316
 0.00144622 0.00206892 0.00130951 0.03698363 0.00185906 0.00228752
 0.00125888 0.00383349 0.00215326 0.00241886 0.00114658 0.00176934
 0.00105813 0.00198259 0.0021009  0.00342531 0.00220302 0.00302462
 0.00188158 0.00116373 0.00196567 0.00125414 0.00118799 0.00117499
 0.00291115 0.00134469 0.00122256 0.00146849 0.00092917 0.00201318
 0.001982   0.00218798 0.00171772 0.00186103 0.00188228 0.00104235
 0.00207042 0.0010662  0.00110499 0.00143606 0.00480196 0.00337636
 0.00349716 0.00135713 0.0024247  0.00095707 0.00308713 0.00099671
 0.00119149 0.00085495 0.02157556 0.00186482 0.00133218 0.00099722
 0.00559787 0.0010143  0.00196506 0.00192336 0.00105834 0.00099364
 0.00176315 0.00103177 0.00103012 0.00114493 0.00212687 0.00395982
 0.00226599 0.00099744 0.00120792 0.01756057 0.00130937 0.00098461
 0.00202589 0.00105007 0.00108886 0.00097784 0.00195505 0.00111533
 0.00197649 0.0010661  0.00183515 0.00111799 0.0018175  0.00187578
 0.00161289 0.00120552 0.0028776  0.00129974 0.00153108 0.00148102
 0.00155554 0.00146902 0.0018556  0.00431384 0.00115619 0.00197925
 0.00212344 0.00135825 0.00095602 0.0017486  0.0018513  0.00120302
 0.00593104 0.00187439 0.00218874 0.00105741 0.00290761 0.0019781
 0.00180089 0.00126377 0.00117971 0.00148389 0.00104575 0.00203472
 0.00174768 0.00107911 0.00428317 0.00122226 0.00304283 0.02342215
 0.00242167 0.00297034 0.00475031 0.00215043 0.00150925 0.00172548
 0.00107314 0.00093596 0.00093994 0.00098182 0.00106747 0.00185991
 0.00181528 0.00215671 0.00098952 0.00112844 0.00178754 0.00222697
 0.00219717 0.00105021 0.00107271 0.0017631  0.00183536 0.00077188
 0.00202006 0.00179784 0.00155725 0.00106298 0.00113824 0.00213439
 0.00214073 0.00429832 0.00103926 0.00202582 0.00223124 0.00111515
 0.00197736 0.00183325 0.00191345 0.00178973 0.00192044 0.0019623
 0.00108521 0.00160795 0.00191316 0.00237704 0.00120512 0.00127338
 0.00094608 0.00178114 0.00164922 0.00154278 0.00189542 0.00199461
 0.00108004 0.00329665 0.00108454 0.00179061 0.00184474 0.00098694
 0.00131372 0.00548624 0.00180504 0.00119249 0.00362083 0.0009955
 0.00084265 0.00167991 0.00103755 0.00221733 0.00175419 0.00120711
 0.0015954  0.00264941 0.0013536  0.00178989 0.00127326 0.00133805
 0.00097325 0.00130166 0.00220758 0.00238712 0.00109222 0.00127612
 0.00215923 0.00189133 0.00178979 0.0011168  0.00125669 0.00115502
 0.00103108 0.0014626  0.0009948  0.00137116 0.00148322 0.00102153
 0.00097568 0.00266967 0.00103361 0.00177632 0.00183193 0.0009997
 0.0010698  0.00133066 0.00132027 0.00270438 0.00096812 0.00166805
 0.00266752 0.00267042 0.00320073 0.00120141 0.00119992 0.00105713
 0.00151867 0.00140087 0.00293036 0.00170413 0.00145244 0.00168685
 0.00374764 0.00189966 0.00191121 0.00102308 0.00310759 0.00107913
 0.010563   0.00106551 0.00128131 0.00908842 0.00099061 0.00133724
 0.00189691 0.00175904 0.00104544 0.00109625 0.00236686 0.0021816
 0.00176092 0.00101526 0.00101347 0.00099258 0.00215097 0.00179653
 0.00189857 0.00202271 0.00177885 0.0019247  0.00110325 0.00103751
 0.00113346 0.00140596 0.00183158 0.00190464 0.00151615 0.00170449
 0.00174582 0.00183063 0.00098764 0.00117638 0.00428037 0.00206055
 0.00110718 0.00204843 0.00119158 0.01402861 0.00100729 0.00483644
 0.00123427 0.00331952 0.00091115 0.00997494 0.00193997 0.00201059
 0.00186887 0.00258402 0.00228766 0.0012218  0.00226433 0.00436982
 0.00262821 0.00102883 0.00184825 0.00213823 0.00973642 0.00135535
 0.00632751 0.00266179 0.00183631 0.00103575 0.00110078 0.00096359
 0.00133762 0.00120263 0.00106433 0.00257237 0.00483242 0.0010823
 0.00098335 0.00118117 0.00095535 0.00106509 0.00176489 0.0009621
 0.00100483 0.00098099 0.0162419  0.00218807 0.00160424 0.00106593
 0.00178702 0.00160206 0.00117089]"
34,20241101,7.337254084779576,"[0.00203223 0.00121638 0.0009674  0.0010344  0.00164071 0.00279059
 0.0015255  0.00248479 0.00195997 0.00147177 0.00174129 0.00121756
 0.00053282 0.00207506 0.0007818  0.00606142 0.00110028 0.00103142
 0.00109926 0.00100099 0.00180098 0.002121   0.0022027  0.00064747
 0.00199188 0.00103337 0.00100988 0.00132143 0.00055852 0.00053378
 0.00201951 0.00183398 0.00081554 0.00188018 0.00071228 0.00054294
 0.00209867 0.00160382 0.00205131 0.00206014 0.00208315 0.00158019
 0.00272316 0.00205083 0.00119579 0.00517866 0.00097361 0.00136001
 0.00209971 0.0017936  0.06211092 0.00112209 0.00179929 0.00394368
 0.00121702 0.00194018 0.00126623 0.00113056 0.00104694 0.0011975
 0.00109126 0.00113642 0.00106095 0.00105372 0.00210572 0.00198616
 0.00143451 0.00110827 0.00129128 0.00129798 0.00096855 0.00270694
 0.00207976 0.00103552 0.00111994 0.00283343 0.00055483 0.00091911
 0.00121942 0.00122187 0.00127989 0.00054855 0.00206594 0.0009161
 0.001231   0.00197354 0.00115604 0.05749504 0.0011896  0.00201408
 0.00116439 0.00255499 0.00110242 0.00175866 0.00166324 0.00078217
 0.00123465 0.00129151 0.00480815 0.00263642 0.00182823 0.00206612
 0.00174786 0.00067284 0.00201486 0.00146584 0.00132965 0.00065729
 0.00202252 0.0042516  0.00097011 0.00571898 0.00095534 0.01243543
 0.00217166 0.00194724 0.0020541  0.00207486 0.00089509 0.00099294
 0.00055413 0.00124022 0.00120854 0.00092588 0.00339816 0.00285958
 0.00195623 0.00079485 0.00155029 0.00065205 0.00171134 0.00113239
 0.00055148 0.00368816 0.00709223 0.00084725 0.00101668 0.00166367
 0.00478186 0.00149032 0.00207466 0.00182725 0.00135082 0.00129131
 0.00189168 0.00108576 0.00182867 0.00089917 0.00254652 0.00241567
 0.00146895 0.00117337 0.00204931 0.00847745 0.0015313  0.00147854
 0.00170557 0.00126271 0.00126988 0.00121774 0.00210479 0.00130995
 0.00206563 0.00121012 0.00210435 0.00057689 0.00104554 0.00200571
 0.00079613 0.00058711 0.01435976 0.00122455 0.00166449 0.00094799
 0.00126074 0.00077862 0.00180195 0.00123378 0.00122187 0.00199472
 0.00293996 0.01096294 0.00120742 0.00078178 0.00213962 0.00113418
 0.00198176 0.00224655 0.00282082 0.00140501 0.00372757 0.00210405
 0.00205522 0.00063267 0.00109003 0.00091061 0.00371483 0.00223322
 0.00214389 0.00123655 0.00176159 0.00111159 0.0036752  0.00180214
 0.00131225 0.00677714 0.00173695 0.0023848  0.00257443 0.00200984
 0.00060522 0.00099003 0.00094938 0.00115878 0.00164715 0.00210819
 0.00204876 0.00312724 0.00112771 0.0010359  0.00100434 0.00212246
 0.00105705 0.00122054 0.00072558 0.00205387 0.00204486 0.01405926
 0.00203065 0.00197731 0.00085983 0.00463176 0.00061224 0.00215513
 0.00177966 0.00094371 0.00150252 0.0020737  0.00131625 0.001462
 0.00120708 0.00204013 0.0021596  0.00207922 0.00199051 0.00209396
 0.00120875 0.00055453 0.00207992 0.00743307 0.00053364 0.00054025
 0.00110736 0.00219915 0.01194779 0.00052849 0.00205068 0.00194428
 0.00122689 0.01632865 0.0012708  0.00202587 0.00142252 0.00113254
 0.00080477 0.00293553 0.0020596  0.00053425 0.00472239 0.00102897
 0.00098612 0.00657084 0.00146314 0.00169999 0.00209364 0.00058023
 0.00232568 0.00168697 0.00062396 0.00118045 0.00194412 0.00085262
 0.00108658 0.00055487 0.00210196 0.00194582 0.00125506 0.00150117
 0.00205254 0.00209733 0.00209041 0.00107801 0.0008249  0.00054554
 0.00131045 0.00057171 0.00051471 0.00090618 0.00144561 0.00134369
 0.00104613 0.00178154 0.001927   0.00204685 0.00218829 0.0009766
 0.00122602 0.00133756 0.00195265 0.00074965 0.00141889 0.00177438
 0.01027566 0.02466869 0.00131757 0.00053763 0.00129532 0.00123956
 0.00098777 0.00150407 0.00101977 0.01420643 0.00053334 0.00136164
 0.00169771 0.00113349 0.00189561 0.0009458  0.0009045  0.0014467
 0.00835755 0.00138911 0.00054704 0.03148004 0.00122594 0.00306486
 0.00199529 0.00206132 0.00136543 0.00129514 0.00201859 0.003876
 0.00222185 0.00122549 0.00059875 0.00129653 0.00222014 0.00206857
 0.00205859 0.00214516 0.00115507 0.00204053 0.00126166 0.00156383
 0.00080688 0.00060201 0.00192355 0.00083945 0.00107799 0.0009101
 0.00203702 0.00207689 0.00106823 0.00054474 0.00391604 0.00254154
 0.00055255 0.00190477 0.00110002 0.01152198 0.00114556 0.02161609
 0.00057489 0.00423393 0.00061531 0.0031866  0.00182612 0.00198748
 0.00213647 0.00465642 0.00173363 0.00170699 0.0022648  0.00198511
 0.00253805 0.00102049 0.0021275  0.00202205 0.00164401 0.00313788
 0.00319501 0.00088742 0.00225377 0.00127803 0.00129763 0.00097772
 0.00139405 0.00053593 0.00128763 0.0027314  0.00165765 0.00054542
 0.00111536 0.00113047 0.0010683  0.00115128 0.00205578 0.00118385
 0.0014427  0.00100504 0.00157991 0.00177247 0.00122866 0.0010297
 0.00205189 0.00120051 0.00191983]"
35,20240915,7.195570432249492,"[0.00864753 0.00396026 0.00116488 0.0009712  0.00160476 0.00112958
 0.00115552 0.00169056 0.00162228 0.0015435  0.00178004 0.00132128
 0.00098377 0.00205347 0.00099154 0.01190122 0.00095197 0.0011336
 0.00095684 0.00101289 0.00154535 0.00136009 0.0017398  0.00114036
 0.00247531 0.00112265 0.00283323 0.00127506 0.00103792 0.00095919
 0.00182033 0.00132824 0.00192589 0.0030158  0.00095683 0.00097894
 0.00162287 0.00156933 0.00161091 0.00150977 0.00128316 0.00288489
 0.00379133 0.00132669 0.00109681 0.00132883 0.00103508 0.00501944
 0.00181155 0.00163309 0.01149112 0.00162    0.0022168  0.00354166
 0.0046117  0.00718666 0.00117875 0.00147026 0.00143145 0.00511541
 0.00110126 0.00151785 0.00156443 0.00116327 0.00145024 0.00141684
 0.00167596 0.00096047 0.00297801 0.00109157 0.00118418 0.00639779
 0.00167155 0.001051   0.00109623 0.00113434 0.00100111 0.00299615
 0.00107351 0.00245484 0.00146865 0.00116776 0.00144331 0.00136312
 0.00233136 0.00138798 0.00156184 0.04502023 0.00350249 0.00145231
 0.00193819 0.00429471 0.00197046 0.00137135 0.0015335  0.00154423
 0.00114822 0.00232335 0.00387264 0.00132666 0.00396396 0.00269037
 0.00173362 0.00296275 0.00137101 0.00351998 0.00100186 0.00114898
 0.00148364 0.00551153 0.00303806 0.00803621 0.00105019 0.00235039
 0.00139505 0.00150306 0.00146719 0.00146359 0.00121721 0.00109953
 0.00095253 0.00121389 0.00115359 0.00432858 0.0038707  0.00396432
 0.0013442  0.00135911 0.00169111 0.00117186 0.00132426 0.00222296
 0.00104842 0.00257212 0.00728261 0.00150723 0.00196621 0.00203101
 0.02405929 0.00097212 0.001357   0.00338584 0.0029737  0.00116606
 0.00105    0.00131165 0.00145352 0.0014823  0.00141396 0.00274154
 0.00245319 0.0011191  0.00146782 0.00762294 0.00331122 0.00658442
 0.00134378 0.0012177  0.0011223  0.0012706  0.00140167 0.00111746
 0.00145564 0.00109792 0.00142733 0.00118604 0.00258698 0.00135439
 0.00216542 0.0010691  0.00620073 0.00234383 0.00191586 0.0015225
 0.00172834 0.00290323 0.00178328 0.00293566 0.00097144 0.00167916
 0.00221149 0.0016645  0.00096961 0.00154079 0.00154173 0.00346626
 0.00189123 0.00162964 0.00128007 0.00099413 0.00147615 0.001276
 0.00150436 0.00350296 0.00168287 0.00186227 0.00225551 0.00127489
 0.00165978 0.00116714 0.00125321 0.00096686 0.01526982 0.00999038
 0.00235578 0.00752677 0.00975706 0.00130219 0.00163673 0.00135224
 0.00096146 0.00109889 0.00104661 0.00094539 0.00187469 0.0013839
 0.00173511 0.00207997 0.00093548 0.00195206 0.00151109 0.00138477
 0.00268702 0.00109025 0.00095285 0.00726122 0.00166974 0.00209439
 0.00144478 0.00146904 0.00127852 0.00157864 0.00119548 0.0016906
 0.00145188 0.00351464 0.0009788  0.00151193 0.00192864 0.00245363
 0.00335489 0.00166936 0.00140194 0.00159469 0.00137954 0.00138948
 0.00133504 0.00096877 0.00149486 0.00496582 0.00100701 0.00096909
 0.00100979 0.00151753 0.00170304 0.00103628 0.00139302 0.00128388
 0.00106666 0.00553166 0.00107489 0.00135209 0.00329529 0.00096643
 0.00158976 0.00143029 0.00182097 0.00122774 0.00142117 0.00100122
 0.00192725 0.00270997 0.00135268 0.00184427 0.00141003 0.00094957
 0.0119094  0.00203087 0.00103196 0.00257822 0.00119236 0.00560405
 0.00094082 0.00112705 0.00137698 0.00235336 0.00120572 0.00199297
 0.00339894 0.00154394 0.00142023 0.0026378  0.00140656 0.00107676
 0.00106438 0.00102307 0.00128408 0.00118358 0.00188736 0.00093505
 0.0011144  0.00332918 0.00101593 0.00152256 0.00134566 0.00104594
 0.00115966 0.00116612 0.00136093 0.00151302 0.00096616 0.0018892
 0.00203333 0.04281806 0.0037287  0.00130244 0.00155476 0.00112479
 0.00126426 0.00142555 0.00180914 0.00318533 0.00096893 0.0011626
 0.00486343 0.00327989 0.00140824 0.00111262 0.00153251 0.0024209
 0.00208209 0.0011433  0.00098684 0.00920413 0.00120688 0.0013986
 0.0018711  0.0016242  0.00096654 0.0011431  0.00157177 0.00210367
 0.00128403 0.00114741 0.00111893 0.00113513 0.00135386 0.00159887
 0.00152911 0.00141731 0.00158525 0.00153037 0.00119522 0.00230369
 0.00313418 0.00100439 0.0014345  0.00309311 0.00424586 0.00119177
 0.0014538  0.0013103  0.00101163 0.00097293 0.00661298 0.00216882
 0.00120264 0.00126187 0.00353041 0.01999861 0.00125724 0.00431761
 0.00114369 0.00234656 0.0012173  0.00848642 0.00139906 0.00235813
 0.00137393 0.00273924 0.00263466 0.00324821 0.00130156 0.00321268
 0.00129703 0.00113842 0.00157589 0.00142723 0.00330952 0.00928929
 0.00378799 0.00165692 0.00142405 0.00119318 0.00116867 0.00111001
 0.00103062 0.00279201 0.00110611 0.0016607  0.00180242 0.0035331
 0.0009397  0.00219622 0.00104981 0.00099944 0.00146394 0.00101646
 0.00092156 0.00101606 0.00399152 0.00132747 0.00295446 0.00110216
 0.00178018 0.00116361 0.00188806]"
36,20240902,6.782229628423414,"[0.00151478 0.00126342 0.00150155 0.00121726 0.00120232 0.00122122
 0.00115297 0.00208303 0.00132445 0.00260471 0.00103098 0.00134787
 0.00089769 0.00183086 0.00051416 0.0095961  0.00127411 0.00147195
 0.00126354 0.00132788 0.00171802 0.00166249 0.00147934 0.0036121
 0.00188427 0.00147956 0.00172892 0.00152738 0.00078011 0.00045617
 0.00164441 0.0011721  0.00091958 0.00194895 0.00069395 0.0007545
 0.00188272 0.0023904  0.00174334 0.00192424 0.00173686 0.00103532
 0.00242318 0.00190636 0.00141188 0.00189553 0.00122886 0.00106678
 0.0021066  0.00126222 0.01658507 0.00259599 0.00127397 0.00137641
 0.00571377 0.0196305  0.00133288 0.00255661 0.00159879 0.02047398
 0.00136846 0.00189807 0.00167575 0.00148859 0.00216367 0.00160375
 0.00113074 0.00128002 0.00119345 0.0012046  0.00148395 0.01699452
 0.00204094 0.00138788 0.00127086 0.00835073 0.00068654 0.00121559
 0.00127748 0.00116028 0.00142454 0.0008788  0.00185078 0.00244017
 0.00164191 0.00198632 0.00119815 0.01092024 0.00087608 0.00174954
 0.00146821 0.00300818 0.00093111 0.00190015 0.00380736 0.00109649
 0.00131214 0.00395945 0.00344327 0.00148568 0.00151409 0.00183392
 0.00117138 0.00095036 0.00166107 0.00114301 0.00122941 0.00086784
 0.00144473 0.0017845  0.00125434 0.00220808 0.00145393 0.00214912
 0.00181903 0.00139141 0.00258248 0.001615   0.00213248 0.00138908
 0.00048553 0.00129509 0.00125079 0.00237696 0.00209677 0.00341874
 0.0018801  0.00121665 0.00246753 0.00092113 0.00140888 0.00202523
 0.00087717 0.00139705 0.00291637 0.00125273 0.00157939 0.00159044
 0.00403279 0.00119623 0.0017239  0.00342268 0.00182408 0.00120001
 0.00056042 0.00148812 0.0009461  0.00132471 0.00180179 0.00482661
 0.00110649 0.0015288  0.00185246 0.00222287 0.00133581 0.00137711
 0.00161093 0.00130841 0.00130926 0.00151934 0.00175098 0.00122129
 0.0019613  0.00130815 0.00246131 0.00093584 0.00153821 0.00161509
 0.00578777 0.0004636  0.00278751 0.00152404 0.00114763 0.00173763
 0.00112589 0.00150635 0.00690252 0.00194191 0.0013593  0.00154593
 0.00136287 0.00246346 0.0011889  0.0036558  0.00158161 0.00742977
 0.00297182 0.00220297 0.00210123 0.00156859 0.00245638 0.00180915
 0.00182553 0.00079974 0.00168218 0.00148802 0.00130479 0.00205981
 0.00167319 0.00129173 0.00103662 0.00230943 0.07071934 0.00641747
 0.00193564 0.0063859  0.00294493 0.00168442 0.00170841 0.00211656
 0.00047107 0.0014131  0.00158324 0.00120923 0.00118205 0.00165707
 0.00244269 0.00179317 0.00129807 0.00152047 0.00156994 0.00203581
 0.00105213 0.00127754 0.00053299 0.00170437 0.00186734 0.00553824
 0.00115206 0.00164364 0.00151099 0.0036131  0.00049368 0.00193494
 0.00162143 0.00355818 0.00118126 0.00171712 0.00140843 0.00176507
 0.00150467 0.00198925 0.0017197  0.00196194 0.00168785 0.00182899
 0.00141168 0.00093266 0.00171583 0.00237099 0.0005564  0.00082645
 0.00134031 0.00162318 0.0021022  0.00141386 0.00178391 0.00165061
 0.00128522 0.00170088 0.00127677 0.00173387 0.00103882 0.00126989
 0.00263401 0.00230705 0.00193242 0.00075058 0.00634185 0.00120766
 0.0015484  0.00148892 0.00152313 0.00128244 0.00184852 0.00099306
 0.00261024 0.0026817  0.00115492 0.00114324 0.00565431 0.00086101
 0.00126286 0.00083002 0.00170968 0.00198211 0.00177223 0.00071728
 0.00763829 0.00207376 0.00186465 0.00145583 0.00179711 0.00079677
 0.00118176 0.00112237 0.00050031 0.00221175 0.00083656 0.00129991
 0.00137819 0.00124463 0.00120763 0.00197439 0.00170101 0.00155542
 0.00132717 0.00120242 0.00144713 0.00180358 0.00122393 0.00187858
 0.00232804 0.00412307 0.00196494 0.00149441 0.00179214 0.00127603
 0.00153311 0.00153344 0.00224441 0.00365368 0.00063319 0.00113349
 0.00421699 0.00178836 0.00270014 0.00132924 0.00226508 0.00107543
 0.00309284 0.00133184 0.0005115  0.00217169 0.0014875  0.00452731
 0.00173757 0.00184872 0.00117593 0.00118233 0.00289506 0.00502059
 0.00168361 0.00128448 0.00050897 0.00120713 0.0016599  0.00184725
 0.00166686 0.00209539 0.00143749 0.00229089 0.00133626 0.00122609
 0.00204571 0.00073379 0.00162286 0.00143606 0.00160417 0.00166458
 0.00191196 0.00192318 0.00117001 0.0007783  0.01012562 0.00260928
 0.00077263 0.00175679 0.00308616 0.05204652 0.00148283 0.02245459
 0.00076016 0.00131872 0.00138684 0.00199803 0.00118344 0.00287332
 0.00173473 0.00176384 0.00190936 0.00102864 0.00179307 0.0020985
 0.00302199 0.00135414 0.00182155 0.00181533 0.00938696 0.0008734
 0.00298808 0.00145259 0.00179484 0.00122599 0.00123002 0.00156567
 0.00449262 0.00134773 0.00118528 0.00130445 0.00124786 0.00070436
 0.00125944 0.00110185 0.00142141 0.00126191 0.00203477 0.00120973
 0.00140868 0.00133051 0.00277511 0.0016887  0.00166019 0.00144393
 0.00190211 0.00707694 0.009912  ]"
37,20241010,6.406791986241933,"[0.00181716 0.00157442 0.00138869 0.00131196 0.0011365  0.00112259
 0.00104237 0.0015651  0.00214777 0.00284448 0.00117529 0.00119561
 0.00318055 0.00334447 0.00611927 0.01860913 0.00126763 0.0013944
 0.00168806 0.00158774 0.00256513 0.00169529 0.0022327  0.00133294
 0.0018422  0.00151424 0.00104863 0.00160021 0.00311849 0.00284812
 0.00216258 0.00169344 0.00178006 0.00939307 0.0037566  0.00327453
 0.00282452 0.00159384 0.00174128 0.0021702  0.00148798 0.00169549
 0.0033124  0.00214199 0.00135578 0.00232112 0.0012395  0.00197241
 0.00210208 0.0008665  0.00855428 0.00171106 0.00155868 0.00177425
 0.00286729 0.00198471 0.00143724 0.00276865 0.00294211 0.00220627
 0.00158665 0.00231031 0.00115136 0.00151653 0.00180969 0.00177952
 0.00114708 0.00160316 0.0010908  0.00113817 0.00147135 0.01092454
 0.0018512  0.00159371 0.00135104 0.00189091 0.00233258 0.00076725
 0.00117591 0.00172806 0.00336025 0.00253984 0.00122876 0.00135345
 0.00138999 0.00200665 0.00197165 0.00895429 0.00315953 0.00215912
 0.00145509 0.00146951 0.0020165  0.00196129 0.00185332 0.0036441
 0.00110129 0.0019121  0.00254304 0.00260882 0.00166646 0.00189411
 0.00139204 0.00433334 0.00174158 0.00142739 0.00135674 0.00230511
 0.00083811 0.00244219 0.00156634 0.00374839 0.00130082 0.0013386
 0.00225334 0.00144771 0.00188929 0.00273185 0.00110797 0.00149356
 0.0013705  0.00128283 0.00113278 0.00097665 0.00199836 0.00149638
 0.00162957 0.00307456 0.0028182  0.00107723 0.00715988 0.00202051
 0.00206777 0.00092906 0.00242356 0.00129589 0.0022282  0.00075225
 0.00934448 0.0016257  0.00153336 0.00149741 0.00140139 0.00117423
 0.0012224  0.00145855 0.00463579 0.0028103  0.00244899 0.00146607
 0.00181125 0.00157784 0.00186455 0.00224608 0.00151902 0.00222717
 0.00180251 0.00106464 0.00117252 0.00160307 0.0017894  0.00113245
 0.00239318 0.00104048 0.00190788 0.00244678 0.00116737 0.00194352
 0.00499718 0.00126342 0.0152365  0.00131094 0.00184327 0.00343474
 0.00389024 0.00149759 0.00189489 0.00128746 0.00211393 0.00175935
 0.00299182 0.0012158  0.00139941 0.0037855  0.0044311  0.00860946
 0.00242542 0.00189776 0.00190407 0.0010443  0.00357462 0.00189373
 0.00204442 0.0024479  0.00280989 0.00216237 0.00332961 0.00206156
 0.00133574 0.00112285 0.00099455 0.00207187 0.00776776 0.00563769
 0.00162506 0.00429807 0.00277978 0.00173189 0.00137552 0.00177569
 0.00248127 0.00148692 0.0013657  0.00161816 0.00128179 0.00201744
 0.00155337 0.00171879 0.00171567 0.00288983 0.00282949 0.00239259
 0.00129533 0.00117315 0.00277508 0.00184902 0.00203447 0.00179661
 0.00150594 0.0013037  0.0025416  0.01302314 0.00119427 0.00212065
 0.00181317 0.00210714 0.00126867 0.00181164 0.00228849 0.00235282
 0.00157918 0.0019468  0.00175964 0.00183479 0.00182659 0.00193891
 0.00169773 0.00239064 0.00224409 0.00277578 0.00282277 0.00321263
 0.00171172 0.00174478 0.00280302 0.00360356 0.00210608 0.00229559
 0.0011213  0.00140067 0.00166171 0.00186646 0.00828552 0.00156338
 0.00526338 0.00194905 0.00181345 0.00249601 0.00130425 0.00115202
 0.00133118 0.0017003  0.00086387 0.00131511 0.00174674 0.00387317
 0.00218451 0.00192913 0.00314224 0.00173028 0.00296861 0.00281462
 0.00151185 0.00223818 0.00160181 0.00218809 0.00119441 0.00105383
 0.01288245 0.00277443 0.00185163 0.00133448 0.00302396 0.00259856
 0.00140446 0.00190619 0.00088404 0.00300506 0.00109017 0.00124652
 0.00137637 0.00517078 0.00113754 0.0019707  0.0020143  0.00173672
 0.00127868 0.00103314 0.00123013 0.00240152 0.00126211 0.00100904
 0.00163474 0.00865868 0.00104445 0.00252623 0.00251203 0.00114515
 0.00377074 0.00200207 0.00141368 0.00731357 0.00387674 0.00096692
 0.00422545 0.0019123  0.0017014  0.00154784 0.00135753 0.00585364
 0.00459317 0.00120727 0.00273004 0.00340791 0.00140359 0.00347099
 0.0017587  0.00201378 0.00131339 0.00117549 0.00337753 0.00611937
 0.00186344 0.00132148 0.00299498 0.00112948 0.00190206 0.00175481
 0.00182053 0.00208715 0.00173971 0.00221589 0.00117981 0.00105442
 0.00190912 0.00255889 0.00157997 0.00157083 0.00341217 0.00208299
 0.00179831 0.00187969 0.00131169 0.00307507 0.005507   0.00473052
 0.00175126 0.00178115 0.00165957 0.02494692 0.00169204 0.00175071
 0.0025533  0.00128546 0.00176809 0.00145389 0.00115657 0.00127705
 0.00159467 0.0030237  0.00206843 0.00180259 0.00165627 0.00553159
 0.00210316 0.00134354 0.00162357 0.00175094 0.00432839 0.0067325
 0.00125446 0.0027495  0.00212637 0.0010433  0.00117801 0.00145672
 0.00344403 0.00119286 0.00106152 0.00133644 0.00153637 0.00277286
 0.00150583 0.00135489 0.00164347 0.00169166 0.00165979 0.00137318
 0.00134624 0.00153633 0.00627767 0.00184197 0.0012889  0.00143154
 0.00181948 0.00487818 0.00593871]"
38,20241028,12.539134162501991,"[1.00361972e-03 1.10238696e-03 2.15476776e-03 2.19965301e-03
 1.01656266e-03 7.73704270e-04 2.24168431e-03 1.71858152e-03
 2.40692000e-03 1.51074238e-03 4.51844058e-04 2.23647721e-03
 3.93327542e-04 1.53860212e-03 2.22072392e-04 1.44063001e-03
 2.18191784e-03 2.16282465e-03 2.22006816e-03 2.16102563e-03
 1.62443437e-03 1.45234114e-03 1.54473396e-03 7.45231695e-04
 6.19262638e-04 2.16448463e-03 7.87582344e-04 2.12466278e-03
 6.17724790e-04 4.28283129e-04 1.51877293e-03 1.13006739e-03
 4.47976923e-04 2.64818362e-03 2.94034142e-04 4.43915987e-04
 1.51563000e-03 1.38102822e-03 1.38629276e-03 1.58361143e-03
 1.50105376e-03 8.60325900e-04 6.66630111e-04 1.43924159e-03
 2.18339960e-03 1.51751803e-03 2.13268965e-03 7.47865238e-04
 1.51703111e-03 2.16870126e-03 3.60608304e-01 6.75735147e-04
 1.28435864e-03 1.01945999e-03 6.38506494e-04 2.22887596e-03
 2.19957064e-03 6.00707185e-04 1.18046522e-03 9.04816026e-04
 2.14977768e-03 8.91258369e-04 1.33426941e-03 2.19983345e-03
 1.57180212e-03 1.77827021e-03 2.13158530e-03 2.20667914e-03
 9.69313376e-04 2.22750011e-03 2.15967997e-03 1.33878669e-02
 1.55372921e-03 2.13537141e-03 2.14894194e-03 2.73947888e-04
 4.25906672e-04 5.69229082e-04 2.21857606e-03 8.84732269e-04
 7.85281884e-04 5.54741955e-04 1.52143792e-03 7.64382919e-04
 8.14680474e-04 1.51629625e-03 1.05148383e-03 5.94505271e-04
 1.29470862e-03 1.54832422e-03 7.29757116e-04 5.46719274e-03
 9.01491609e-04 1.54356914e-03 1.46209725e-03 1.20518920e-03
 2.19393869e-03 3.23163485e-03 6.85205711e-04 1.17457852e-03
 9.41304557e-04 1.54212716e-03 1.08071346e-03 1.62541131e-03
 1.53004452e-03 6.91991263e-04 2.21481266e-03 1.08754234e-03
 6.43482470e-03 1.23422259e-03 1.50255286e-03 1.63837022e-03
 2.18662084e-03 1.82330706e-03 1.51277898e-03 1.34503527e-03
 1.65052769e-03 1.62307184e-03 1.30344486e-03 2.16643015e-03
 2.10512408e-04 2.17651978e-03 2.21261519e-03 7.04943022e-04
 1.21062224e-03 2.26437490e-03 1.64537074e-03 6.70808094e-04
 6.75332252e-04 1.11467122e-03 9.44515810e-04 1.34012503e-03
 3.86116316e-04 8.16484075e-04 8.69690487e-04 8.98513518e-04
 6.26294928e-04 2.14344595e-03 1.14696150e-03 2.22608363e-03
 1.57339324e-03 8.28849531e-04 6.95965134e-04 2.29154559e-03
 4.50109948e-04 2.06352764e-03 8.11954528e-04 1.16794697e-03
 1.49402968e-03 1.68815139e-03 7.85045406e-04 2.13501649e-03
 1.85238310e-03 2.68672266e-03 9.40083708e-04 9.19407301e-04
 1.45804290e-03 2.19549044e-03 2.21809150e-03 2.11597292e-03
 1.48951696e-03 2.22675330e-03 1.64860665e-03 2.18653289e-03
 1.54583295e-03 4.20984527e-04 1.35604489e-03 1.48220423e-03
 4.07525809e-04 3.45776174e-04 1.08706660e-02 7.18195260e-04
 1.14256865e-03 1.32427459e-03 7.41444638e-04 1.42000112e-03
 1.50578732e-03 7.99273650e-04 2.15026347e-03 1.50568786e-03
 1.42259340e-03 2.04291345e-03 2.20040686e-03 1.15226667e-03
 1.90044736e-03 3.75182626e-03 1.55414861e-03 1.80257160e-03
 1.50729578e-03 2.34352926e-03 1.46215262e-03 1.54380983e-03
 1.53481701e-03 4.38039422e-04 2.12067273e-03 9.42941690e-04
 2.42090482e-03 1.46209211e-03 1.54211330e-03 2.20849985e-03
 2.28981567e-04 2.06673108e-04 1.76650350e-03 1.99946034e-03
 6.09205547e-04 1.19463966e-03 9.17136986e-04 1.46736992e-03
 2.11305202e-03 1.56677364e-03 4.10871486e-04 2.17333783e-03
 2.14833175e-03 2.23802460e-03 2.27929727e-03 1.42290594e-03
 1.63340493e-03 3.77006742e-03 2.24608685e-03 9.75949062e-04
 1.16126862e-03 1.57945789e-03 6.70360947e-04 2.20555176e-03
 5.06755368e-04 1.65681743e-03 1.79615835e-03 8.11490861e-04
 1.19317688e-03 1.75223005e-03 1.37101980e-03 1.22302112e-03
 2.08455311e-04 1.63946495e-03 1.55761815e-03 4.19046237e-03
 2.23286380e-03 1.62696355e-03 4.74998934e-04 2.26556402e-03
 5.83137489e-04 1.57549453e-03 1.49412519e-03 1.63138808e-03
 1.50188513e-03 1.53024387e-03 2.14220728e-03 6.15058131e-04
 1.51561827e-03 1.84700472e-03 4.04247800e-04 3.87552488e-04
 2.13058916e-03 1.79021318e-03 1.73609883e-03 3.64077722e-04
 1.52738499e-03 1.46331125e-03 2.20110565e-03 8.04658851e-04
 2.13653464e-03 1.49023352e-03 6.36965538e-04 2.20655468e-03
 1.38917556e-03 7.27234778e-04 1.50675069e-03 5.80846330e-04
 1.79678068e-03 2.22842944e-03 1.96787020e-03 1.42860736e-03
 2.47201170e-03 1.03992578e-03 1.45759953e-03 4.53718138e-04
 1.52427604e-03 1.11628904e-03 3.50051902e-04 7.08699565e-04
 9.95255568e-04 1.86493178e-03 2.20805380e-03 6.20733991e-04
 1.59247992e-03 5.99152087e-04 2.20163896e-03 3.06670296e-04
 1.90711694e-03 1.63891157e-03 1.53212967e-03 8.53581452e-04
 1.25463066e-03 4.96076341e-04 2.24507758e-03 2.38022429e-04
 1.10164460e-03 1.17335657e-03 3.36070777e-04 2.28245722e-03
 2.14774972e-03 1.25677161e-03 2.18280316e-03 1.54814137e-03
 1.44934932e-03 2.13969407e-03 2.19418635e-03 2.22887146e-03
 2.23128732e-03 9.75001112e-04 2.23104649e-03 7.41336531e-04
 2.16206123e-03 3.04560824e-03 5.82634300e-04 6.15685953e-04
 2.30275722e-03 2.20465760e-03 1.18400506e-03 1.31839107e-03
 7.66050552e-04 2.45275098e-03 4.48929733e-04 2.31866099e-04
 1.76447651e-03 8.97267817e-04 1.56411879e-03 2.15571615e-03
 3.01962688e-03 6.14384752e-04 3.52375764e-03 2.16531664e-03
 5.62304793e-04 3.25561355e-03 2.10971483e-03 1.28832117e-03
 1.50939167e-03 1.57502473e-03 2.25645979e-03 2.22574991e-03
 1.98297463e-03 1.20731742e-03 1.47664977e-03 2.21232189e-03
 4.82841638e-04 2.23659274e-03 1.57687936e-03 1.52053862e-03
 1.53848977e-03 1.56166370e-03 8.73325155e-04 1.64874735e-03
 2.23451849e-03 2.15044816e-03 8.13807743e-04 3.93489298e-04
 1.54383460e-03 2.34569896e-03 1.00103047e-03 1.21029138e-03
 1.50674127e-03 1.53388891e-03 2.17187046e-03 4.36633424e-04
 1.28550677e-03 7.27570184e-04 4.34784909e-04 1.49400559e-03
 5.98390910e-04 1.54169975e-03 2.15222984e-03 1.71487392e-03
 6.29709051e-04 1.35354229e-03 4.95428521e-04 1.04764864e-03
 1.07119879e-03 1.46111045e-03 1.49750279e-03 5.85274291e-04
 7.04596582e-04 6.82458791e-04 1.50587966e-03 3.24714799e-03
 1.61431064e-03 2.15305015e-03 1.52546058e-03 1.58097286e-03
 1.28090251e-03 2.63614035e-03 1.18106102e-03 8.15583059e-04
 1.60879818e-03 2.23976346e-03 2.20871665e-03 2.15985240e-03
 1.00810455e-03 3.64236331e-04 2.21266358e-03 2.33641443e-03
 1.32169307e-03 5.03279618e-04 2.20070898e-03 6.77384944e-04
 2.20490155e-03 2.12281749e-03 1.64319756e-03 2.24473412e-03
 2.23856518e-03 2.15330904e-03 5.58241662e-04 1.54903214e-03
 7.64929546e-04 2.15557713e-03 1.65716660e-03 3.65487563e-03
 6.37253681e-04]"
39,20241107,7.675311070891334,"[0.00171392 0.0020857  0.00185536 0.00205078 0.0013363  0.00233508
 0.00131908 0.00105226 0.00121534 0.00188658 0.00109414 0.0015351
 0.00117443 0.00168208 0.00080993 0.00815643 0.00162831 0.00189516
 0.00180821 0.00167228 0.00157369 0.00134723 0.00143496 0.00064554
 0.00341565 0.00190412 0.00174661 0.00213871 0.00216708 0.00104734
 0.00142984 0.00109287 0.00358648 0.0067012  0.00088694 0.00114363
 0.00146419 0.00208409 0.00148415 0.00149268 0.00139607 0.00144636
 0.00163958 0.0013943  0.00189019 0.00185501 0.00224581 0.00150616
 0.00140461 0.00106412 0.06816428 0.00396047 0.00125929 0.00265512
 0.00199878 0.00380837 0.00173435 0.00370513 0.00228184 0.00127518
 0.00184809 0.00166875 0.00219766 0.00178067 0.0015382  0.00153747
 0.00113475 0.00188662 0.00173892 0.00112373 0.00183798 0.00587812
 0.00142956 0.00195018 0.00167255 0.00147627 0.00124887 0.00062584
 0.00164073 0.00101078 0.00298345 0.00105315 0.00118509 0.00174467
 0.00079858 0.00140843 0.00207225 0.00335664 0.00215281 0.00135193
 0.00077546 0.00230228 0.00288072 0.00136933 0.00148483 0.00266963
 0.00159783 0.00518729 0.00163602 0.00218427 0.00224134 0.00136971
 0.00128437 0.00540572 0.0015128  0.00178642 0.00175656 0.00053159
 0.00111128 0.00196399 0.00200397 0.00341744 0.00190155 0.00364571
 0.00146662 0.00170301 0.00146514 0.00178442 0.00247179 0.0018218
 0.00463211 0.00161298 0.00163719 0.00229489 0.00178347 0.00206225
 0.00144756 0.02460797 0.00138616 0.00221399 0.00223104 0.00268592
 0.00118258 0.00088172 0.01393351 0.00332977 0.00423211 0.00106277
 0.00163886 0.00154967 0.0014694  0.00235998 0.00073781 0.00119033
 0.00261124 0.00191836 0.00225849 0.00243968 0.00198976 0.0026517
 0.00227047 0.00177429 0.001373   0.00437655 0.0019256  0.00163308
 0.00139215 0.00152762 0.00179351 0.001853   0.00161288 0.00117202
 0.00163842 0.00184184 0.00157769 0.00146267 0.00214857 0.00135131
 0.0018843  0.00131734 0.00898437 0.00077094 0.00115663 0.00285108
 0.00428669 0.00165864 0.00144965 0.00173783 0.00254156 0.00141493
 0.00177184 0.00351192 0.00218136 0.009019   0.00211003 0.00219459
 0.00209209 0.00123838 0.00171655 0.00163294 0.00172138 0.00138861
 0.00133329 0.00144259 0.00214048 0.00482423 0.00153071 0.00147106
 0.00158188 0.00175568 0.00217643 0.0014407  0.00515123 0.01091775
 0.00165032 0.00438667 0.00328174 0.0014416  0.00135538 0.0014638
 0.00142003 0.00198633 0.00188625 0.00200079 0.00154618 0.00146886
 0.00191385 0.00265176 0.00185339 0.00266891 0.00221994 0.00148552
 0.00119038 0.00157002 0.00187477 0.00164876 0.00160904 0.00135469
 0.00171256 0.00184155 0.00220746 0.0034529  0.00237822 0.00166136
 0.00146444 0.00235463 0.00159963 0.00144079 0.00225825 0.00233894
 0.00082977 0.00147321 0.00136128 0.00156357 0.00144506 0.00134457
 0.00217064 0.00147466 0.00148179 0.00215295 0.00115301 0.00105841
 0.00185581 0.00136279 0.00419093 0.00118973 0.00156282 0.00147587
 0.00155436 0.00177479 0.00178614 0.00139373 0.00343585 0.00193302
 0.00215352 0.0011207  0.00143082 0.00099617 0.00314142 0.0016821
 0.0015168  0.00345931 0.00103829 0.0013736  0.00194121 0.00124309
 0.00124417 0.00115584 0.00342661 0.00255969 0.00183859 0.00247438
 0.00193138 0.00147252 0.0016627  0.00196204 0.00235756 0.00136515
 0.00106478 0.00158834 0.00141993 0.00186429 0.00233587 0.0012971
 0.00120965 0.00111737 0.00067833 0.00221909 0.00109302 0.00159009
 0.00179453 0.00168175 0.00124481 0.00141915 0.00142306 0.00258206
 0.00166802 0.00119529 0.00109311 0.00302531 0.00161011 0.00150844
 0.0057693  0.0068721  0.00161791 0.00096012 0.00156659 0.00149992
 0.0023551  0.00213837 0.00231212 0.0018716  0.00108097 0.00064101
 0.00192592 0.00082246 0.00163911 0.00172693 0.00254837 0.0012176
 0.00260352 0.00156931 0.00266716 0.03578361 0.00173865 0.00162774
 0.001584   0.0016074  0.00146745 0.00117877 0.00135748 0.01653514
 0.00156582 0.00153419 0.00074341 0.00141413 0.00145335 0.0014447
 0.00148321 0.00146015 0.00414315 0.00179298 0.00160976 0.00103897
 0.00302417 0.00120014 0.00151809 0.00514946 0.00082285 0.00218271
 0.00134188 0.00146626 0.0017588  0.00144667 0.00230182 0.00235905
 0.00096757 0.0015736  0.00114376 0.01756838 0.00204906 0.00564853
 0.00108564 0.008388   0.00101429 0.00603766 0.00197133 0.0012228
 0.00133557 0.00209572 0.00208883 0.00077777 0.00143523 0.00132513
 0.00169151 0.00185267 0.00142715 0.00148663 0.00187909 0.00093904
 0.00276633 0.00220883 0.00163651 0.00115719 0.00116601 0.00179527
 0.0020523  0.00112396 0.00120513 0.00425789 0.00093376 0.00160986
 0.00195542 0.0007597  0.00210097 0.00171192 0.00160364 0.00170779
 0.00221536 0.00203185 0.01592813 0.00134793 0.0007671  0.00175638
 0.00130747 0.00237903 0.00203148]"
40,20240926,7.52317081100564,"[0.00467084 0.00168665 0.00157421 0.00153827 0.00147041 0.00341066
 0.00173556 0.00159574 0.00131977 0.00136856 0.00130622 0.00143248
 0.00398264 0.00194063 0.00174905 0.00084884 0.00125891 0.0015998
 0.00140753 0.00163587 0.00199902 0.00184209 0.00207454 0.00099143
 0.0008603  0.00163096 0.00086718 0.00145341 0.00283842 0.00238959
 0.0015007  0.00147545 0.00202976 0.00273995 0.00258617 0.00193131
 0.00158249 0.00146624 0.00202643 0.00216889 0.00211639 0.00079102
 0.00065625 0.00202664 0.00152271 0.00212496 0.00116717 0.00096005
 0.00198234 0.00133061 0.01022408 0.00171745 0.00122385 0.00121915
 0.00190583 0.00105441 0.00138332 0.00143721 0.00194071 0.01070334
 0.00138854 0.0027817  0.00161689 0.00161076 0.0020118  0.00158785
 0.00129828 0.00143486 0.00152561 0.00121323 0.00161595 0.0050318
 0.00168684 0.00159718 0.0014239  0.01776486 0.00240438 0.00184235
 0.0014239  0.00079486 0.00106404 0.00212165 0.00185188 0.00284243
 0.00073137 0.00229064 0.00130023 0.03114815 0.00215648 0.00159686
 0.00077137 0.01795577 0.00154971 0.00236996 0.00158298 0.00130526
 0.00140776 0.00165646 0.00071912 0.0033735  0.0026084  0.00193874
 0.00118155 0.00143762 0.00183893 0.00072831 0.00169703 0.00286313
 0.00157394 0.00208969 0.00149435 0.00960411 0.00159312 0.0012665
 0.00180749 0.00141928 0.00211291 0.00152416 0.00198099 0.00163168
 0.00130279 0.00156479 0.00141882 0.00114652 0.00132566 0.00097564
 0.00205164 0.00323498 0.00089722 0.00185205 0.00182033 0.0015728
 0.00267522 0.00116245 0.00110513 0.00103497 0.00225824 0.00143808
 0.00302386 0.00128083 0.00183164 0.00142405 0.0007369  0.00123872
 0.00164281 0.00151586 0.00294804 0.00135319 0.00177446 0.00270126
 0.0015597  0.0015271  0.00168712 0.00631206 0.00209824 0.00129636
 0.00189752 0.00133163 0.00155441 0.00148802 0.00176602 0.00121679
 0.00188906 0.00152207 0.00175602 0.00269503 0.00155882 0.00184118
 0.00838688 0.00249242 0.00281955 0.00082711 0.00178147 0.00164254
 0.00137857 0.00097121 0.0052181  0.00075206 0.00131516 0.00208564
 0.00199076 0.00192962 0.00143056 0.00205508 0.00336274 0.00169467
 0.00385825 0.00171563 0.00186467 0.00166007 0.00142651 0.00190764
 0.00188496 0.00257366 0.00174865 0.00131538 0.00191045 0.0018526
 0.0014466  0.00142531 0.00207036 0.0040642  0.00420885 0.00234211
 0.00086328 0.0008226  0.00282854 0.00168084 0.0031997  0.0018457
 0.00229314 0.00157048 0.00148669 0.00145153 0.00134101 0.00187113
 0.00166077 0.00174216 0.00149632 0.00165953 0.00179926 0.00217019
 0.00109395 0.00148852 0.00321521 0.00194197 0.00200911 0.00686718
 0.00239231 0.0020288  0.00215575 0.00141169 0.00226142 0.00222016
 0.00243241 0.00105736 0.00130295 0.00187762 0.00229774 0.00148378
 0.0013373  0.00197806 0.00206867 0.00182726 0.00185318 0.0020635
 0.00147329 0.00259804 0.00188581 0.00237173 0.00204728 0.00252489
 0.00129144 0.00201353 0.0014996  0.00340014 0.00207615 0.00199772
 0.00143883 0.00299059 0.00162056 0.00152408 0.00128326 0.00140927
 0.00158632 0.00357092 0.00195609 0.00278164 0.00552249 0.00148892
 0.00165574 0.00357086 0.00129174 0.00138735 0.00201636 0.00335925
 0.00141671 0.00120843 0.00210279 0.0016113  0.00170602 0.00227821
 0.00139449 0.00276186 0.00184078 0.00074692 0.00134115 0.00151319
 0.00132085 0.00238893 0.00224741 0.00127848 0.0019044  0.00232149
 0.00126241 0.00228463 0.00139572 0.00192062 0.00128477 0.00130759
 0.00155348 0.00191857 0.00146925 0.00180077 0.00195077 0.00166076
 0.00152699 0.0013035  0.00138136 0.00145244 0.00127484 0.0013942
 0.00111083 0.00136117 0.00077682 0.00485315 0.00196756 0.00138243
 0.00221022 0.00153753 0.00188328 0.00133125 0.0025332  0.00436593
 0.00208462 0.00088251 0.0020946  0.00137318 0.00179408 0.0007574
 0.00179158 0.00199429 0.0020362  0.00628327 0.00165582 0.00226693
 0.00193676 0.00188091 0.00124454 0.00123941 0.00149254 0.00437147
 0.00185571 0.00147651 0.00214321 0.00120477 0.00195857 0.00169481
 0.00184111 0.00202502 0.0018823  0.00206935 0.00144908 0.00135598
 0.00258969 0.00340584 0.0018674  0.00225896 0.00186932 0.00203547
 0.00194599 0.00191393 0.00147645 0.00287204 0.01017568 0.00084925
 0.00273178 0.00179353 0.00093382 0.1126584  0.00141587 0.00230604
 0.00279472 0.00245556 0.00223762 0.00700884 0.00141359 0.00204198
 0.00188851 0.00084322 0.00079578 0.00088552 0.00165112 0.00216088
 0.00183231 0.00161483 0.00205981 0.00189645 0.00270423 0.00172722
 0.0052652  0.00197719 0.00181788 0.00124114 0.00119614 0.00155986
 0.00172914 0.00210653 0.00122498 0.00581051 0.0017623  0.00143689
 0.00135147 0.00156564 0.00153609 0.00127665 0.00205286 0.00135132
 0.00138772 0.00135081 0.0029064  0.00184717 0.00192216 0.0015884
 0.00178003 0.000971   0.00338048]"
41,20241018,9.934631194232944,"[0.00171516 0.00158844 0.00068948 0.00069553 0.0010058  0.00334201
 0.00072369 0.00186945 0.00082809 0.0011357  0.00161975 0.00082572
 0.00239144 0.00172851 0.0017144  0.00177501 0.00073001 0.00068269
 0.00072166 0.000692   0.00137759 0.00142263 0.0026251  0.00165954
 0.00210152 0.00067785 0.00196934 0.00076524 0.00179927 0.00210124
 0.00158971 0.00095028 0.00073502 0.0014455  0.00212287 0.00241276
 0.00266582 0.00192997 0.001666   0.00171875 0.00157195 0.00181033
 0.00231709 0.00153879 0.00071368 0.00143907 0.00074543 0.00127113
 0.00152169 0.00072125 0.02621435 0.00070719 0.00103184 0.00104805
 0.00558322 0.00412481 0.00080563 0.00074664 0.00119533 0.0023813
 0.00071407 0.00104851 0.00096859 0.00072024 0.00165302 0.00211354
 0.00064581 0.00071851 0.00136535 0.00072335 0.00067385 0.01121828
 0.00168953 0.00072795 0.00069879 0.0024614  0.00222358 0.00155464
 0.00080207 0.00120246 0.00245087 0.00227179 0.00185243 0.00165928
 0.00145779 0.00156278 0.00111776 0.01397266 0.00094929 0.00152395
 0.00151099 0.00598258 0.00065071 0.00146204 0.0029407  0.0011817
 0.00082857 0.00150399 0.00279912 0.00452515 0.00228215 0.00160963
 0.00093809 0.00110529 0.00162709 0.00128302 0.00072186 0.00224187
 0.0014102  0.00125956 0.00150078 0.00159569 0.00071074 0.00310404
 0.00153771 0.00267883 0.00161083 0.00178671 0.00123221 0.00067583
 0.00262179 0.00079078 0.00078234 0.00196942 0.00209486 0.00165038
 0.00183979 0.00115615 0.0024688  0.00225735 0.00119764 0.00128251
 0.00241148 0.00476119 0.00276931 0.00142785 0.0008847  0.00054737
 0.12865892 0.00071757 0.00148741 0.00175376 0.0013123  0.00074139
 0.00155428 0.00071488 0.00129978 0.00115409 0.00169489 0.00178051
 0.00065898 0.00075748 0.00265279 0.00209058 0.00153404 0.00278912
 0.00161477 0.00081962 0.00082616 0.00070717 0.00151103 0.00069169
 0.00166342 0.00078749 0.00167399 0.00205958 0.00110522 0.00147918
 0.00149027 0.00161812 0.0012944  0.00110226 0.00122479 0.00105202
 0.00076873 0.002785   0.00154006 0.00192858 0.00082223 0.00155836
 0.00133482 0.00101503 0.00070931 0.00070066 0.00159471 0.00106799
 0.00157168 0.00166005 0.00148506 0.0010935  0.00212697 0.00163464
 0.00168469 0.00191844 0.00150491 0.00088827 0.00105066 0.00144931
 0.00220948 0.00081678 0.00154103 0.0017231  0.00627699 0.00356216
 0.00216075 0.00215096 0.00195358 0.0014571  0.00273258 0.00236398
 0.00199097 0.00068912 0.00066582 0.00071897 0.00082145 0.0015915
 0.00170567 0.00220476 0.0007339  0.00120364 0.00116853 0.00165152
 0.00161908 0.00079115 0.002229   0.00175326 0.00162509 0.0014614
 0.00105775 0.00218439 0.00106522 0.00319161 0.00214161 0.00169634
 0.00167694 0.00379372 0.00071145 0.00180137 0.00067547 0.0009289
 0.00165317 0.00179855 0.00161777 0.00178914 0.00157873 0.00175267
 0.0007671  0.00206379 0.00157808 0.00174595 0.00242745 0.0023547
 0.00075546 0.00164521 0.00283713 0.00267564 0.00150957 0.0014515
 0.00079224 0.00262277 0.00070306 0.00157785 0.00094138 0.00070876
 0.00090769 0.00331898 0.0016654  0.00184501 0.00178218 0.00069857
 0.00063565 0.0014688  0.00059125 0.00160989 0.00157258 0.00255632
 0.00159619 0.00141742 0.00181575 0.0006996  0.00181485 0.00091136
 0.00072707 0.00241752 0.00149121 0.00205909 0.0008181  0.00158008
 0.0021276  0.00181195 0.0016976  0.0013919  0.00105748 0.00291784
 0.00071733 0.00189425 0.00154015 0.00105318 0.00165177 0.00072028
 0.00070688 0.00151801 0.00069397 0.00161662 0.00162812 0.00059727
 0.00081703 0.00068883 0.00056451 0.00072777 0.00069971 0.00192991
 0.00285816 0.00163233 0.00236118 0.00181459 0.0015518  0.00078783
 0.00129191 0.00105773 0.00212491 0.00147891 0.00274047 0.00171351
 0.00228404 0.00133471 0.00135995 0.00066554 0.00233917 0.001154
 0.00219645 0.00070628 0.0019965  0.05246125 0.00076249 0.00113583
 0.00156097 0.00168499 0.00070097 0.00068979 0.00213591 0.00358693
 0.00145072 0.00080813 0.00207134 0.00070528 0.00152591 0.00171953
 0.00199261 0.00162674 0.00078419 0.00147897 0.00078949 0.00104189
 0.00352976 0.0022593  0.001503   0.00071009 0.00113218 0.00097881
 0.00164694 0.00171311 0.00075837 0.00228723 0.00193092 0.0018809
 0.00235176 0.00145021 0.00108638 0.11082575 0.00073543 0.00192737
 0.00234667 0.0010481  0.00328511 0.01450901 0.00098328 0.00275924
 0.00162188 0.00384316 0.00231328 0.00115701 0.00167598 0.00150036
 0.00134903 0.00067387 0.00165357 0.00155456 0.00207493 0.0015816
 0.00198914 0.00138932 0.00172405 0.00071441 0.00071554 0.00066964
 0.0011198  0.00192021 0.0007128  0.00108854 0.00221379 0.0021792
 0.00071607 0.00174517 0.0007007  0.0007172  0.00173253 0.0007237
 0.00112626 0.00070175 0.00419996 0.00162609 0.00186282 0.00067582
 0.00192705 0.00348597 0.00258375]"
42,20241021,8.829604206022664,"[0.00372978 0.00263031 0.00168267 0.00158116 0.00116905 0.00087644
 0.00179145 0.00153256 0.00121343 0.00242518 0.00128915 0.00150099
 0.00175891 0.00139267 0.00715819 0.00848954 0.00151927 0.00164762
 0.00159465 0.00164197 0.0017087  0.00148602 0.00123289 0.0030434
 0.00199619 0.00172811 0.00179139 0.00198294 0.0020244  0.00105844
 0.00191166 0.00153089 0.00091372 0.0088571  0.00238434 0.00150312
 0.00102591 0.00103399 0.00155462 0.00201364 0.00149082 0.00222389
 0.0026896  0.00147328 0.00171659 0.00120996 0.00154895 0.00119425
 0.0017721  0.00087889 0.00903411 0.00103909 0.00105098 0.00143628
 0.00189573 0.0162908  0.00156582 0.00093605 0.00142867 0.00809308
 0.00171579 0.00338987 0.00124458 0.0017681  0.00159383 0.00238877
 0.001034   0.00157923 0.00203123 0.00133103 0.00172176 0.01746206
 0.00172267 0.00154751 0.00166711 0.00110337 0.001405   0.00091202
 0.00145434 0.00155859 0.00159155 0.0018445  0.00129779 0.00488898
 0.00137125 0.00176803 0.00251378 0.00749689 0.00179115 0.00146848
 0.00182278 0.00266719 0.00108973 0.00115624 0.00100484 0.00115
 0.00146318 0.00147008 0.00213623 0.00348258 0.00141945 0.0012059
 0.00109193 0.00176388 0.00133744 0.00137828 0.00142196 0.00191078
 0.00093425 0.00133508 0.00404182 0.00202104 0.00180933 0.00133049
 0.00149466 0.00103554 0.00278327 0.00161671 0.00100868 0.00179088
 0.00131656 0.00146883 0.00147491 0.00203886 0.00237865 0.00151544
 0.00138332 0.00083788 0.00242765 0.00161573 0.00139306 0.00145811
 0.00208711 0.00302903 0.0026882  0.00221519 0.0011095  0.001431
 0.01788052 0.00147595 0.00135875 0.00205655 0.00134835 0.00145455
 0.00144608 0.00204332 0.00230902 0.00129012 0.00151313 0.00266885
 0.00125843 0.0019314  0.00135229 0.00375605 0.00309527 0.00246669
 0.00109484 0.00151494 0.00148573 0.00204847 0.00152313 0.00143874
 0.00171279 0.0014463  0.00175869 0.00161208 0.00357195 0.00148566
 0.00174162 0.00125598 0.00466205 0.00143951 0.0010816  0.00099648
 0.0017793  0.00182635 0.00119391 0.00190146 0.00162134 0.00132898
 0.00242263 0.00245011 0.00156019 0.00090709 0.00140202 0.00149472
 0.00194534 0.00167474 0.00142843 0.0014193  0.00139681 0.00163798
 0.00143574 0.00162715 0.00230821 0.0009174  0.00095502 0.00162445
 0.0011483  0.0014593  0.00305384 0.00203862 0.13513305 0.00563273
 0.00192376 0.00349859 0.00367613 0.00139564 0.00126631 0.00133345
 0.00126442 0.001716   0.00175097 0.00162122 0.00187151 0.00129482
 0.00155091 0.0022865  0.00170457 0.00199092 0.00164143 0.00167997
 0.00161812 0.00147527 0.00447099 0.00160051 0.00169206 0.00600825
 0.00138396 0.00168336 0.00206742 0.00127328 0.00100182 0.00167254
 0.00122993 0.00169448 0.00150741 0.00130074 0.00115746 0.00134654
 0.00137657 0.00166024 0.0016301  0.00152065 0.00150338 0.00170272
 0.0020066  0.00163937 0.00146931 0.00479379 0.00158379 0.00172994
 0.00168301 0.00171783 0.00103762 0.00151535 0.00156398 0.0014711
 0.00144174 0.00580091 0.00179767 0.00137908 0.00964863 0.00159156
 0.00153779 0.00183418 0.00142492 0.00145914 0.00127827 0.00156227
 0.00198087 0.0013928  0.0010261  0.00110356 0.00164605 0.00160295
 0.00356104 0.00362366 0.00148288 0.00115421 0.00304806 0.00128524
 0.00155224 0.00167521 0.0016862  0.00207602 0.00167446 0.00105316
 0.00258242 0.0025631  0.00142421 0.00135164 0.00147662 0.00171964
 0.00143555 0.00138232 0.00253913 0.00250673 0.00107002 0.00149022
 0.0016517  0.0018019  0.00152839 0.00137755 0.00149796 0.00173744
 0.0014715  0.00140309 0.00113682 0.00111776 0.00142419 0.00176451
 0.00204726 0.00852079 0.00226502 0.00212389 0.00122575 0.00146762
 0.00179679 0.00104758 0.0018813  0.00177249 0.00170548 0.00101642
 0.00163837 0.00153231 0.00149354 0.0015592  0.00631697 0.00150557
 0.00244219 0.00162345 0.00162606 0.02252594 0.00170748 0.00176162
 0.00145016 0.00167005 0.00144429 0.00148996 0.00228744 0.00163265
 0.00158468 0.00148402 0.00174804 0.00142948 0.00160548 0.0016086
 0.00157399 0.00172701 0.00065466 0.00114756 0.00176504 0.00087088
 0.00166173 0.00215291 0.00132139 0.00076474 0.00111586 0.00113822
 0.00142893 0.00158822 0.0015681  0.00164323 0.00517815 0.00249649
 0.00107583 0.00147895 0.00117355 0.00307462 0.00198544 0.00193523
 0.00221182 0.00941915 0.00161359 0.0022362  0.00139766 0.00111085
 0.00147575 0.00254043 0.00197689 0.0021341  0.00133303 0.00221291
 0.00125712 0.00174194 0.00139067 0.00128823 0.00199879 0.0035726
 0.00195627 0.00155077 0.00175273 0.00157111 0.00140656 0.00171372
 0.00125481 0.00117219 0.00144087 0.00210847 0.00166599 0.0015329
 0.00159483 0.00146172 0.00165078 0.00179225 0.00147131 0.00154437
 0.00170891 0.00161869 0.00254734 0.00172951 0.00153829 0.0017124
 0.00161874 0.00480176 0.0061381 ]"
43,20241225,9.263571074270361,"[0.00130009 0.0007631  0.00135888 0.00134674 0.00081962 0.00164897
 0.00136765 0.00263507 0.00129133 0.00081948 0.00126118 0.00127911
 0.00100796 0.00195303 0.00177727 0.0156406  0.00132996 0.00133257
 0.00138288 0.00130277 0.00212009 0.00190826 0.00270646 0.00113598
 0.00133449 0.00133324 0.00119561 0.00128374 0.0011076  0.00105262
 0.00192972 0.00129662 0.00093465 0.00146645 0.00080902 0.00105066
 0.00703336 0.00149938 0.00237314 0.00196071 0.00201158 0.0012361
 0.00058139 0.00191825 0.00132334 0.00181778 0.00133301 0.00118393
 0.00190308 0.00126791 0.03917586 0.00110167 0.00126111 0.00124071
 0.00062589 0.00310068 0.00137043 0.00093314 0.00129509 0.00177469
 0.00133253 0.00152539 0.00114949 0.00128623 0.00191995 0.00207484
 0.00126117 0.00131132 0.00071229 0.00135794 0.00133042 0.00193682
 0.00192359 0.00131791 0.00136097 0.00579248 0.00103764 0.00125236
 0.00133897 0.00133539 0.00077669 0.00105564 0.00191363 0.00070723
 0.00182929 0.00193191 0.00214106 0.04586384 0.00101585 0.00194658
 0.00175199 0.00076737 0.00097647 0.00197089 0.00147033 0.00178756
 0.00130847 0.00344499 0.00063404 0.0026703  0.00092178 0.00200914
 0.00086117 0.00114522 0.00191811 0.00121465 0.00193518 0.0011655
 0.00356834 0.00556479 0.0013351  0.00161562 0.00131541 0.00266418
 0.00195203 0.00140932 0.0020339  0.00189903 0.00119293 0.00134548
 0.0009929  0.00131652 0.00132415 0.00110909 0.00244229 0.0011213
 0.00206454 0.01051056 0.0012151  0.00117174 0.00115593 0.00133585
 0.0010872  0.00566588 0.00109749 0.0013151  0.00093051 0.00126485
 0.01027646 0.00128655 0.00192624 0.00158334 0.00152874 0.00138037
 0.00128975 0.0012842  0.00141002 0.00090711 0.00196756 0.00457209
 0.00102261 0.00130563 0.00145485 0.00116327 0.00083234 0.0009621
 0.00223072 0.00135827 0.0013193  0.00128253 0.00190932 0.00134369
 0.00199934 0.00142871 0.00196467 0.00100203 0.00174771 0.00184465
 0.01172592 0.00090036 0.0238593  0.00155383 0.00080349 0.00116368
 0.00114091 0.00094804 0.00218732 0.00077247 0.00290019 0.0020564
 0.00137775 0.00418288 0.00131734 0.00108364 0.00378936 0.00222596
 0.00218465 0.00195063 0.0018973  0.00155383 0.00197358 0.00189496
 0.0019188  0.00109046 0.00136616 0.00114811 0.00220486 0.00188309
 0.00195015 0.00134895 0.00120126 0.0013745  0.00261879 0.00344811
 0.00070809 0.00081478 0.00716998 0.00189867 0.00160232 0.00219994
 0.00110942 0.00131637 0.00130634 0.00134571 0.00140216 0.00192214
 0.00202771 0.00442068 0.00132375 0.00115596 0.00118381 0.0019201
 0.00161536 0.00128824 0.00115909 0.00195858 0.00192809 0.00464832
 0.00101428 0.00188148 0.0015722  0.00139933 0.00087162 0.00196063
 0.00195308 0.00079917 0.00130718 0.0020164  0.00092207 0.00126703
 0.00117353 0.00201822 0.00196748 0.00197064 0.00194856 0.00195242
 0.00127766 0.00107889 0.00197469 0.00131255 0.00099571 0.00104864
 0.00130886 0.00265201 0.00274383 0.00116187 0.00196439 0.00197147
 0.00130605 0.0054657  0.00129405 0.00251856 0.00266823 0.00138079
 0.00146393 0.00256188 0.00219563 0.00087218 0.00137566 0.00131623
 0.00137324 0.00240671 0.00129536 0.0009516  0.00211054 0.00100617
 0.00205612 0.00106608 0.0009551  0.00100187 0.00073659 0.00093381
 0.00131888 0.00133809 0.00193785 0.00125783 0.00127332 0.00173307
 0.00233213 0.00193476 0.00201516 0.0012192  0.00106677 0.00105592
 0.00137252 0.00098051 0.00084456 0.00126852 0.00151762 0.00130763
 0.00134895 0.00142627 0.00150514 0.00214522 0.00190286 0.00137449
 0.00133642 0.00147612 0.00127317 0.00131184 0.00132082 0.00058859
 0.00216982 0.0014577  0.00070749 0.00121817 0.00129099 0.00129232
 0.00120346 0.00113115 0.00144895 0.00618971 0.0011202  0.00087907
 0.00884218 0.00172983 0.00221333 0.00130422 0.00132815 0.00126958
 0.00240369 0.00141113 0.00150958 0.02792074 0.00129949 0.00444046
 0.0019726  0.00200283 0.00129701 0.00139237 0.00218464 0.00080171
 0.00190542 0.00129628 0.00148419 0.00136043 0.00196441 0.00197222
 0.00197909 0.00191707 0.00094735 0.00198994 0.00138645 0.00122503
 0.00065301 0.00108066 0.00198031 0.00204167 0.00115643 0.00153952
 0.00248497 0.00201006 0.00131328 0.00103817 0.0034184  0.00081111
 0.00088535 0.00185246 0.00121999 0.12380431 0.00127908 0.00143749
 0.00086399 0.00092898 0.00124699 0.00375299 0.0008187  0.00298992
 0.00195113 0.00107873 0.00084938 0.00374707 0.00194348 0.00197894
 0.00206104 0.00132218 0.00196809 0.00194437 0.00283785 0.00104537
 0.00079851 0.00125734 0.00191227 0.00140972 0.001361   0.00133383
 0.00122269 0.00160529 0.00140558 0.00187012 0.00334573 0.00115495
 0.00132108 0.00125334 0.00131693 0.00128637 0.00202827 0.00130784
 0.00128898 0.00130788 0.00301879 0.00213187 0.00144276 0.00135437
 0.00196089 0.00517224 0.01003113]"
44,20240907,6.77872547170279,"[0.01036271 0.00156194 0.00084431 0.00086417 0.00179051 0.00251667
 0.00117917 0.00252224 0.00128027 0.00201887 0.00111676 0.00094193
 0.00103678 0.00202938 0.00213463 0.00842346 0.00081971 0.00083847
 0.00087365 0.00080985 0.00169089 0.00172602 0.00175218 0.00081242
 0.00263863 0.00081249 0.00398019 0.0007795  0.00128465 0.00101076
 0.00187638 0.00181992 0.0012853  0.00191988 0.00163197 0.00092453
 0.00185052 0.00129403 0.00250924 0.00185035 0.00186406 0.00428145
 0.0041018  0.00195341 0.00080877 0.00171524 0.00083452 0.00320219
 0.00182198 0.001056   0.00514572 0.00133547 0.00127059 0.0030926
 0.01828929 0.01115555 0.00092836 0.00134826 0.00107439 0.00264647
 0.00081649 0.00137709 0.00156968 0.00079863 0.00191949 0.00244542
 0.00119432 0.00084485 0.00228942 0.00119698 0.00080317 0.0031003
 0.00177838 0.00082203 0.00080563 0.00687203 0.00111715 0.0025413
 0.00109176 0.00190834 0.00131629 0.00077692 0.00234518 0.00145476
 0.0023072  0.00168957 0.00267213 0.00307419 0.00354673 0.00185805
 0.00243838 0.00197924 0.00211022 0.0032093  0.00159625 0.00331212
 0.00104545 0.00341925 0.00263033 0.00120988 0.00185849 0.0040684
 0.00129006 0.00312568 0.00184159 0.00185615 0.00127342 0.00082745
 0.00307107 0.00124296 0.00307265 0.00140434 0.00081015 0.00314755
 0.00175416 0.00224514 0.00192805 0.00197625 0.00148012 0.00080781
 0.00141742 0.00104008 0.00104066 0.00327544 0.00651811 0.00435207
 0.00190594 0.00367396 0.00184647 0.00091549 0.00357031 0.00157148
 0.00080325 0.00118332 0.00210759 0.00612297 0.00117675 0.00140766
 0.01145746 0.00094537 0.0017682  0.00433205 0.00210078 0.00104145
 0.00250251 0.00079581 0.00148212 0.00148594 0.00170281 0.00167127
 0.00266286 0.00082289 0.00128877 0.00274325 0.001801   0.00607642
 0.00267349 0.00095634 0.00107818 0.00078729 0.00174933 0.00113565
 0.00183748 0.00090426 0.00209997 0.00088279 0.00254996 0.00177337
 0.00103821 0.0008644  0.00821131 0.00377946 0.00189961 0.00165627
 0.00193045 0.0032064  0.00206501 0.00362979 0.00094102 0.00171473
 0.00483071 0.00847467 0.00081981 0.00133823 0.00230145 0.00109101
 0.00151572 0.0025534  0.00177594 0.00111786 0.00129343 0.00204509
 0.00184664 0.00146458 0.00127666 0.00301852 0.00094944 0.00170482
 0.00230074 0.00103027 0.00174645 0.00076572 0.01370417 0.00414862
 0.00186051 0.01028063 0.0309087  0.00176472 0.00138738 0.00216191
 0.00097997 0.00086283 0.00079821 0.00094414 0.00091332 0.00220554
 0.00238241 0.00378266 0.00087861 0.00241479 0.00112476 0.00211791
 0.00415395 0.00096983 0.00108624 0.00186178 0.00201205 0.00297034
 0.00183206 0.00185924 0.00112571 0.01185234 0.00078193 0.00186055
 0.00179844 0.0057205  0.00092845 0.001801   0.00188873 0.00093435
 0.00225815 0.00185936 0.00177105 0.00184496 0.00184786 0.00198243
 0.00077384 0.00077274 0.00189172 0.00146966 0.00082968 0.00086149
 0.00081047 0.00238296 0.00376514 0.00086286 0.00180585 0.00170179
 0.00117923 0.01992504 0.00079722 0.00185976 0.00149869 0.00088019
 0.00120606 0.00270631 0.00206987 0.00078666 0.01233397 0.0008318
 0.00080689 0.00361805 0.0009877  0.00170142 0.00186301 0.00093343
 0.00445693 0.00300513 0.00076402 0.00193421 0.00267233 0.0037971
 0.00085316 0.00090935 0.00170157 0.00246986 0.00091308 0.00081962
 0.00327304 0.00214453 0.00213975 0.0020138  0.00119351 0.00079921
 0.0010588  0.00077166 0.00100165 0.00125822 0.00084719 0.00097349
 0.00089978 0.0028797  0.00091153 0.0019365  0.00176529 0.00089554
 0.00098739 0.0010487  0.00121376 0.00184646 0.00090616 0.00269415
 0.00426292 0.01368765 0.00146864 0.00093609 0.00171352 0.00090157
 0.00111646 0.00108317 0.0018413  0.00152816 0.00081798 0.0011826
 0.00770048 0.00251458 0.00185025 0.00084772 0.00202894 0.0021321
 0.00230234 0.00078527 0.00087769 0.00464132 0.0008205  0.00119848
 0.00181786 0.00197447 0.00093357 0.00108916 0.0019836  0.0097709
 0.00166694 0.00092113 0.00108507 0.00114316 0.00172709 0.00203444
 0.00216431 0.00170871 0.00265665 0.00196837 0.00111421 0.00104061
 0.00138218 0.00081587 0.00173524 0.00229299 0.0037474  0.00119771
 0.00183593 0.00185381 0.00082795 0.00093764 0.008574   0.00241941
 0.00089482 0.00172396 0.00128428 0.05949874 0.00079569 0.0016188
 0.00101361 0.00368345 0.00119397 0.00347734 0.00255821 0.00197079
 0.00184631 0.00281446 0.00245125 0.00290588 0.0019479  0.00257641
 0.00162734 0.00084165 0.00180456 0.00180537 0.00211075 0.00075275
 0.00419429 0.00297309 0.0018188  0.00096946 0.00104732 0.0008339
 0.0019161  0.00109705 0.00110957 0.00136262 0.00131038 0.00082256
 0.00083276 0.00159864 0.00083265 0.00079751 0.00237704 0.00089326
 0.00086263 0.00080712 0.00887485 0.00192809 0.00184182 0.00084475
 0.00202731 0.00097902 0.00395357]"
45,20241027,9.657854606713657,"[0.00233129 0.00087588 0.00074158 0.00083403 0.00146378 0.00179713
 0.00096264 0.0026475  0.00096733 0.00129445 0.00115121 0.00070108
 0.00097792 0.00225154 0.00152959 0.01065689 0.00068381 0.00075383
 0.00070087 0.00081173 0.0022109  0.0022425  0.00281331 0.00094902
 0.00113261 0.00070242 0.00129411 0.00066825 0.00094974 0.00092412
 0.00223243 0.00220504 0.00140909 0.00304633 0.00087684 0.00093803
 0.00217873 0.00258491 0.00226501 0.00225733 0.00221123 0.00161554
 0.00151308 0.00222581 0.00071984 0.00232165 0.00087065 0.00518211
 0.00222345 0.00101563 0.00370689 0.00151614 0.00270624 0.00185241
 0.00101511 0.00810179 0.00070699 0.00144824 0.00156581 0.00153591
 0.00072386 0.0021679  0.00154904 0.00074422 0.00218435 0.00215828
 0.00123033 0.00067466 0.00080758 0.00065712 0.00082175 0.0017856
 0.00224236 0.00070003 0.00078512 0.00156272 0.00100702 0.00111277
 0.00067787 0.00164287 0.00237688 0.00092825 0.00215224 0.00092135
 0.00183014 0.00223674 0.00128214 0.00273454 0.00142298 0.00246367
 0.0020373  0.00443866 0.00144866 0.00223937 0.00207802 0.00166163
 0.00068807 0.00145212 0.00115405 0.0015479  0.00579708 0.00228419
 0.00226937 0.00160689 0.00225294 0.00213186 0.2113929  0.00092289
 0.00206898 0.0019307  0.00287083 0.00192591 0.00074658 0.00220028
 0.0022332  0.00331779 0.00219976 0.00211048 0.00179922 0.00084273
 0.00092418 0.00067792 0.00075922 0.00105008 0.00246842 0.00106998
 0.00229364 0.00320607 0.00121245 0.00193341 0.00117941 0.0013245
 0.00097128 0.00086975 0.00288193 0.00124981 0.00144248 0.00226121
 0.00263821 0.00068022 0.00224746 0.00388402 0.00157973 0.00063683
 0.00127135 0.00065736 0.00183314 0.0013178  0.00220005 0.00271937
 0.00142995 0.00067817 0.00335936 0.00125012 0.00093396 0.00096112
 0.00248724 0.00076071 0.00067164 0.00065632 0.00223027 0.00064927
 0.00219638 0.0006848  0.00220261 0.00100007 0.00925374 0.00221915
 0.00079379 0.00095907 0.00731978 0.00149246 0.00140343 0.00352493
 0.0016221  0.00072909 0.00230054 0.00115974 0.00070018 0.00226752
 0.00096066 0.00155661 0.00082715 0.00176687 0.00215414 0.00439175
 0.00196781 0.00217934 0.00220019 0.00067317 0.00157424 0.00220879
 0.00224196 0.00093436 0.00245274 0.00146002 0.00084049 0.00218777
 0.00247877 0.00068447 0.00148113 0.00251845 0.00252612 0.01995493
 0.00103982 0.00158834 0.00465857 0.00245993 0.0025447  0.00215671
 0.0008872  0.00078931 0.0007384  0.00065506 0.00070028 0.0023147
 0.0022119  0.0013579  0.00068153 0.00160253 0.00192796 0.00223622
 0.00151448 0.00069252 0.00090623 0.00222132 0.00219921 0.00092963
 0.00173898 0.00206802 0.00130289 0.00386155 0.00120839 0.00222422
 0.00227072 0.00644224 0.00061895 0.00222053 0.00141021 0.00069899
 0.00144596 0.002197   0.00226568 0.00222786 0.00225156 0.00224057
 0.00066159 0.00095719 0.0021843  0.00363097 0.00090058 0.00098919
 0.00069676 0.00213699 0.0040971  0.0009779  0.00217404 0.00221459
 0.00068023 0.00511006 0.00074921 0.00224328 0.00207179 0.00074416
 0.00118448 0.00084678 0.00219117 0.00098773 0.00228253 0.0007989
 0.00059736 0.00319463 0.00106823 0.0017587  0.00218461 0.00096921
 0.04146364 0.00264023 0.00092432 0.00145881 0.00074682 0.00162578
 0.00069343 0.00121265 0.00225801 0.00109617 0.00070924 0.00130066
 0.00329582 0.00220664 0.00221144 0.00149482 0.00138758 0.00095686
 0.00064071 0.00100433 0.00082182 0.00117285 0.0014388  0.00064986
 0.00073677 0.00233817 0.00064331 0.0021849  0.002266   0.00073008
 0.00068016 0.00064975 0.00172091 0.00145159 0.00062064 0.0008414
 0.00233815 0.00968126 0.00102417 0.00088326 0.00075019 0.00070702
 0.0014216  0.00176513 0.00078407 0.00444126 0.00092009 0.00119153
 0.00124131 0.00139855 0.00220245 0.00068694 0.0027679  0.00150326
 0.00127396 0.00064272 0.00096714 0.00373704 0.00066695 0.00111832
 0.00228874 0.0022088  0.00063832 0.00064109 0.00216254 0.00585583
 0.00229771 0.00069733 0.00096877 0.00065595 0.00223817 0.00218108
 0.00216971 0.00220015 0.00144877 0.00234879 0.00068483 0.00106065
 0.00161138 0.0009771  0.0022448  0.0020668  0.00146732 0.00140809
 0.0022501  0.00217393 0.00082074 0.00098634 0.00350118 0.00136714
 0.00089679 0.00221123 0.00145164 0.0026244  0.00065527 0.00153669
 0.00103602 0.00337979 0.00081854 0.0020705  0.00151821 0.00330754
 0.00220466 0.00112277 0.00114077 0.00154765 0.00219982 0.00229711
 0.00244866 0.00072765 0.00220723 0.00227646 0.00107053 0.00128699
 0.00132126 0.0011626  0.00233888 0.00063865 0.00064138 0.00080412
 0.00100178 0.00077514 0.00065182 0.00177085 0.00178348 0.00093064
 0.00071075 0.00176567 0.00085644 0.00075009 0.00220475 0.00073704
 0.00076146 0.00078123 0.00994462 0.00240639 0.00146538 0.00076303
 0.00219189 0.00398056 0.00295398]"
46,20241127,7.174234683997212,"[0.00192021 0.00084398 0.00113736 0.00099403 0.0018599  0.00355345
 0.00119496 0.00184013 0.00131185 0.00089367 0.00097714 0.00142838
 0.00167885 0.00260341 0.00230991 0.04395232 0.0009374  0.0011166
 0.00109552 0.00125153 0.00227751 0.00218483 0.00235101 0.00905227
 0.00176711 0.00106572 0.00098788 0.00149702 0.00094441 0.00117176
 0.00195793 0.00165961 0.00141771 0.00274904 0.00126486 0.00109511
 0.00290567 0.00188833 0.00225677 0.00241989 0.00207146 0.00151831
 0.00235037 0.00188151 0.00123776 0.00175849 0.00106014 0.0052142
 0.00266787 0.00142327 0.00643036 0.00260112 0.0017622  0.00194351
 0.00311047 0.00622866 0.00116699 0.00187888 0.00166953 0.00256984
 0.00101127 0.0010692  0.00154999 0.00122566 0.00262711 0.00221868
 0.00268642 0.00109659 0.00085571 0.00102064 0.00109632 0.00791231
 0.00265656 0.00108909 0.001288   0.00171733 0.00211871 0.00053895
 0.00128084 0.00148049 0.00250811 0.00125797 0.00290542 0.0016694
 0.00259313 0.00234511 0.00099999 0.04107734 0.00194216 0.00207497
 0.0011152  0.0022698  0.00226594 0.00195031 0.00246595 0.00107272
 0.0013112  0.00114929 0.00157794 0.00084427 0.0008706  0.00198755
 0.00160497 0.00299236 0.00197234 0.00125982 0.00131277 0.00156006
 0.00295563 0.00337667 0.0012285  0.00273086 0.00113625 0.00188586
 0.00218784 0.00238556 0.00202851 0.00232124 0.00114301 0.00112006
 0.00181221 0.00119704 0.00114919 0.00273291 0.00173649 0.00462482
 0.0020314  0.00464144 0.00127798 0.00036647 0.00088326 0.00566626
 0.00172891 0.00055542 0.0026227  0.00205139 0.00187498 0.00127267
 0.02912539 0.0011344  0.00191263 0.00207386 0.00130361 0.00106053
 0.00079871 0.00139709 0.00094782 0.00240292 0.00213586 0.00451232
 0.00115667 0.00135889 0.00330939 0.01968669 0.0009543  0.00157425
 0.00212616 0.00118729 0.00130373 0.00142439 0.00225754 0.00105123
 0.00227092 0.001448   0.00228623 0.00162875 0.00131082 0.00212759
 0.00086369 0.00087072 0.00579889 0.00126046 0.00164148 0.00333334
 0.00211809 0.00170335 0.00183702 0.00085467 0.00181247 0.00183769
 0.00100385 0.00251432 0.0010115  0.00106689 0.00258129 0.00305778
 0.00245886 0.00220327 0.00210567 0.00113248 0.00434646 0.00211921
 0.00223078 0.00301473 0.00152194 0.00126088 0.00158635 0.00219309
 0.00171189 0.00129852 0.00076355 0.00262394 0.0157984  0.00263931
 0.00131226 0.0014868  0.00191664 0.00193284 0.00271136 0.0021775
 0.00117925 0.0011406  0.00123841 0.00109662 0.00106575 0.00185998
 0.00359121 0.00368566 0.00107318 0.00194637 0.00129393 0.00235031
 0.00115906 0.00122804 0.00231761 0.00176531 0.00238009 0.00351808
 0.00179651 0.00221418 0.00157378 0.00234031 0.00142296 0.00217681
 0.00192595 0.00262339 0.00113137 0.00192309 0.00187849 0.0040258
 0.00181074 0.00258535 0.00207641 0.00224132 0.00196514 0.00224392
 0.00149447 0.00192586 0.00208092 0.0022028  0.00232777 0.00144311
 0.00150496 0.00242967 0.00271889 0.00090262 0.00219218 0.00208631
 0.00135184 0.02646442 0.00129123 0.00195076 0.0008424  0.00107478
 0.00252888 0.00263452 0.00197147 0.00159722 0.00601245 0.00112091
 0.0012968  0.00292005 0.00149428 0.00162699 0.00255975 0.00186185
 0.00212482 0.00099717 0.00186345 0.00247974 0.00088456 0.00407
 0.0010598  0.0019323  0.00204947 0.00157096 0.0012241  0.00061286
 0.00176404 0.00319311 0.00200814 0.00107374 0.0014042  0.00118493
 0.00121327 0.00231772 0.00207339 0.00149681 0.00077198 0.00108803
 0.00099846 0.00584325 0.00119509 0.00182534 0.00213318 0.00115825
 0.00133761 0.00100485 0.00161902 0.002518   0.00100619 0.00123464
 0.00244248 0.00121417 0.00118555 0.00106328 0.00293785 0.00117196
 0.00171624 0.00117786 0.00221283 0.00448103 0.00211931 0.00045755
 0.00188514 0.00227191 0.00221949 0.00126378 0.00112483 0.00338585
 0.00240297 0.00151013 0.00154937 0.00346474 0.00120044 0.00150611
 0.00185487 0.00233251 0.00114133 0.00104416 0.00251674 0.00587029
 0.00212581 0.00124964 0.00160567 0.00105056 0.00192803 0.00188182
 0.00214908 0.00249368 0.00134765 0.00211574 0.00133406 0.00153762
 0.00588065 0.0026657  0.00221226 0.00144288 0.00277749 0.00158732
 0.00200527 0.00222724 0.0011368  0.00148133 0.00155897 0.00266066
 0.00177317 0.00219248 0.00197242 0.00560321 0.00148251 0.02245342
 0.00136521 0.00154799 0.00039408 0.00470529 0.00191233 0.00171668
 0.00199983 0.00232546 0.00250348 0.00130022 0.00230794 0.00625482
 0.00179021 0.00107077 0.00202576 0.00200097 0.00111633 0.00057648
 0.00176336 0.00086422 0.00214467 0.00111462 0.00102584 0.00116416
 0.00162153 0.00080423 0.00101324 0.00111112 0.00159776 0.00124924
 0.00098425 0.00108352 0.00094966 0.00124256 0.00196954 0.00093718
 0.00118839 0.00104928 0.0048061  0.00190241 0.00145928 0.00116523
 0.00246771 0.01029787 0.00379935]"
47,20241220,7.586875355356694,"[0.00185027 0.00094397 0.00130083 0.00121709 0.00253046 0.00717592
 0.00124217 0.00160474 0.00191767 0.00104035 0.00192465 0.00118759
 0.00160679 0.0020153  0.0005312  0.01137554 0.00133297 0.00136542
 0.00134409 0.00116031 0.00203154 0.00204903 0.00402632 0.00083307
 0.00247001 0.00138879 0.00155846 0.00148665 0.00100093 0.00134087
 0.00203113 0.00145866 0.00333561 0.00288161 0.0014625  0.00102103
 0.00175923 0.0016175  0.00212873 0.00200999 0.00208884 0.00217738
 0.00236698 0.00203553 0.00134482 0.00170954 0.00131809 0.00221299
 0.00247551 0.0009606  0.0256194  0.00301486 0.00156113 0.00146969
 0.00347076 0.00581292 0.00130405 0.00271168 0.00126663 0.00408672
 0.00139534 0.00559559 0.00150969 0.00127823 0.00214984 0.00197124
 0.00179659 0.00129601 0.00087481 0.00116401 0.00143649 0.00123164
 0.00202357 0.00112805 0.00108183 0.00091985 0.00102979 0.00286143
 0.00111194 0.00285564 0.00124761 0.00159162 0.0021045  0.0058673
 0.00133974 0.00195758 0.00126998 0.00297962 0.00129938 0.0016902
 0.00176314 0.00316605 0.00128228 0.00170459 0.0015975  0.00226793
 0.00111345 0.00113889 0.00246409 0.00373335 0.00263249 0.00180131
 0.00408129 0.00110336 0.00177909 0.00143198 0.00128565 0.00176163
 0.0035191  0.00125736 0.00106254 0.00478322 0.00129507 0.00520878
 0.00248864 0.00154021 0.00176418 0.0019202  0.00214382 0.00132757
 0.00143589 0.0010928  0.00112649 0.00161844 0.0014251  0.00293941
 0.00177712 0.01140362 0.00256254 0.00065705 0.00453277 0.00086097
 0.00102295 0.00414116 0.00154825 0.00096668 0.00355314 0.00115908
 0.00335673 0.00142643 0.00185469 0.00257129 0.00188435 0.00100882
 0.00109399 0.00138364 0.0033589  0.00074879 0.00241047 0.00198733
 0.00128855 0.00126953 0.00154236 0.00301884 0.00183201 0.0012662
 0.00180128 0.00119398 0.00131636 0.00135074 0.00204271 0.00117502
 0.00202217 0.00140688 0.0020611  0.00102351 0.00128067 0.00220626
 0.00061569 0.00281391 0.00696073 0.00127808 0.00212349 0.00274148
 0.00435166 0.00154066 0.00197879 0.0023616  0.00180957 0.00180168
 0.00138378 0.00456401 0.00117993 0.00396739 0.00332393 0.01976042
 0.00193524 0.0021941  0.00191443 0.00122047 0.00130951 0.00214958
 0.00217759 0.00197643 0.00114502 0.0038915  0.00100681 0.00205065
 0.00994118 0.00113726 0.0004924  0.0021318  0.00145482 0.04927766
 0.00174589 0.00289072 0.00169812 0.00192435 0.00179767 0.0016111
 0.00159509 0.00133034 0.00127148 0.00125964 0.00123544 0.00167183
 0.00259545 0.00522102 0.00133117 0.0011377  0.00125033 0.00185079
 0.00179568 0.00112989 0.00175725 0.00200824 0.00186779 0.00149741
 0.00166929 0.00199736 0.00130534 0.00293791 0.00067934 0.00208812
 0.0019066  0.00165432 0.00118344 0.00197054 0.00241437 0.00150937
 0.00147369 0.00205765 0.00206244 0.0020271  0.00180615 0.00235822
 0.00154751 0.00089395 0.00188853 0.00454551 0.00119013 0.00079706
 0.00136997 0.00195586 0.00654707 0.00169606 0.00204213 0.00179275
 0.00116094 0.00825291 0.00131848 0.00187872 0.00551705 0.00130284
 0.00088352 0.00044051 0.00186423 0.00104123 0.00157112 0.00122682
 0.00102303 0.00163241 0.00112063 0.00180615 0.00208482 0.0010909
 0.00174179 0.00151984 0.00138929 0.00160651 0.00120841 0.00125765
 0.0013138  0.00117897 0.00217607 0.00238266 0.00184737 0.00116618
 0.00295363 0.00219187 0.00205871 0.00212843 0.00129165 0.00103593
 0.00109467 0.00108958 0.00046334 0.00112574 0.00149268 0.00119963
 0.00132472 0.00229759 0.00136573 0.00184191 0.00195239 0.00120916
 0.00124742 0.0010017  0.00155402 0.00143468 0.00115974 0.00117502
 0.00539576 0.00154521 0.0015445  0.00088143 0.00107725 0.00118703
 0.00124649 0.00294665 0.00651481 0.0074268  0.00182262 0.00098218
 0.00398408 0.00161749 0.00166974 0.00130013 0.00239467 0.00172528
 0.0028172  0.00156013 0.00080322 0.03236756 0.00133851 0.00111326
 0.00189606 0.00183499 0.00112418 0.00117798 0.00277597 0.00711618
 0.00190054 0.00108196 0.00143498 0.00116643 0.00184062 0.00233386
 0.00195871 0.00252552 0.00177931 0.00221422 0.00109594 0.00182761
 0.00229614 0.00107876 0.00206888 0.00206013 0.00144307 0.0010927
 0.00176408 0.00198021 0.00124741 0.00096091 0.00297349 0.00259886
 0.00167406 0.00198749 0.00199294 0.02735657 0.00150102 0.00299465
 0.00192223 0.0091904  0.00050328 0.0203305  0.00149476 0.00183799
 0.00174244 0.00225106 0.00238498 0.00115808 0.00189707 0.00171198
 0.00169361 0.00143954 0.00182087 0.00176357 0.00352801 0.0004382
 0.00311302 0.00115761 0.00228055 0.00113085 0.00117513 0.00133719
 0.00096493 0.00101454 0.00115167 0.00221621 0.00139634 0.00157842
 0.00126321 0.00202992 0.00134147 0.00145951 0.00199468 0.00120392
 0.00115768 0.00132829 0.00174398 0.00184378 0.00189761 0.00138234
 0.00185273 0.00476032 0.00514478]"
48,20241009,6.273098389247574,"[0.00209017 0.00163334 0.00111425 0.00144292 0.0033849  0.00360472
 0.00150283 0.00150186 0.00205855 0.00094854 0.0012986  0.00140702
 0.00187136 0.00172728 0.00190021 0.00203624 0.00125375 0.00112297
 0.00136083 0.00109355 0.0016723  0.00173513 0.00174495 0.00255818
 0.00118733 0.00110761 0.00100123 0.00108945 0.00201265 0.00327582
 0.00298186 0.00216728 0.00071513 0.00338443 0.0018304  0.00211425
 0.00164282 0.00209656 0.00206417 0.00219657 0.00162995 0.00134031
 0.00256611 0.00170642 0.00112887 0.00156498 0.00110758 0.00284683
 0.00203107 0.00204731 0.00186235 0.00068878 0.00170476 0.00224571
 0.00162046 0.00429207 0.00140316 0.00102179 0.00116708 0.00919601
 0.00130218 0.00341081 0.00123697 0.00113365 0.002284   0.00231798
 0.0031927  0.00128901 0.00096175 0.0013684  0.00110329 0.00329355
 0.00220323 0.00114278 0.0010931  0.0018473  0.0014871  0.00077383
 0.00141134 0.00277283 0.00437025 0.00249376 0.00199587 0.00205945
 0.00209166 0.00169297 0.00115754 0.08500282 0.00108596 0.00165243
 0.00208816 0.00505126 0.00070351 0.00218252 0.00205026 0.00078685
 0.00141243 0.0011377  0.00129532 0.01014601 0.00198247 0.00170428
 0.00200317 0.00075792 0.00166132 0.0046972  0.00493544 0.00345343
 0.00180557 0.00238145 0.00357006 0.00151066 0.00130092 0.0021117
 0.00185661 0.00175425 0.00167844 0.0022955  0.00193638 0.00100691
 0.00150298 0.00140273 0.00144891 0.00133453 0.01007877 0.00622251
 0.0018731  0.00689294 0.0010658  0.00116021 0.00108463 0.00330157
 0.00319285 0.00115948 0.00191137 0.01097412 0.00072605 0.00234858
 0.00272623 0.00134955 0.0016204  0.00155029 0.00159821 0.0013693
 0.00132874 0.00110652 0.00080167 0.00236561 0.00240019 0.00356585
 0.00093775 0.00108426 0.00172569 0.00273655 0.00200322 0.00559186
 0.00184924 0.00139641 0.00143552 0.00103804 0.0017997  0.0014086
 0.00169198 0.00174213 0.00181951 0.00237725 0.00117356 0.00146407
 0.0047474  0.00129238 0.00356639 0.00142015 0.0017189  0.00089537
 0.0008586  0.0010427  0.00167544 0.00167183 0.00154824 0.00162391
 0.00119571 0.00172778 0.00115399 0.00085521 0.00307592 0.0132325
 0.00151797 0.00227    0.00160171 0.00145889 0.00148188 0.00182103
 0.00167445 0.00164038 0.00245196 0.00098245 0.0019433  0.00175778
 0.00157795 0.001462   0.00292771 0.00186425 0.00247232 0.00438326
 0.00090631 0.00118077 0.00933106 0.0016199  0.00179259 0.00186897
 0.00251918 0.00118964 0.00113171 0.00137117 0.00145482 0.00170593
 0.00237444 0.00533903 0.00137897 0.00096418 0.00114685 0.00200965
 0.00211133 0.00140608 0.00235368 0.00223665 0.00214656 0.00244918
 0.00184653 0.00212705 0.00130665 0.00294789 0.0015317  0.00217674
 0.00185442 0.00535936 0.00138675 0.00220161 0.00069526 0.00160016
 0.00139606 0.00225189 0.00181819 0.00330659 0.00167457 0.00197368
 0.00103284 0.00232994 0.00209097 0.00190963 0.00396914 0.00244733
 0.00122773 0.00150314 0.00247443 0.00198374 0.001802   0.00181197
 0.00142996 0.01393634 0.00110057 0.00196251 0.00204627 0.00145226
 0.00183016 0.0018067  0.00176407 0.00302062 0.00148792 0.00120572
 0.00103181 0.00280988 0.00214232 0.00215995 0.00215025 0.00222184
 0.01468627 0.00145798 0.00092251 0.00075428 0.00394178 0.00091277
 0.0013244  0.0013302  0.00176768 0.00113854 0.00164219 0.00084529
 0.00156396 0.00214652 0.00182192 0.00129025 0.00098164 0.00392068
 0.00139718 0.00154974 0.00314787 0.00102878 0.00086484 0.00139876
 0.00111097 0.00120131 0.00139012 0.00178511 0.0017384  0.00110743
 0.00143814 0.00141643 0.00282661 0.00101689 0.00139263 0.00132487
 0.00278744 0.0021686  0.00163629 0.0030274  0.00580819 0.00143733
 0.00116964 0.00148637 0.00258563 0.00103999 0.00437354 0.0013145
 0.00474733 0.00122952 0.0017216  0.00110881 0.00102445 0.00148034
 0.00406709 0.00114429 0.00302247 0.00278342 0.00108293 0.0012711
 0.00178579 0.00246735 0.00143656 0.00132099 0.00276651 0.00393036
 0.0023302  0.00139    0.00253552 0.0013839  0.00239692 0.00169838
 0.0022003  0.00200307 0.00074341 0.00161512 0.00147783 0.00245061
 0.00494337 0.00240656 0.0015679  0.00091781 0.00183171 0.00223919
 0.00174459 0.00194514 0.0011683  0.00199591 0.00242088 0.00110142
 0.00283359 0.00164249 0.0021022  0.01637077 0.00107639 0.00139058
 0.00268195 0.00221192 0.00081652 0.02350275 0.00264046 0.00178536
 0.00178277 0.00089349 0.00113766 0.00415778 0.00154246 0.00399528
 0.0020056  0.00106296 0.00180517 0.00184178 0.00145569 0.00352039
 0.00102833 0.00267753 0.00186934 0.00141228 0.00138334 0.00108103
 0.00137089 0.00081906 0.00139688 0.0040297  0.00861634 0.0024228
 0.00136213 0.00312888 0.00124987 0.00117232 0.0018097  0.00127166
 0.00163984 0.00117474 0.00149917 0.00150163 0.00246064 0.00111406
 0.00214653 0.00208786 0.00319231]"
49,20241029,14.103752357941108,"[1.24547367e-03 3.74831722e-04 5.41787175e-04 4.44980814e-04
 6.61269361e-04 5.97022898e-04 4.94871143e-04 2.50567350e-03
 5.08559681e-04 6.71145718e-04 1.16492803e-03 4.94821007e-04
 9.88938882e-04 2.79602617e-03 9.21416471e-04 1.02070034e-02
 4.11455357e-04 5.48182574e-04 4.48212007e-04 6.61474720e-04
 2.69211465e-03 2.71917798e-03 4.00834847e-03 2.18115743e-03
 8.12113019e-04 5.45010617e-04 1.11576806e-03 5.73867292e-04
 1.21591411e-03 9.18210162e-04 2.76331901e-03 1.00700092e-03
 2.37658538e-03 1.92194307e-03 9.65340153e-04 1.00556774e-03
 2.65969541e-03 1.70080473e-03 2.72777141e-03 2.81911754e-03
 2.75139010e-03 1.82135967e-03 8.75897940e-04 2.80844192e-03
 5.12226290e-04 3.89135112e-03 5.19270673e-04 2.32392190e-03
 2.83800424e-03 4.58121967e-04 1.97285442e-02 2.21174410e-03
 7.53834444e-04 1.13084204e-03 5.11802271e-04 1.46358698e-03
 6.98912924e-04 2.74449270e-03 1.06991786e-03 1.13837098e-03
 5.34734456e-04 4.33684319e-03 9.09657203e-04 5.13892556e-04
 2.81906077e-03 2.95381402e-03 4.51393337e-04 4.49712968e-04
 4.75893649e-04 4.46700294e-04 5.66123966e-04 5.66327768e-03
 2.81866842e-03 4.23878801e-04 5.74640862e-04 6.33266534e-04
 9.00405896e-04 1.07564508e-03 5.17166151e-04 1.68210029e-03
 6.62246202e-04 1.08357618e-03 2.76881247e-03 4.04592262e-04
 1.67800786e-03 2.77482896e-03 5.17997170e-04 1.39395588e-03
 2.05555498e-03 2.60032448e-03 1.75905251e-03 1.35471498e-03
 2.43832879e-03 3.93988665e-03 2.02178056e-03 2.08386553e-03
 5.49440507e-04 1.46997638e-03 9.89507506e-04 6.10764758e-04
 1.40344656e-03 2.78498959e-03 8.78171819e-04 2.15698570e-03
 2.74753085e-03 1.71484801e-03 6.23147380e-04 1.79863798e-03
 7.67988992e-04 2.24255190e-03 4.65534931e-04 2.66419477e-03
 5.91532143e-04 1.05658742e-03 2.81968343e-03 1.72903149e-03
 2.79902300e-03 2.72664564e-03 9.91491199e-04 5.34862644e-04
 1.08282924e-03 5.83390001e-04 4.65188883e-04 5.99335744e-04
 1.34014909e-03 4.59099017e-04 2.76727695e-03 2.18265492e-03
 1.20121355e-03 5.30860404e-04 4.51215899e-04 1.70818836e-03
 1.04539334e-03 3.19534559e-04 7.86823515e-04 5.80786653e-04
 2.29146825e-03 4.30333059e-04 5.73139619e-04 4.78719222e-04
 2.72768600e-03 8.74062947e-04 1.71432970e-03 4.74340598e-04
 1.02929156e-03 5.64914462e-04 2.76273261e-03 1.76688759e-03
 2.91302094e-03 2.04449606e-03 2.40838659e-03 5.80758461e-04
 1.93103811e-03 1.03186453e-03 5.04461432e-04 3.71902528e-04
 1.09314863e-03 4.79678440e-04 5.92649714e-04 5.04225648e-04
 2.75933978e-03 4.09423644e-04 2.80248733e-03 5.93719689e-04
 2.82715139e-03 1.00599203e-03 1.92745300e-03 2.74690618e-03
 4.81615068e-04 1.10696361e-03 6.41339952e-04 1.77158075e-03
 9.11248549e-04 2.30837243e-03 2.78073573e-03 8.68796811e-04
 2.63914296e-03 5.63217450e-04 8.11192145e-04 2.60738006e-03
 5.68742968e-04 6.86583678e-04 5.22623236e-04 1.87775574e-03
 3.26973533e-03 1.53709976e-03 3.69017872e-03 2.80126848e-03
 2.66552155e-03 5.49648165e-04 9.49650428e-04 2.80156777e-03
 2.83178372e-03 9.79191864e-04 1.11248373e-03 1.99690548e-03
 4.40440411e-04 2.79280637e-03 2.90054412e-03 5.54986120e-04
 1.00993354e-03 7.19727469e-04 3.27924539e-03 1.66402363e-03
 7.09502189e-04 8.90285646e-04 1.52038390e-03 2.67340796e-03
 1.75372672e-03 2.70521782e-03 9.55977138e-04 4.67996202e-04
 5.14230379e-04 4.40969745e-04 4.74821490e-04 2.76362101e-03
 2.80593236e-03 7.88808714e-04 4.61541154e-04 1.16443693e-03
 1.05680251e-03 2.80292459e-03 1.69670973e-03 4.93928305e-04
 1.03147337e-03 2.88940533e-03 2.78429935e-03 2.67649286e-03
 9.43178964e-04 2.69771177e-03 1.29969864e-03 2.24830534e-03
 2.15638930e-03 2.79337785e-03 2.58160243e-03 4.78162887e-04
 4.78044860e-04 2.76172430e-03 2.35258388e-03 4.27820819e-04
 1.78514311e-03 2.80073443e-03 2.72967833e-03 2.80015701e-03
 2.79539964e-03 2.74029631e-03 6.07274571e-04 1.00826499e-03
 2.80865340e-03 2.35649598e-03 1.09386975e-03 1.04485709e-03
 4.96470806e-04 2.63238712e-03 1.33405242e-03 1.01546632e-03
 2.76111636e-03 2.70310476e-03 5.29259638e-04 1.23628426e-03
 5.65912433e-04 2.74546832e-03 2.54786776e-03 4.65316287e-04
 1.20037641e-03 1.10281207e-03 2.74829648e-03 1.05788369e-03
 5.08079392e-04 6.53111394e-04 3.79732010e-04 1.73161098e-03
 4.33953268e-04 7.94140889e-04 2.81113438e-03 9.48235463e-04
 2.42654028e-03 1.14909244e-03 1.06283618e-03 2.65916988e-03
 4.62782814e-04 2.35976091e-03 4.49319857e-04 1.35003494e-03
 2.75684548e-03 8.19276063e-04 5.48271824e-04 1.04112546e-03
 4.70459010e-03 2.85244160e-03 2.76701304e-03 1.74630881e-03
 1.12910035e-03 9.68099434e-04 4.59153311e-04 1.04747173e-03
 1.36459591e-03 1.12453179e-03 1.07256549e-03 4.62907476e-04
 5.48432738e-04 1.32291748e-03 4.39224959e-04 2.81149285e-03
 2.75737401e-03 4.84963535e-04 6.00954845e-04 4.27079350e-04
 4.85077759e-04 2.77384364e-03 4.61496680e-04 6.67586267e-04
 9.38841313e-04 1.95493549e-03 5.64349366e-04 7.62205759e-04
 9.15854366e-04 5.11443063e-04 1.10466972e-03 1.03167698e-03
 8.47144182e-04 9.77517879e-04 1.08153760e-03 9.27004682e-04
 1.25084220e-03 1.67321639e-03 2.60689323e-03 5.61832983e-04
 5.51837720e-04 1.86464457e-03 1.10649508e-03 1.03575743e-03
 9.88420267e-04 1.47426555e-03 5.74698547e-04 1.60822247e-03
 2.67841023e-03 2.88553699e-03 4.41044115e-04 4.72480591e-04
 3.08028330e-03 8.00247826e-04 2.72037586e-03 5.28233269e-04
 8.78124210e-04 4.30189927e-04 2.93560799e-03 2.71837888e-03
 2.85076836e-03 2.81291392e-03 1.94552431e-03 2.59989503e-03
 5.12586823e-04 5.89473608e-04 3.49685256e-04 1.17842949e-03
 2.79345092e-03 2.24770207e-03 1.82899828e-03 1.10176974e-03
 2.79677810e-03 2.84454354e-03 4.70739026e-04 1.15090601e-03
 4.40962514e-03 8.22760893e-04 8.58838750e-04 2.73791659e-03
 1.84366705e-03 3.41440468e-01 6.33291669e-04 2.16701319e-03
 1.07287523e-03 6.59914362e-03 6.45542108e-04 1.59600014e-03
 8.47130726e-04 2.71183660e-03 2.75442011e-03 7.88860144e-04
 8.89764053e-04 1.72365069e-03 2.72982888e-03 2.41240558e-03
 2.75359213e-03 5.24237672e-04 2.77771682e-03 2.70784816e-03
 8.18534553e-04 9.21726530e-04 2.38144518e-03 3.62986938e-04
 2.81124795e-03 4.69575049e-04 4.34577253e-04 5.28809545e-04
 1.20561673e-03 5.29617007e-04 4.35311138e-04 4.86411503e-03
 1.51199520e-03 9.61771848e-04 4.19994714e-04 1.71321333e-03
 6.12859635e-04 5.07342728e-04 2.77890243e-03 4.70293001e-04
 5.25711533e-04 5.27290411e-04 7.41639803e-04 3.51689393e-03
 1.66765051e-03 5.27495290e-04 2.76610945e-03 4.80818998e-04
 4.13806795e-03]"
50,20241130,6.9028291841821385,"[0.00726276 0.0022527  0.00098441 0.00189077 0.00265988 0.0047321
 0.00185693 0.00212088 0.0032116  0.00773986 0.00091949 0.00118866
 0.00069023 0.00192775 0.00098998 0.0110028  0.00108757 0.0009874
 0.00110201 0.00103954 0.00173506 0.00185207 0.0029234  0.00087022
 0.00351045 0.00098383 0.00230387 0.00095632 0.00086127 0.00073232
 0.00188499 0.0019058  0.00088214 0.00201089 0.00097245 0.00084331
 0.00200683 0.00149484 0.00218176 0.00189606 0.00190564 0.00117513
 0.00245353 0.00188309 0.00099613 0.00202489 0.00100312 0.00156965
 0.00194737 0.00126016 0.05086836 0.00105978 0.00211747 0.00198518
 0.00622839 0.01168551 0.00126839 0.00125547 0.00084162 0.00321846
 0.00112859 0.00101483 0.00093572 0.00096753 0.00188087 0.00194273
 0.00112977 0.00110979 0.00167081 0.00123323 0.00098306 0.00240201
 0.00197845 0.00118692 0.00101235 0.00119238 0.00074041 0.00087802
 0.00115964 0.00172367 0.00146644 0.00073618 0.00191134 0.00150315
 0.00165126 0.00188641 0.0008359  0.02356171 0.00087523 0.0018294
 0.00111758 0.0015911  0.00079743 0.00238615 0.00149186 0.0012617
 0.0012053  0.01385073 0.00571815 0.00666845 0.00493584 0.0018889
 0.00209355 0.00065538 0.00183489 0.00123486 0.00200448 0.00070554
 0.0022426  0.00167088 0.00382511 0.00675039 0.00097065 0.00204874
 0.00196113 0.00157784 0.00188833 0.00189359 0.00089309 0.00098079
 0.00079175 0.00132802 0.00116799 0.0042157  0.00303371 0.00551645
 0.00186555 0.00157938 0.00191253 0.00435276 0.00116883 0.00055163
 0.0007677  0.00388304 0.00149998 0.00129094 0.00099042 0.00206475
 0.01805268 0.00122585 0.00203762 0.00152495 0.00156404 0.00123116
 0.0011174  0.0009486  0.00148117 0.00080434 0.00187645 0.01181139
 0.00102686 0.001016   0.00208211 0.00840819 0.00172284 0.00185407
 0.00245784 0.00118623 0.00117709 0.00094854 0.00198797 0.00128793
 0.00196256 0.00119775 0.00184535 0.00074379 0.00176578 0.00196221
 0.00104153 0.00077753 0.00277706 0.00131312 0.00296229 0.00146706
 0.00105113 0.00169161 0.00186864 0.00224115 0.00136036 0.00186578
 0.00254638 0.03090207 0.00108713 0.00104938 0.00493129 0.00133834
 0.00154587 0.00195365 0.00190808 0.00111858 0.00095447 0.00194018
 0.00190236 0.00074512 0.00083518 0.00112131 0.00125656 0.00198015
 0.00188604 0.00123836 0.0009489  0.00088718 0.03086754 0.00477705
 0.00444018 0.00791841 0.00343442 0.00187051 0.0015667  0.00310841
 0.000681   0.00098596 0.0009836  0.00109079 0.00127655 0.00188596
 0.00188073 0.0055642  0.0011188  0.00070571 0.00082441 0.00191431
 0.00128337 0.00118017 0.00067526 0.00188897 0.00198203 0.00270784
 0.0014118  0.00208963 0.00091222 0.00141356 0.0008272  0.00186217
 0.00231062 0.00191981 0.00116959 0.00199188 0.0009411  0.00109865
 0.00104314 0.00204653 0.00195069 0.00190597 0.00182524 0.00190901
 0.00095058 0.00073326 0.00204077 0.00264326 0.00069686 0.00074098
 0.00104687 0.00216456 0.00203931 0.00072614 0.00189981 0.00195376
 0.00121806 0.02582966 0.00097003 0.00187509 0.0009658  0.00110191
 0.0006864  0.0008275  0.00191997 0.00069461 0.00110264 0.00108319
 0.0009894  0.00101394 0.00136559 0.00293741 0.00195847 0.00078814
 0.00180679 0.00129799 0.00074216 0.00100377 0.00110397 0.00129319
 0.00110447 0.00073212 0.00187498 0.00223491 0.00137401 0.00118672
 0.00187871 0.00188037 0.00199254 0.00108102 0.0007571  0.00068775
 0.00119346 0.00080942 0.0020996  0.00074034 0.00106302 0.0011437
 0.00098685 0.00136389 0.00119388 0.00189547 0.00191345 0.0009694
 0.00117839 0.00133818 0.0014354  0.00125731 0.0011349  0.00173327
 0.002395   0.00391414 0.00232397 0.00079914 0.00168531 0.0011795
 0.00077085 0.00097511 0.00345267 0.00209085 0.00086656 0.00081188
 0.00418113 0.0017582  0.00210925 0.00103381 0.00129087 0.00117665
 0.00430301 0.00123095 0.00076443 0.02750307 0.00098126 0.00125377
 0.00183588 0.00189709 0.00118569 0.00125141 0.00200214 0.00426465
 0.00195648 0.00116303 0.00073078 0.00118668 0.00198789 0.00206428
 0.00191616 0.00201716 0.00056323 0.0019225  0.00125755 0.00132484
 0.00164019 0.00076953 0.00194523 0.00049497 0.00119749 0.00093354
 0.00188957 0.00193794 0.00111986 0.00074919 0.00115598 0.00212845
 0.00075773 0.00193254 0.00144815 0.00352335 0.00095317 0.00357687
 0.00079346 0.00281353 0.00079099 0.01359012 0.00262903 0.00196647
 0.00187234 0.00196267 0.00170845 0.00128495 0.00198793 0.00270011
 0.00179116 0.00097618 0.00193263 0.00187258 0.00236172 0.00069239
 0.00178473 0.00188692 0.00187988 0.0012506  0.00124037 0.00099529
 0.00072075 0.00141278 0.00128367 0.011523   0.00233802 0.00073546
 0.00111432 0.0011378  0.00098903 0.0009926  0.00191759 0.0011091
 0.00118038 0.00101535 0.00263219 0.0024062  0.00135881 0.00097962
 0.0018978  0.02780057 0.00081049]"
51,20241004,7.040794430238853,"[0.0018912  0.00193389 0.00147664 0.00147874 0.00171737 0.00130241
 0.00131573 0.00193536 0.00120356 0.00186152 0.00129497 0.00151233
 0.00212698 0.00158001 0.00074626 0.00195575 0.0014042  0.00149937
 0.00140244 0.00125992 0.00151132 0.00138579 0.0016763  0.00162668
 0.00180708 0.0014899  0.00181043 0.00166562 0.00132462 0.00120234
 0.00229861 0.00102978 0.00101866 0.00552803 0.00073697 0.00154149
 0.0014936  0.00106863 0.00160455 0.00193686 0.00152082 0.00177877
 0.00186484 0.00158629 0.00145664 0.001375   0.00138833 0.00187483
 0.00142372 0.00123992 0.03517521 0.00206788 0.00094719 0.00132896
 0.00607751 0.00637094 0.00137659 0.00130587 0.00122718 0.00428517
 0.00147268 0.00563163 0.00121929 0.00163316 0.00162176 0.0013414
 0.00128281 0.00147179 0.00131846 0.00131704 0.00146909 0.00311335
 0.00160424 0.00155365 0.00155219 0.00057124 0.00156808 0.00342659
 0.0015032  0.0023167  0.00136362 0.00153206 0.00215411 0.00143772
 0.00278316 0.00154136 0.00199858 0.02094716 0.00153574 0.00143374
 0.00170286 0.00721235 0.00157417 0.00152037 0.00203026 0.00108946
 0.00155076 0.00122214 0.00183089 0.00080816 0.00352535 0.00182736
 0.00100067 0.00226319 0.00144018 0.0025748  0.00147641 0.00178987
 0.00192772 0.00196351 0.00120722 0.00859633 0.00139705 0.00234919
 0.00149212 0.00153038 0.00137436 0.00150219 0.0013228  0.00152121
 0.00239901 0.00153594 0.0016024  0.00362284 0.00135595 0.00095433
 0.00164854 0.00133326 0.00219971 0.00055    0.00131756 0.00121826
 0.00173957 0.00567224 0.00235364 0.0013024  0.00202333 0.00105614
 0.00177603 0.00136934 0.0014759  0.00167113 0.00193519 0.0013256
 0.00079967 0.00166138 0.00184353 0.00130702 0.00131706 0.00254842
 0.00183447 0.0016072  0.00346764 0.00218548 0.00180555 0.00134719
 0.00209574 0.00175616 0.00158457 0.00168863 0.00153183 0.00127981
 0.00153327 0.00151709 0.00196847 0.00103557 0.00151826 0.00136803
 0.0011168  0.00062681 0.01528186 0.0020388  0.00103715 0.00191806
 0.00219077 0.0026642  0.00153149 0.0016895  0.00154008 0.00152422
 0.00140606 0.003179   0.00145235 0.00132604 0.00181979 0.0012184
 0.00113371 0.00158474 0.00144921 0.00132753 0.00518852 0.00142181
 0.00177397 0.00185709 0.00121625 0.00103852 0.00180985 0.00141333
 0.00135965 0.00154994 0.00141467 0.00155439 0.08890439 0.00090938
 0.00225973 0.01770537 0.01267944 0.00142479 0.00172654 0.00149694
 0.00173262 0.0015158  0.00152729 0.00136844 0.00132174 0.00176126
 0.00150376 0.00289089 0.00153167 0.00297598 0.00130672 0.00168224
 0.00322184 0.0015719  0.00209013 0.00155427 0.00166485 0.00380827
 0.00104974 0.00240927 0.00222363 0.00874983 0.00158131 0.0015551
 0.00477105 0.00311656 0.00130073 0.00158951 0.00173685 0.00123467
 0.00190523 0.00161361 0.00147467 0.00149444 0.00146612 0.00154766
 0.00172245 0.00149434 0.00154996 0.00138968 0.00306582 0.00134905
 0.00159055 0.00162452 0.00241122 0.00153421 0.00151734 0.00187656
 0.0015651  0.00217178 0.00166161 0.00136136 0.00219543 0.00142436
 0.00239426 0.00052902 0.00139553 0.002612   0.00236958 0.00149024
 0.00140765 0.00170491 0.00134414 0.00112114 0.00169197 0.00093498
 0.00178433 0.00248502 0.00173493 0.00161052 0.00302683 0.00136362
 0.00138403 0.00147969 0.00143303 0.00204224 0.0014916  0.00168905
 0.00176212 0.00189979 0.00162381 0.00181406 0.00124504 0.00120799
 0.00148308 0.0018182  0.00091196 0.00159592 0.00157217 0.00136003
 0.00148252 0.00124665 0.00132297 0.00157518 0.00145534 0.0015369
 0.00143131 0.00130282 0.0011148  0.00275482 0.00143801 0.00158641
 0.00249761 0.00246772 0.00200306 0.00170625 0.0014932  0.0015435
 0.0012934  0.00127747 0.00318876 0.00544101 0.00097336 0.00176018
 0.00255284 0.00221501 0.0014516  0.00140065 0.00525189 0.00160752
 0.00250486 0.00148172 0.0012339  0.00915615 0.00164863 0.00117058
 0.00134294 0.00154215 0.00132679 0.0013127  0.0016918  0.00226127
 0.00151415 0.00155904 0.00370712 0.00137249 0.00163619 0.00149871
 0.00157043 0.001534   0.00130176 0.00209519 0.00149606 0.00109224
 0.00158322 0.00165377 0.00147397 0.00169903 0.0021453  0.00119768
 0.00155777 0.0016526  0.00136642 0.00164541 0.00811888 0.00376082
 0.00174818 0.0013695  0.00151926 0.03665481 0.00168978 0.00160155
 0.00223059 0.0034531  0.00093076 0.01172762 0.00116321 0.00136366
 0.0014801  0.00173644 0.00208176 0.00235283 0.00159388 0.00557886
 0.00134141 0.0014924  0.00148509 0.0014553  0.00231225 0.00221821
 0.00184275 0.00255053 0.00154953 0.00133237 0.00131337 0.00160343
 0.00531134 0.00057906 0.00131433 0.00237525 0.00088931 0.00160059
 0.00140424 0.00167549 0.00155236 0.00161198 0.0015337  0.00143229
 0.00136786 0.00144783 0.00511963 0.00190632 0.00219323 0.00150234
 0.00171067 0.0017491  0.00303461]"
52,20241221,6.244330239472942,"[0.00221989 0.00104443 0.00109098 0.00107264 0.00354587 0.00134733
 0.00109567 0.00163091 0.00111483 0.00666443 0.00120619 0.00107509
 0.00116752 0.00161048 0.00359135 0.00385383 0.00106959 0.00105634
 0.001072   0.00106485 0.00208759 0.00151423 0.00224033 0.001938
 0.00221067 0.00108532 0.00171615 0.00106633 0.00138492 0.00115045
 0.00212995 0.00211748 0.00127971 0.0044602  0.0011047  0.00120728
 0.00165411 0.00191192 0.00198171 0.00157559 0.00156914 0.00159002
 0.00441219 0.00146941 0.00106932 0.00140012 0.00106358 0.00212632
 0.00150129 0.00116061 0.01905989 0.00149445 0.00252144 0.00126068
 0.00141962 0.00392592 0.00097241 0.00143921 0.00102328 0.00286139
 0.00111768 0.00747271 0.00112993 0.00107524 0.00156883 0.00185203
 0.00104543 0.00102971 0.00134877 0.00096667 0.00107548 0.00278818
 0.00151694 0.00104358 0.00110873 0.00372059 0.00122495 0.00108487
 0.00104978 0.0023428  0.00183679 0.00142826 0.0018934  0.00111906
 0.00143194 0.00153885 0.00101671 0.01890182 0.00089816 0.00143415
 0.00128389 0.00568036 0.00118625 0.00170117 0.00199931 0.00171629
 0.00103676 0.00094808 0.00316314 0.01248934 0.0015251  0.00160852
 0.00159125 0.00138513 0.00144789 0.00131524 0.00112359 0.00127004
 0.00246156 0.00412264 0.00179143 0.00236379 0.00112034 0.00240601
 0.00154361 0.00160788 0.0016237  0.00153159 0.00106921 0.00108392
 0.00123818 0.00108039 0.00111266 0.00166852 0.00335401 0.00213532
 0.0015594  0.00122064 0.00421717 0.00144777 0.00145493 0.00226075
 0.00117085 0.00517881 0.00616283 0.00325266 0.00093755 0.00124848
 0.00470978 0.00100556 0.00143081 0.00706751 0.00130254 0.00126273
 0.00120916 0.00106496 0.0045636  0.00095059 0.00219033 0.00168586
 0.00107147 0.00108147 0.00161597 0.00431295 0.00138955 0.00121633
 0.00162978 0.00123919 0.00123389 0.00106929 0.00146516 0.00094765
 0.00157705 0.00137599 0.00152672 0.00158289 0.00511633 0.00148056
 0.00900285 0.002869   0.00242485 0.00308685 0.00251293 0.0012731
 0.00102623 0.00133456 0.00145443 0.00268494 0.00113813 0.00152174
 0.00121887 0.00112222 0.0010894  0.00107749 0.00200014 0.00275337
 0.00180269 0.00148454 0.00151719 0.00171807 0.00557958 0.00151511
 0.00165393 0.00159467 0.00134021 0.00168192 0.00433214 0.00146323
 0.00165721 0.0010845  0.00122795 0.00112221 0.03165497 0.04146539
 0.00227384 0.00235449 0.00172823 0.00149804 0.00164055 0.00149796
 0.00140493 0.00106473 0.00107812 0.00114901 0.00104618 0.00148135
 0.00152446 0.00472869 0.00107899 0.00079122 0.00115836 0.00151828
 0.00163798 0.00101222 0.00114885 0.00156564 0.00156651 0.00258696
 0.00127361 0.00179304 0.00082261 0.0016661  0.00121171 0.00151322
 0.00146315 0.00176126 0.00099573 0.00157326 0.00147786 0.00094308
 0.00398429 0.00154078 0.00148641 0.00167867 0.00142224 0.00157101
 0.00107664 0.00119943 0.00146325 0.0033254  0.00141944 0.001437
 0.00107932 0.00185487 0.00309859 0.00112348 0.0015848  0.00143441
 0.00109206 0.00834162 0.00107263 0.00146004 0.00274821 0.00108069
 0.00097229 0.00109893 0.00201918 0.00109203 0.00484163 0.00105157
 0.00118724 0.00174954 0.00100492 0.00299729 0.00155834 0.00139709
 0.00218654 0.00191414 0.00177603 0.0013975  0.00553925 0.00108793
 0.00104349 0.00123452 0.00154109 0.00233448 0.0009731  0.00226784
 0.00323268 0.00159084 0.00165757 0.00202404 0.00082581 0.00152841
 0.00105792 0.00141179 0.00111143 0.000818   0.00147263 0.00096847
 0.00105172 0.00219419 0.000986   0.00161978 0.00146572 0.00108803
 0.00117325 0.00101197 0.00109544 0.00136587 0.00100474 0.00174509
 0.00306411 0.00335577 0.00219678 0.00138903 0.00197736 0.00099186
 0.00091063 0.00097806 0.00139422 0.00502988 0.00127656 0.00113621
 0.02314737 0.00175775 0.00158041 0.00106019 0.00182625 0.00132286
 0.00450869 0.00130334 0.00132768 0.00633544 0.00107843 0.00198541
 0.00145398 0.00158701 0.00097984 0.0009572  0.0017409  0.00191065
 0.00141844 0.00112251 0.00117052 0.00095136 0.00156546 0.00257407
 0.00148725 0.00149205 0.00144458 0.00159843 0.00104054 0.00168561
 0.00249663 0.00113525 0.00142283 0.00095603 0.00133545 0.00078365
 0.00153067 0.00160422 0.00106143 0.00131175 0.00163473 0.01152611
 0.00174989 0.00146829 0.00244129 0.05346499 0.00108351 0.00318272
 0.00181111 0.02045581 0.00134781 0.0206915  0.00215061 0.00146102
 0.00144902 0.00183708 0.00230271 0.00155807 0.00144352 0.00188533
 0.00144444 0.00108115 0.00168808 0.00167116 0.00682711 0.00323109
 0.00642767 0.0050793  0.00155962 0.00100907 0.00095865 0.00107842
 0.0008099  0.00108901 0.00096127 0.00523304 0.00252932 0.00132046
 0.00102605 0.00260526 0.00108976 0.00108633 0.0015342  0.00103449
 0.00188431 0.00113628 0.00559028 0.00168192 0.00242879 0.00108854
 0.00157017 0.00198267 0.00161827]"
53,20241219,8.321629223551808,"[0.00225117 0.00105522 0.00106905 0.00105825 0.00158245 0.00111529
 0.00110349 0.0017291  0.00143342 0.00210386 0.00087979 0.00117466
 0.00109525 0.00176527 0.0011743  0.00101718 0.00106035 0.00112831
 0.00116287 0.00101702 0.00179307 0.00190054 0.00175667 0.00091309
 0.00221317 0.00108218 0.0012385  0.00114759 0.0010547  0.00078525
 0.00188159 0.00146272 0.0015432  0.00664486 0.00096135 0.00085777
 0.00389127 0.00149141 0.00178177 0.00182215 0.00174164 0.0012327
 0.00177842 0.00171099 0.00099421 0.0016326  0.00102473 0.00151566
 0.00183113 0.00121748 0.02045517 0.0015954  0.00204095 0.0048398
 0.00430567 0.00910577 0.0013745  0.00152087 0.00130301 0.0258355
 0.00112818 0.00218347 0.00124632 0.00105936 0.00175002 0.00180639
 0.00161872 0.00107221 0.00100028 0.00107455 0.00106317 0.00230889
 0.00179498 0.00098686 0.00103935 0.00746256 0.00082745 0.00082042
 0.00119221 0.00128808 0.00116948 0.00094185 0.00200599 0.0010387
 0.00142976 0.00183305 0.00118599 0.02461766 0.00182859 0.00184835
 0.00143807 0.00878529 0.00279333 0.00179341 0.0015899  0.00126648
 0.0011483  0.00131319 0.0016453  0.00366793 0.00186361 0.00172501
 0.00149974 0.00221238 0.00176601 0.00190071 0.00150165 0.0007717
 0.00121777 0.00204361 0.00148182 0.00319204 0.00116472 0.00342968
 0.00186096 0.00159312 0.00170914 0.00177336 0.00117057 0.00109821
 0.00082003 0.00130822 0.00112061 0.00140576 0.00347573 0.00198728
 0.00172057 0.00627008 0.00166885 0.00344557 0.00546197 0.00339003
 0.00101522 0.00242621 0.00153711 0.00145489 0.00219805 0.00127836
 0.00135981 0.00111948 0.00178616 0.0100137  0.00143739 0.00105716
 0.00157545 0.00119203 0.00114206 0.00371663 0.00177553 0.00323093
 0.00359116 0.00104514 0.00172355 0.00259343 0.00107617 0.00126792
 0.00161591 0.0011293  0.0012805  0.00116076 0.00178454 0.00111515
 0.0018495  0.0012861  0.00178853 0.00096129 0.00106249 0.00163559
 0.00175264 0.00085464 0.00993919 0.00162653 0.00158112 0.00151458
 0.00118879 0.00117989 0.002928   0.00189605 0.0011531  0.00182893
 0.00112553 0.00241583 0.00103447 0.00106793 0.00265669 0.00129991
 0.00202249 0.00178584 0.00169701 0.00118673 0.00115981 0.00186389
 0.00173302 0.00088927 0.0012157  0.0019855  0.00113072 0.00181134
 0.00173555 0.0012146  0.00082774 0.00094519 0.0026602  0.01129431
 0.00140763 0.00225184 0.00334332 0.00179704 0.00151737 0.00420275
 0.00194803 0.00102987 0.00109688 0.00112405 0.00115727 0.00160954
 0.00182398 0.00225877 0.00109547 0.0022416  0.0011169  0.0017868
 0.00143303 0.00113573 0.00085174 0.00187618 0.00179298 0.00241188
 0.00163668 0.00178279 0.00111822 0.00361335 0.00092482 0.00185553
 0.00175483 0.01190042 0.00111955 0.00174917 0.00208659 0.00133337
 0.00193272 0.00181715 0.00182279 0.00176126 0.00178283 0.00179997
 0.00119339 0.00084055 0.00188332 0.00251503 0.001015   0.00084887
 0.0009865  0.00177328 0.02556228 0.0009072  0.00169043 0.00173105
 0.00112408 0.10850536 0.00107905 0.00179186 0.00483483 0.00111376
 0.00154164 0.00173324 0.00167631 0.00075513 0.00160161 0.00102551
 0.00102613 0.0014567  0.00115926 0.00166435 0.00178466 0.0008844
 0.00187574 0.00287972 0.00076619 0.00308625 0.00115171 0.00273022
 0.00111107 0.00094993 0.00158275 0.00197258 0.00150845 0.00083807
 0.0021366  0.00184225 0.00170293 0.0026512  0.00158569 0.0009955
 0.00109134 0.00088611 0.00095834 0.00130242 0.00100841 0.00115739
 0.00098779 0.00172814 0.00101614 0.00168966 0.00183622 0.00108911
 0.00115193 0.00099163 0.0011442  0.00156039 0.00112203 0.00125012
 0.00286452 0.00826528 0.00144613 0.00088068 0.00104787 0.00113202
 0.00136783 0.00101537 0.00121757 0.01490245 0.00097234 0.00074867
 0.00131777 0.00170894 0.00175412 0.00105205 0.00420368 0.00120014
 0.00305659 0.00104428 0.00097779 0.02069888 0.00109155 0.00131727
 0.00180148 0.00176279 0.00110688 0.0010971  0.00168384 0.00124575
 0.00172734 0.00121101 0.00095138 0.00107908 0.00194094 0.00169574
 0.00175401 0.00180777 0.00206352 0.00168249 0.00110743 0.00120095
 0.00110676 0.0009767  0.00166114 0.00320009 0.00315564 0.0011737
 0.00172498 0.00177425 0.00100982 0.00088253 0.0028574  0.00192567
 0.00076252 0.00181812 0.00127371 0.00616677 0.00117151 0.00183571
 0.00076707 0.00138449 0.00187401 0.02017483 0.0014444  0.00173203
 0.00180381 0.00260292 0.00252846 0.00280077 0.00176256 0.00177595
 0.00265043 0.00116234 0.00173314 0.00175005 0.00177199 0.00355668
 0.0015847  0.00124771 0.00188754 0.00112761 0.00104641 0.00109456
 0.00180182 0.00155226 0.00106012 0.00256614 0.00276246 0.00080874
 0.00114546 0.00255041 0.00102952 0.0010767  0.0017197  0.00099498
 0.00117336 0.00109066 0.00393899 0.00171137 0.00121881 0.00113652
 0.0018172  0.00207967 0.0018187 ]"
54,20241116,6.9212630773762465,"[0.00167454 0.00187291 0.00116884 0.00113239 0.00366855 0.00118254
 0.0014713  0.00149945 0.00106915 0.00143653 0.00084673 0.0012251
 0.00078894 0.00159953 0.00187284 0.00050684 0.00111711 0.00115325
 0.00111906 0.0011527  0.00136425 0.00146945 0.00135817 0.0008325
 0.00244702 0.00117406 0.00250682 0.00112909 0.00080657 0.00055562
 0.00149558 0.00145811 0.0016398  0.00286506 0.00059826 0.00142916
 0.0022079  0.00233552 0.00153332 0.0014954  0.00164162 0.00176247
 0.00279875 0.00161044 0.00115679 0.00231487 0.0011399  0.00222399
 0.00149499 0.00144202 0.05611525 0.00169811 0.00101626 0.00174325
 0.00272229 0.00415448 0.00172028 0.00113874 0.00108496 0.00384034
 0.00114783 0.00194595 0.00115197 0.0011711  0.00148102 0.00218244
 0.00127619 0.00111878 0.00150974 0.00110971 0.00118038 0.02462771
 0.00147404 0.00115017 0.00128261 0.00092419 0.00097321 0.00089653
 0.00140858 0.00175117 0.00263526 0.00094989 0.00168002 0.00166452
 0.00148229 0.00162636 0.0027481  0.01130254 0.00276686 0.00154468
 0.00195584 0.00276434 0.00141509 0.00186394 0.00139904 0.00153498
 0.00119949 0.00114438 0.00263132 0.00309355 0.00162549 0.00159581
 0.00106493 0.0018799  0.00155521 0.0014613  0.00174059 0.00057323
 0.00284852 0.00607216 0.0017792  0.00147583 0.00115659 0.0018242
 0.00159123 0.00332429 0.00158565 0.00152341 0.00149507 0.00115241
 0.00060313 0.0013298  0.00119835 0.00420318 0.00142296 0.00218575
 0.00165203 0.00364387 0.00360213 0.0033274  0.00351601 0.00145707
 0.00069983 0.00125622 0.00261515 0.00179023 0.00131966 0.00116174
 0.00337206 0.00123236 0.00161786 0.00189714 0.00157286 0.0010902
 0.00066155 0.00113972 0.00577315 0.0014991  0.00164505 0.01533931
 0.00157412 0.00114334 0.00127509 0.00296543 0.00169976 0.00409484
 0.00147732 0.00126072 0.00124924 0.00116769 0.00161852 0.00106983
 0.00155182 0.00135912 0.00150492 0.00123109 0.00111616 0.0014869
 0.00435999 0.00099652 0.02186393 0.00146565 0.00092445 0.00302304
 0.00122367 0.00227551 0.00160922 0.00287091 0.00163206 0.00152132
 0.00249775 0.00892216 0.00119286 0.00163811 0.00175584 0.00167666
 0.00225925 0.00155206 0.00150159 0.00112439 0.00143603 0.00159782
 0.00165108 0.0006138  0.00111095 0.00164577 0.00105112 0.00152556
 0.00154918 0.00131171 0.00063869 0.00130574 0.00213257 0.05009214
 0.00252681 0.00242484 0.00414041 0.00167675 0.00200808 0.00149741
 0.00124845 0.00116974 0.00113675 0.00111601 0.00117933 0.0015466
 0.0016695  0.00423864 0.00110992 0.0011187  0.00108552 0.00160602
 0.00150548 0.00124568 0.00088761 0.00149142 0.00154331 0.00078478
 0.00115378 0.00151693 0.00122491 0.0014505  0.0007442  0.00159485
 0.00197624 0.00227382 0.00109153 0.0016747  0.00160877 0.00116859
 0.00144354 0.00154127 0.00162859 0.00150655 0.00155353 0.00164687
 0.00114315 0.00110632 0.00156863 0.00296145 0.00080765 0.00117819
 0.00113403 0.00153695 0.00303069 0.0011468  0.0015844  0.00164727
 0.00123035 0.0121129  0.00113608 0.00155065 0.00143335 0.00111354
 0.00107767 0.00146044 0.00204577 0.00074334 0.00539223 0.0011608
 0.00125337 0.0010355  0.00143744 0.00174871 0.00153655 0.00142447
 0.00179601 0.00140135 0.00060521 0.00120388 0.00131347 0.00110183
 0.00111869 0.00100518 0.00167641 0.00234601 0.00145463 0.00075969
 0.00193827 0.00151617 0.00150592 0.00148195 0.00105996 0.00106089
 0.00108066 0.00123766 0.00198921 0.00106874 0.00071545 0.00111078
 0.0011714  0.0015618  0.00115165 0.00151424 0.0015282  0.00114905
 0.0011737  0.00107326 0.00171126 0.00161614 0.00110929 0.00570237
 0.00180281 0.00627742 0.00258593 0.00114216 0.00166478 0.00121726
 0.0010668  0.00175207 0.00223863 0.0029908  0.00115647 0.00082225
 0.01679408 0.00157278 0.00192583 0.00114845 0.00409582 0.00129954
 0.01275566 0.00118502 0.00113586 0.01591139 0.0011442  0.00393794
 0.0015089  0.0015487  0.00113111 0.00109249 0.00158506 0.01104796
 0.00157479 0.00135145 0.0007274  0.00109515 0.00164159 0.00171515
 0.0016933  0.00153985 0.00161339 0.00164327 0.00128258 0.00134731
 0.00194942 0.00100196 0.00157929 0.00120798 0.0015972  0.00168564
 0.00150942 0.00153515 0.00113825 0.00108467 0.00646987 0.00519707
 0.00076458 0.00147579 0.0020564  0.05955599 0.00112719 0.00110959
 0.00066793 0.00206255 0.00063084 0.00498388 0.00268744 0.00174439
 0.00152988 0.003297   0.00255815 0.00144701 0.00151545 0.00141511
 0.00151705 0.0011548  0.00151546 0.0015167  0.00452495 0.0009201
 0.00234498 0.0016032  0.00153587 0.00105766 0.00109113 0.00118663
 0.00122221 0.00053119 0.00104983 0.00719226 0.00245505 0.00179267
 0.00111892 0.00239038 0.00117265 0.00114276 0.00148603 0.00112319
 0.00116069 0.00114504 0.00248217 0.00152109 0.00141965 0.00116623
 0.00155463 0.00592901 0.00133082]"
55,20241001,7.419793054171824,"[0.00298404 0.00259973 0.00120596 0.00113812 0.00180207 0.00643109
 0.00108869 0.00806401 0.00141651 0.00087019 0.00094153 0.00123023
 0.00221373 0.00181768 0.00242587 0.00136134 0.00111658 0.0012127
 0.00116404 0.00105161 0.00176071 0.00191764 0.0016951  0.00227231
 0.00146942 0.0011708  0.00172081 0.00120085 0.00261852 0.00229313
 0.00183377 0.00160079 0.00136083 0.00300603 0.00123026 0.00129014
 0.00192902 0.00323245 0.00192428 0.00189674 0.00184769 0.00073379
 0.00113678 0.00196463 0.00114042 0.00232943 0.00105062 0.00448353
 0.00173478 0.00118792 0.01568199 0.00118347 0.00279758 0.00290607
 0.00195605 0.00249882 0.00188284 0.00076209 0.00127385 0.00448346
 0.00122496 0.00065843 0.00118687 0.00103095 0.00184482 0.00209832
 0.00129369 0.00135594 0.00158358 0.00101057 0.00119604 0.0035908
 0.00178964 0.00108033 0.00115641 0.00246021 0.00177211 0.0027636
 0.00121951 0.00103101 0.00089587 0.0017575  0.00189849 0.00089702
 0.00087587 0.00180125 0.00095458 0.02224844 0.00227484 0.00186155
 0.00074114 0.00130037 0.0013532  0.0022384  0.00533525 0.0018693
 0.00119688 0.00115208 0.00186218 0.00523268 0.00138789 0.00455726
 0.00158939 0.00248047 0.00202893 0.00082854 0.00111114 0.00302248
 0.00382137 0.00171534 0.00197612 0.00336353 0.00116213 0.00193695
 0.00185894 0.00174755 0.00207257 0.00202536 0.00120442 0.00115189
 0.00150081 0.00110949 0.00118676 0.00107151 0.00119392 0.00420583
 0.00225695 0.0011526  0.0022151  0.00288527 0.00136738 0.00111313
 0.00237161 0.00632703 0.00175714 0.00077261 0.00164267 0.00117102
 0.00171674 0.00115475 0.00192926 0.00143172 0.0010851  0.00105218
 0.00097941 0.00120522 0.00376138 0.00101729 0.00182563 0.00462803
 0.0010988  0.00116681 0.0039955  0.00353257 0.00101215 0.00086404
 0.00193374 0.00118033 0.00113747 0.00119901 0.00181164 0.00104644
 0.00185412 0.00115224 0.00197532 0.00255702 0.00199449 0.00177586
 0.00355069 0.00179743 0.00168498 0.00117342 0.00130804 0.001017
 0.0009861  0.00108748 0.00190857 0.00312684 0.00130889 0.00183488
 0.00081654 0.00403517 0.00106089 0.00100418 0.0029871  0.00478578
 0.00178954 0.00180311 0.00179324 0.00119866 0.00213836 0.00193517
 0.00175383 0.00249382 0.00156307 0.00159063 0.00140969 0.00173784
 0.00186241 0.00126384 0.00095791 0.00145354 0.00217445 0.00634658
 0.00151281 0.00469245 0.00235946 0.00174858 0.0017076  0.00174172
 0.00287159 0.00119324 0.00111763 0.00110809 0.00101047 0.00184688
 0.00206752 0.00134134 0.00118784 0.00162982 0.00104677 0.00188677
 0.00110984 0.0011658  0.00157459 0.00204716 0.00196079 0.00119592
 0.00196811 0.00170087 0.00121371 0.00443754 0.00087099 0.00205272
 0.00197319 0.00211737 0.00115617 0.00188528 0.00151763 0.00174375
 0.00080738 0.00183688 0.00182208 0.00183594 0.00182503 0.00192598
 0.00119794 0.00222296 0.00183768 0.00446375 0.00221379 0.00248055
 0.00137263 0.00177245 0.00175903 0.00281564 0.00192089 0.00174203
 0.00121895 0.07253517 0.001151   0.00198376 0.01004109 0.0011032
 0.00133912 0.00475788 0.00190974 0.00268238 0.00369925 0.00124511
 0.00102097 0.00156656 0.00151919 0.0016843  0.00183033 0.00238656
 0.0046203  0.00086943 0.00270454 0.00137916 0.00081684 0.00135289
 0.00117445 0.00247774 0.00189738 0.00137966 0.00110987 0.00093373
 0.00460377 0.0019091  0.00197682 0.0008116  0.00129746 0.00254547
 0.00101983 0.00261236 0.00753082 0.00152261 0.00096096 0.00107704
 0.00117936 0.00128739 0.0011127  0.00171208 0.00185439 0.00104105
 0.0011471  0.00107445 0.00111444 0.00098313 0.00110818 0.00344266
 0.00172446 0.0014656  0.00115301 0.00295932 0.00244833 0.00112518
 0.00112636 0.00107469 0.00276697 0.00192104 0.00261687 0.0008818
 0.00289013 0.00112683 0.00173435 0.00115168 0.00183371 0.00114143
 0.00357086 0.00116559 0.00226503 0.03939595 0.00109524 0.00184013
 0.00221056 0.00203494 0.00115394 0.00102399 0.0022292  0.00254021
 0.00180654 0.00120908 0.00291942 0.00105052 0.00223606 0.00170581
 0.00192482 0.00182207 0.00095349 0.00172009 0.00132189 0.00125197
 0.00140898 0.00227082 0.00186319 0.00236382 0.00163601 0.00115343
 0.00183936 0.00180857 0.00112951 0.0020709  0.00739301 0.0023033
 0.00247997 0.00174904 0.00091806 0.03275194 0.0012459  0.00166581
 0.00252792 0.0093281  0.00158344 0.00171556 0.00181298 0.02738666
 0.00189545 0.00193398 0.00128114 0.00243404 0.00173343 0.00335397
 0.00176837 0.00116481 0.00198585 0.00204452 0.00528959 0.00381312
 0.0012775  0.00072247 0.00186838 0.00106603 0.00111431 0.0010998
 0.00103137 0.0024915  0.00104206 0.00111853 0.00276798 0.00207422
 0.0011333  0.00082774 0.00117219 0.00106048 0.00206503 0.00112951
 0.00119621 0.00106304 0.0009037  0.00208124 0.00090013 0.0012369
 0.00203568 0.00116966 0.01088055]"
56,20241030,22.327816649205882,"[0.00068087 0.00058945 0.00071432 0.00072534 0.0007345  0.0014742
 0.00088309 0.00194861 0.00095759 0.00113795 0.0023921  0.00081375
 0.00245009 0.00194192 0.00235896 0.00266936 0.00077074 0.00071112
 0.00076402 0.00071549 0.0020611  0.0020576  0.00035404 0.00241211
 0.00067565 0.00072384 0.00062953 0.00072734 0.00242883 0.00240526
 0.00185123 0.00074263 0.00038602 0.00159505 0.00235993 0.00243404
 0.00225313 0.00132201 0.00194279 0.00196984 0.00197955 0.00057449
 0.00070081 0.00200381 0.0007451  0.0019649  0.00071829 0.00066716
 0.00198464 0.00098414 0.0818698  0.00038378 0.00074161 0.0007748
 0.00061678 0.00083195 0.00081002 0.00044507 0.00041117 0.00140604
 0.00073892 0.00085003 0.00046296 0.00074225 0.00196748 0.00177531
 0.0009162  0.00076866 0.00059791 0.00084457 0.0007271  0.00088764
 0.00193147 0.00083456 0.00075237 0.00212501 0.00247105 0.00266975
 0.00081358 0.00058951 0.00069499 0.00246882 0.00189337 0.00087567
 0.00058947 0.00199697 0.00057508 0.00128322 0.00033687 0.00219277
 0.00059152 0.0007438  0.00050046 0.0028245  0.00134408 0.0006021
 0.0008126  0.00068665 0.00068154 0.00147928 0.00082617 0.00198979
 0.00076431 0.0005334  0.00207217 0.00057851 0.00085506 0.00249706
 0.00142012 0.00099285 0.00059914 0.00287311 0.00071036 0.01056657
 0.00199579 0.00130081 0.00201708 0.00177348 0.00055012 0.00071057
 0.00244491 0.00084526 0.00079345 0.00061398 0.00083279 0.00217696
 0.00199851 0.00072949 0.00068152 0.00206354 0.00059398 0.00029093
 0.00241464 0.00190161 0.00069222 0.00069205 0.00038087 0.00087053
 0.00073984 0.00078743 0.00208187 0.00101249 0.00059133 0.00084002
 0.00251883 0.00071262 0.00042519 0.00036705 0.00198437 0.00956269
 0.00044488 0.00070105 0.00118161 0.00069083 0.00059087 0.0005943
 0.01924966 0.00082807 0.00082638 0.00072039 0.00199186 0.00083037
 0.00196777 0.00080794 0.00196598 0.00243362 0.00058526 0.0020207
 0.00243959 0.00245495 0.00139972 0.00058758 0.00075998 0.00116265
 0.00046287 0.00098034 0.00210489 0.000617   0.00081412 0.00211631
 0.00077593 0.06830596 0.00074125 0.00036363 0.00190116 0.0006866
 0.00166218 0.00190521 0.00202814 0.00083426 0.00068861 0.00197158
 0.00195902 0.00254797 0.00053873 0.00038887 0.0010527  0.00199308
 0.00194904 0.00081231 0.00234347 0.00360721 0.00223076 0.00260377
 0.00062361 0.00075248 0.00073189 0.0020657  0.00121418 0.00195296
 0.00240234 0.00071558 0.00073117 0.00078133 0.00078067 0.00196518
 0.00188974 0.00081368 0.00076771 0.00038583 0.00039662 0.0019915
 0.00056701 0.00080688 0.0025018  0.00191125 0.00187192 0.00189245
 0.00074376 0.00173905 0.0004016  0.0012848  0.00242469 0.00197639
 0.00278283 0.00064207 0.00078623 0.0019237  0.00039988 0.00087343
 0.0005745  0.00197043 0.00200468 0.00192558 0.00206867 0.00196715
 0.00072384 0.00243553 0.00201584 0.00243979 0.00245715 0.00245806
 0.00072506 0.00171521 0.0102833  0.0024717  0.00198341 0.00204071
 0.00080229 0.00062354 0.00075969 0.00207595 0.00119914 0.00076806
 0.00037134 0.00256441 0.00199047 0.00242129 0.03992084 0.00072629
 0.00065423 0.00264049 0.00089692 0.00074735 0.00193473 0.00244439
 0.00193604 0.00082387 0.002423   0.00043778 0.00055927 0.00043237
 0.00075105 0.00241113 0.00204895 0.00064996 0.00078857 0.00238662
 0.0019923  0.00195696 0.00198121 0.00057127 0.0004304  0.00235663
 0.0008231  0.00246355 0.0023494  0.00039126 0.00236398 0.00077783
 0.00071517 0.0008508  0.000803   0.00194457 0.00201276 0.00070078
 0.0008248  0.00086088 0.00094504 0.00039063 0.00079406 0.0006226
 0.01060296 0.00088838 0.00061895 0.00240499 0.00088161 0.00080322
 0.000416   0.00052508 0.00060057 0.00096217 0.00244097 0.00235015
 0.00607709 0.00059354 0.00206156 0.00072991 0.00104426 0.00060154
 0.00077961 0.00080068 0.00245538 0.02227521 0.00073644 0.00115069
 0.00208736 0.0019739  0.00080382 0.00084082 0.00186371 0.00205249
 0.00204064 0.00080341 0.00236932 0.00083611 0.00197409 0.00191484
 0.00198883 0.0019792  0.00030313 0.00197592 0.00081847 0.00100261
 0.00143534 0.00246317 0.0020933  0.00066166 0.00062278 0.00040161
 0.00197243 0.00196459 0.0007389  0.00244957 0.00090646 0.00075601
 0.00243705 0.00199934 0.00054883 0.17996917 0.00072911 0.00116039
 0.00244445 0.00061321 0.00219675 0.00075742 0.00074971 0.0020065
 0.00207221 0.00078662 0.00065713 0.00059309 0.00201583 0.00150435
 0.00206843 0.00072072 0.00196987 0.00207029 0.0006352  0.00250894
 0.00065287 0.00060163 0.00197488 0.0008383  0.00083782 0.00070761
 0.00038345 0.00212343 0.00083877 0.01283306 0.00125009 0.00247405
 0.00076277 0.00058307 0.00071977 0.00074054 0.00198247 0.00078085
 0.00080196 0.00076166 0.00067646 0.00253934 0.00058548 0.00071544
 0.00190323 0.00158035 0.00086525]"
57,20241105,7.339609330291725,"[0.00331417 0.00066704 0.00144067 0.00140698 0.00187525 0.00270776
 0.00113024 0.0014135  0.00153473 0.00136969 0.0007588  0.00148021
 0.00138012 0.00161584 0.00325639 0.00474253 0.00141134 0.00133442
 0.00142795 0.00138127 0.00148872 0.00159451 0.00139323 0.00175821
 0.00161503 0.0013846  0.00099674 0.00158475 0.00140848 0.00144083
 0.00156217 0.00191014 0.00256647 0.00253985 0.00091368 0.0012445
 0.00445824 0.00157289 0.00167142 0.00183998 0.00164265 0.00135605
 0.00167271 0.00171878 0.00131157 0.00155007 0.00154935 0.00136999
 0.00168055 0.0015559  0.01344913 0.00221194 0.00185348 0.00225961
 0.00884704 0.00198866 0.00142107 0.00288902 0.00225951 0.00299676
 0.00142171 0.00353644 0.00106525 0.00147576 0.00173313 0.00171571
 0.00140552 0.00144403 0.00119577 0.0015549  0.00144867 0.00358453
 0.00172575 0.00144366 0.00109308 0.00196573 0.00182542 0.0014297
 0.00130259 0.0016146  0.00115559 0.00155673 0.00198448 0.0011815
 0.0013102  0.0017162  0.00236337 0.0233786  0.00175054 0.00129029
 0.0016629  0.0047339  0.00336698 0.00165464 0.00200397 0.00369039
 0.00128682 0.00898332 0.00138963 0.00119027 0.00141934 0.0014821
 0.00183    0.00294777 0.00150313 0.00165826 0.0035553  0.00181761
 0.00401983 0.00261429 0.00094224 0.00149295 0.00138813 0.00160425
 0.00187277 0.00163682 0.00155419 0.00159788 0.00158582 0.00145531
 0.00098914 0.0012421  0.00118232 0.00123496 0.00191753 0.00085352
 0.00173837 0.03870064 0.00248171 0.00261432 0.00103068 0.00264194
 0.00151576 0.00256368 0.00810815 0.000701   0.00222039 0.00411641
 0.00111932 0.00143268 0.00169656 0.00234742 0.00137867 0.00149227
 0.000813   0.00158658 0.00139506 0.00243583 0.00153016 0.00195727
 0.0022621  0.00114227 0.00161242 0.00144494 0.00082624 0.00076419
 0.00149592 0.00132997 0.00130609 0.00173182 0.00185805 0.00169834
 0.0018403  0.00124629 0.00165427 0.00129232 0.00111665 0.00186861
 0.00470797 0.00121294 0.02232456 0.00136981 0.00192812 0.00284341
 0.00220099 0.00222562 0.00183075 0.00125907 0.00116893 0.00138914
 0.00451342 0.00156997 0.00132658 0.00350447 0.00172562 0.0009682
 0.00214302 0.00171758 0.0013896  0.00149011 0.00098325 0.00179221
 0.00171779 0.00255539 0.00122537 0.00177927 0.00302027 0.00176819
 0.00153019 0.00131761 0.00088575 0.00129691 0.00332915 0.00592205
 0.00126448 0.00148333 0.00209292 0.00139093 0.00259577 0.00163547
 0.00103517 0.00135983 0.00140124 0.00136648 0.0021581  0.00153442
 0.00160548 0.00327539 0.00133685 0.00249842 0.00202743 0.00176206
 0.00150317 0.00128628 0.0010095  0.00166381 0.0015854  0.00241657
 0.00176109 0.0018054  0.0016466  0.00140951 0.00247458 0.00176343
 0.0015212  0.00146638 0.00142551 0.00172231 0.00209967 0.00203972
 0.00175519 0.00163044 0.00168493 0.00154308 0.00142105 0.00180303
 0.00163328 0.00122772 0.00177842 0.01001422 0.00169901 0.00157499
 0.0016316  0.00167019 0.00541002 0.00150473 0.00153588 0.00137509
 0.00126985 0.00214418 0.00181241 0.00152396 0.00180391 0.00141155
 0.0026187  0.00129233 0.00149197 0.00194584 0.00723554 0.00165485
 0.00119812 0.00568494 0.0014602  0.00178246 0.00161438 0.00122099
 0.05176099 0.00755048 0.00135187 0.0034247  0.00295546 0.0033284
 0.00128225 0.00155373 0.0024588  0.0016398  0.00119818 0.000757
 0.00152172 0.00168808 0.00149638 0.00166924 0.00274293 0.0014644
 0.00155756 0.00138218 0.00343064 0.00232717 0.00081522 0.00130149
 0.00142886 0.00214729 0.00118884 0.00157927 0.00171517 0.00132587
 0.00127924 0.00140273 0.00287205 0.0032448  0.00126729 0.00379189
 0.00126447 0.02328295 0.00129492 0.00143858 0.00275288 0.00127519
 0.0022724  0.00107548 0.00495068 0.00245318 0.00208407 0.00259467
 0.00238927 0.0014973  0.00168887 0.00139288 0.00778309 0.00181522
 0.00184632 0.00133234 0.00132882 0.00120358 0.00190203 0.00146723
 0.00146441 0.001571   0.00135421 0.00154418 0.00176763 0.00108113
 0.00154597 0.00120641 0.00080633 0.00160666 0.0019607  0.00152202
 0.00172724 0.00181637 0.00432706 0.00143818 0.00107997 0.00131622
 0.00072713 0.00139799 0.00154994 0.00144499 0.00156183 0.00155038
 0.00164579 0.00154607 0.00138396 0.00129665 0.01562932 0.00155151
 0.00148794 0.00157861 0.00141057 0.0313807  0.00159605 0.00393732
 0.00176991 0.00272472 0.00184823 0.00247732 0.00178814 0.00193776
 0.0015686  0.00217653 0.00145945 0.0019028  0.0019035  0.00205827
 0.00168479 0.00140498 0.00187044 0.00164179 0.00320932 0.00206952
 0.00107885 0.00068582 0.00164632 0.00161416 0.00161883 0.00145089
 0.0015761  0.00176388 0.00161382 0.00233573 0.0013342  0.00186116
 0.0013515  0.00157425 0.00158238 0.00119098 0.00169904 0.00120872
 0.00148727 0.00136601 0.00159616 0.00146229 0.00154784 0.00139174
 0.00160094 0.001816   0.0032164 ]"
58,20240922,8.505456262124705,"[0.00451404 0.00122845 0.00109385 0.00114122 0.00235411 0.00164381
 0.00110013 0.00172686 0.00194274 0.00128472 0.00067792 0.00127691
 0.00096929 0.00180459 0.00058397 0.00135465 0.00118115 0.00110128
 0.00117185 0.0011254  0.00257358 0.00196973 0.00152916 0.00049548
 0.00249485 0.00109736 0.00298575 0.00114879 0.00074292 0.0028387
 0.00203024 0.00214756 0.0009422  0.00375572 0.00095452 0.00060103
 0.0025406  0.00209999 0.0021109  0.00184254 0.00182303 0.00235074
 0.00192861 0.00173313 0.00112745 0.00151653 0.00109332 0.002511
 0.00187482 0.00155214 0.0195026  0.0009157  0.00266837 0.00251211
 0.01061295 0.00209272 0.00124401 0.00141224 0.00115137 0.00499803
 0.00109567 0.00157598 0.00153929 0.0011166  0.00198851 0.00249597
 0.00140369 0.00114805 0.0011217  0.001237   0.00109713 0.01623046
 0.00188282 0.0011166  0.00109569 0.00101523 0.00102813 0.00051582
 0.00121761 0.00199432 0.00210555 0.00068129 0.00183153 0.00158305
 0.00226307 0.00170441 0.00154118 0.02848461 0.00083658 0.00172642
 0.00231881 0.00251157 0.00120924 0.00146069 0.00183688 0.00290059
 0.00125353 0.00959146 0.00201136 0.00328261 0.00139492 0.00224206
 0.00283488 0.00090553 0.0021074  0.00186514 0.0015386  0.0017833
 0.00345165 0.0010519  0.00207871 0.00146812 0.00109563 0.00265556
 0.00173907 0.00501765 0.0020026  0.00219434 0.00122182 0.00110006
 0.00226314 0.00122449 0.00125023 0.00286424 0.00494495 0.00156704
 0.00208002 0.00438979 0.0020811  0.00080186 0.00110536 0.00109151
 0.00080644 0.00122449 0.02320764 0.00084056 0.00195098 0.0017479
 0.01236089 0.00125554 0.00242157 0.00177069 0.00160124 0.00119788
 0.00063493 0.00111462 0.00095223 0.00108343 0.00159739 0.00254404
 0.00147012 0.00109896 0.00314509 0.00120082 0.00147918 0.00171547
 0.00191129 0.0012355  0.00126175 0.00107583 0.00165695 0.00123149
 0.0020249  0.00122833 0.00276059 0.00066762 0.00119672 0.00173204
 0.00072648 0.00058979 0.008916   0.00223456 0.00232962 0.00118279
 0.00126328 0.00167439 0.0017715  0.00304926 0.00131418 0.00163147
 0.00122824 0.00087302 0.00111129 0.00111202 0.00185697 0.00082875
 0.00751609 0.0018015  0.00177404 0.00128824 0.00087673 0.00180145
 0.0018555  0.00117705 0.00097409 0.00086898 0.00170815 0.00172056
 0.00194768 0.00122542 0.00053436 0.00095423 0.03470114 0.02328201
 0.00157063 0.00579896 0.00180539 0.00176005 0.00308553 0.00215145
 0.00099321 0.00112373 0.001093   0.00114616 0.00120031 0.0016524
 0.00190645 0.00350677 0.00115355 0.00127704 0.00152392 0.00185891
 0.00207103 0.0012247  0.00127918 0.00197849 0.00181145 0.0015485
 0.00330245 0.0025208  0.0011161  0.00152979 0.00064416 0.00229924
 0.001936   0.00606084 0.00117778 0.00181881 0.00082556 0.00173175
 0.00204688 0.0018359  0.001837   0.0019054  0.00189947 0.0021313
 0.00115868 0.00071269 0.00176152 0.00399733 0.00084834 0.00083484
 0.00110384 0.00182273 0.00440682 0.00056874 0.00171648 0.00210797
 0.00120382 0.07098977 0.00109018 0.00161618 0.00098363 0.00114206
 0.00105935 0.00060298 0.0017672  0.00150261 0.00206001 0.00115909
 0.00112551 0.00457716 0.00153738 0.00220436 0.0016227  0.00063599
 0.00168024 0.00514936 0.00064611 0.00157995 0.00232692 0.00110423
 0.00115782 0.00053737 0.00200154 0.00209331 0.00123077 0.00052497
 0.00183135 0.00197288 0.0019965  0.00247081 0.00113213 0.00098015
 0.00118249 0.00058379 0.00118237 0.00132233 0.00058459 0.00116648
 0.00109762 0.00399291 0.00118431 0.00185578 0.00195471 0.00110388
 0.0012267  0.00120094 0.00206706 0.00146925 0.00115836 0.0036681
 0.00264866 0.00637604 0.00168942 0.00194175 0.00128799 0.00126395
 0.00151192 0.00194096 0.00190936 0.00127988 0.00084262 0.00095227
 0.00182774 0.00232803 0.00187187 0.00109492 0.00186303 0.00218043
 0.00837009 0.00110722 0.00061486 0.01769195 0.00109096 0.00089244
 0.00171905 0.00187076 0.00119248 0.00123471 0.0024503  0.00259953
 0.00184976 0.0012798  0.00340655 0.00120476 0.00165715 0.00190417
 0.00197934 0.00208209 0.00172187 0.00209206 0.00120149 0.00189673
 0.00157717 0.00079522 0.00165272 0.00084961 0.00255268 0.00124991
 0.00194994 0.00172531 0.00113271 0.00058464 0.00666575 0.00288398
 0.00096247 0.00168097 0.00143001 0.00645764 0.00116834 0.00113751
 0.00165957 0.00362973 0.00058135 0.00209477 0.00438043 0.00170627
 0.00168905 0.00235718 0.00240297 0.00232187 0.00174943 0.00311989
 0.00173246 0.00110267 0.00191412 0.00196809 0.00652939 0.00198665
 0.00153118 0.00105044 0.00188879 0.00121452 0.00129025 0.00109812
 0.00172456 0.00070466 0.0012385  0.00164862 0.00172408 0.00086061
 0.00114006 0.0017993  0.0011049  0.00110501 0.00206351 0.00118539
 0.001436   0.0011104  0.00190861 0.00171058 0.00177561 0.00109993
 0.00194914 0.00760074 0.0068863 ]"
59,20241118,8.203627572780631,"[0.00122426 0.00107907 0.00154253 0.00142475 0.00084429 0.0009026
 0.00109277 0.00273145 0.00136178 0.00099497 0.00285858 0.00144717
 0.00142368 0.00211333 0.00565241 0.00654727 0.00135577 0.00164498
 0.0016444  0.00162705 0.00254545 0.00200703 0.00273186 0.00136399
 0.00143977 0.00163148 0.00094927 0.0017309  0.00144825 0.00132494
 0.00246746 0.00085971 0.00127936 0.00181849 0.00123863 0.00186015
 0.00212311 0.00132387 0.00222868 0.0020773  0.00187461 0.00079571
 0.00193895 0.00189641 0.00158419 0.00217052 0.00139139 0.00178286
 0.00201831 0.00118044 0.00769578 0.00120726 0.00087186 0.00110267
 0.00175614 0.00409851 0.00160235 0.00153163 0.00222515 0.0049706
 0.00150846 0.00405665 0.00144393 0.00166904 0.0022181  0.0021508
 0.00107045 0.0014912  0.00107859 0.00099628 0.00159754 0.00649892
 0.00214277 0.00143843 0.00152186 0.00161014 0.00107196 0.00510195
 0.00141654 0.0006902  0.00124172 0.00131178 0.00198569 0.00260777
 0.00142481 0.0020618  0.0012176  0.02270287 0.00177091 0.00190542
 0.00105942 0.0056469  0.00227377 0.0018649  0.0013208  0.0014876
 0.00127259 0.00117403 0.00137969 0.00146686 0.00113456 0.00195592
 0.00086122 0.00318608 0.00199145 0.00212659 0.00159019 0.00125735
 0.0015851  0.00122611 0.00565433 0.00156799 0.00169599 0.0015376
 0.00195806 0.00136241 0.00204539 0.00200894 0.00194248 0.00163617
 0.00136139 0.00150487 0.00135346 0.00109464 0.00206394 0.00072793
 0.00182573 0.004394   0.00133075 0.00122588 0.00092853 0.00177316
 0.00231984 0.00060131 0.02032473 0.00132232 0.00118365 0.00099087
 0.00937419 0.00154412 0.00199516 0.00237005 0.00082231 0.00103128
 0.00239812 0.00149189 0.00267083 0.00165477 0.00190448 0.00285876
 0.00232173 0.00186273 0.00143595 0.00236457 0.00148331 0.00140893
 0.00194299 0.00124975 0.00153254 0.00161325 0.00195816 0.00102204
 0.00205229 0.00154505 0.00217856 0.00167521 0.0015073  0.00196479
 0.00134106 0.00089786 0.00316562 0.00134103 0.00083547 0.00348793
 0.00344536 0.00118313 0.00193704 0.00092459 0.00296027 0.0019557
 0.0009331  0.00121908 0.00148889 0.00156485 0.00254265 0.0041272
 0.00145886 0.00214016 0.00199495 0.00128735 0.00336837 0.00195453
 0.00195992 0.00127355 0.00187977 0.00180653 0.00091178 0.00206201
 0.00213206 0.0013219  0.00187855 0.0037308  0.01213975 0.01956753
 0.00214963 0.00191839 0.00080506 0.00195796 0.00220151 0.00399883
 0.00142445 0.0016239  0.00166283 0.00151448 0.00141521 0.00177101
 0.00206918 0.00280764 0.00167859 0.00243305 0.00173992 0.00201048
 0.00140382 0.00128198 0.00128501 0.00224978 0.00192397 0.00889707
 0.00084524 0.00200174 0.00168934 0.00118783 0.00210739 0.00200043
 0.00186428 0.00100096 0.00139317 0.00233586 0.00146407 0.00151861
 0.00065446 0.00205796 0.00191482 0.00205496 0.00193222 0.00208187
 0.00173258 0.00165392 0.00196098 0.00170504 0.00136936 0.00167921
 0.00192949 0.00191909 0.0018452  0.00177179 0.00193786 0.00196938
 0.00135245 0.00109243 0.00138716 0.00193644 0.00128962 0.00160053
 0.00254448 0.00506369 0.0019081  0.00163653 0.00151953 0.00144826
 0.00139405 0.00165897 0.0011421  0.00086021 0.00229366 0.00146845
 0.0038205  0.00109602 0.00131812 0.00173342 0.00106805 0.00387912
 0.00155389 0.00212563 0.00193067 0.00162276 0.00119345 0.0023308
 0.00161887 0.00215106 0.00197273 0.00082791 0.00210037 0.00128051
 0.00101684 0.00136958 0.00105518 0.00195732 0.00302196 0.00149966
 0.00153601 0.00129799 0.00135471 0.00188654 0.00196501 0.00203108
 0.00133183 0.00090338 0.00084394 0.00183253 0.00152683 0.0014124
 0.00188684 0.00922922 0.00279521 0.00122367 0.00118766 0.00130411
 0.00226929 0.00165201 0.00205628 0.00132871 0.00165296 0.00206947
 0.0020117  0.00065066 0.00233595 0.00159828 0.00100749 0.0007772
 0.00224614 0.00166897 0.0049074  0.02474033 0.00137402 0.00162863
 0.00197418 0.00213171 0.00147339 0.0009636  0.00191268 0.0044976
 0.00196611 0.00137303 0.00163972 0.00104234 0.0022805  0.00194904
 0.00206102 0.00248333 0.00261807 0.0018822  0.00135764 0.00121234
 0.00154817 0.00204749 0.00198926 0.00236589 0.00522076 0.00178584
 0.00194603 0.00197757 0.00147017 0.00166929 0.00236687 0.00230916
 0.00118032 0.00195    0.00093765 0.10867247 0.00166551 0.0022848
 0.00137821 0.00195726 0.00077961 0.00447118 0.00084351 0.0050826
 0.00193032 0.00171955 0.00152146 0.00137935 0.00198451 0.00190981
 0.00521103 0.00149046 0.00198007 0.00200855 0.00379709 0.00089435
 0.00111691 0.00124139 0.00188771 0.00114028 0.0009503  0.00164152
 0.00196776 0.00071521 0.00107963 0.00171555 0.00373197 0.00138195
 0.00159245 0.00127336 0.0017701  0.00160191 0.00204541 0.00133186
 0.00137063 0.00149561 0.00191668 0.0019771  0.00103658 0.00167504
 0.00219022 0.00071545 0.01071028]"
60,20241202,9.472864910470925,"[0.00167562 0.00089237 0.00117581 0.00103206 0.00129847 0.00091077
 0.00119634 0.00181581 0.00122494 0.00099034 0.00095434 0.00109655
 0.00141091 0.00179422 0.00146618 0.01632097 0.00104762 0.00127637
 0.00105756 0.00115081 0.00226886 0.00176184 0.0022771  0.00366626
 0.00121902 0.00117198 0.00062333 0.00139601 0.00132358 0.00089381
 0.00163872 0.00126288 0.00253387 0.00250229 0.00135401 0.00156037
 0.00148471 0.00117652 0.00188309 0.00200617 0.00171231 0.00236827
 0.00096051 0.00171185 0.00114354 0.0019657  0.00109376 0.00236019
 0.00178067 0.00132381 0.00815252 0.00244241 0.00151921 0.00193909
 0.00094955 0.00146778 0.00108628 0.00321699 0.00113364 0.00851069
 0.00111158 0.0044106  0.00219313 0.00115409 0.00187296 0.00155511
 0.0014301  0.00107651 0.00115456 0.00119889 0.00117989 0.00155825
 0.00189803 0.00101389 0.00116552 0.00124843 0.000786   0.00908268
 0.00107454 0.00234013 0.00083613 0.0009785  0.0016363  0.00279709
 0.00236382 0.00178155 0.00174269 0.06819889 0.00182362 0.00173467
 0.00238614 0.00339788 0.00284009 0.0017257  0.00128804 0.00347596
 0.0010662  0.00160555 0.00291332 0.00101489 0.00294074 0.00185216
 0.00137061 0.00321675 0.00180361 0.00260354 0.00122809 0.00196678
 0.00121233 0.00439677 0.00272187 0.00132353 0.00104224 0.0015754
 0.0019236  0.00123688 0.00173625 0.00161272 0.00160395 0.00116559
 0.00147378 0.00107623 0.00106454 0.00121289 0.00600888 0.0008401
 0.00171343 0.00282405 0.00128298 0.00112797 0.00374251 0.00241284
 0.00147599 0.00042055 0.00142595 0.00225146 0.00251747 0.00137466
 0.00110832 0.00107723 0.00176266 0.0031891  0.00239553 0.00119979
 0.00044789 0.00134654 0.00165509 0.00169392 0.00213636 0.00166545
 0.00310779 0.00119831 0.00215246 0.00477236 0.00163097 0.00155391
 0.00164741 0.00104061 0.00105111 0.0013636  0.00178486 0.00121836
 0.00174414 0.00105889 0.00173151 0.00134174 0.00099235 0.00188338
 0.00073851 0.00155539 0.1091374  0.00227998 0.0012781  0.00255338
 0.00320097 0.00092946 0.00195105 0.00462542 0.00126241 0.00195321
 0.0009298  0.00616675 0.00108975 0.00396285 0.00147051 0.00217481
 0.00245018 0.00168955 0.00177371 0.00107909 0.00176246 0.00177008
 0.00173038 0.00180574 0.0011334  0.00302101 0.0024598  0.00187868
 0.0017149  0.00106454 0.00184684 0.00210061 0.00200991 0.00245409
 0.0010637  0.00336494 0.0034675  0.00176263 0.0012484  0.00159009
 0.00147887 0.00117626 0.001102   0.00108629 0.00111576 0.00169439
 0.00150623 0.0078502  0.00107984 0.00108202 0.00113644 0.00187408
 0.00353403 0.00106573 0.00132067 0.00180572 0.00172271 0.00960242
 0.00131559 0.00149051 0.00103312 0.00109363 0.00126045 0.00182484
 0.00172934 0.00136929 0.00108693 0.00258319 0.00260531 0.00115346
 0.00242003 0.00171141 0.00175119 0.00195871 0.00175522 0.00180091
 0.00134654 0.0014281  0.00177015 0.00277734 0.00147021 0.00133902
 0.00103075 0.0014029  0.00170792 0.00115496 0.0017525  0.00185262
 0.00107913 0.01792247 0.00118745 0.00175137 0.0030544  0.00108832
 0.00119942 0.0011625  0.00164641 0.00168573 0.00151044 0.00101508
 0.00105526 0.00202247 0.00158924 0.00137984 0.00177697 0.00130629
 0.00204476 0.00256222 0.00281772 0.00287086 0.0017764  0.00217542
 0.00110871 0.00132206 0.00185521 0.00153102 0.00104413 0.00105113
 0.00266647 0.00191335 0.00167747 0.00228546 0.00102017 0.0012401
 0.00116358 0.00124345 0.0008392  0.00102435 0.00104792 0.00109562
 0.00116475 0.00441703 0.00107453 0.00167705 0.00178937 0.00121496
 0.00108613 0.00118755 0.00216549 0.00329194 0.00108378 0.00083406
 0.00202622 0.02125528 0.00057451 0.00139349 0.00167122 0.00107294
 0.00108248 0.00138717 0.00114902 0.00108373 0.00132089 0.00062437
 0.00184505 0.00234617 0.00201493 0.00116973 0.00147093 0.00238413
 0.00299639 0.00111567 0.00192059 0.00548811 0.0012798  0.00278825
 0.00188673 0.00180905 0.00109341 0.00116654 0.0017061  0.00117253
 0.00201554 0.00106851 0.00270945 0.00120448 0.00171829 0.00172633
 0.00177959 0.00190702 0.00335495 0.00153055 0.00107309 0.00156473
 0.00082968 0.00161347 0.00183153 0.00279463 0.00588028 0.0015298
 0.00168212 0.00175894 0.00110194 0.00134576 0.00179632 0.00263773
 0.00120897 0.00182296 0.00240313 0.02489277 0.00137711 0.0054015
 0.00192433 0.00149225 0.00086973 0.00174675 0.00131183 0.0017978
 0.00178042 0.00235014 0.00098082 0.0024133  0.0018461  0.00231817
 0.00210205 0.00122483 0.00166411 0.0018354  0.00146276 0.00106341
 0.00066954 0.00118166 0.00184433 0.00116645 0.00119233 0.00113296
 0.00108361 0.00070843 0.00121571 0.00148433 0.00130728 0.00105073
 0.00106749 0.00239364 0.00115481 0.0011246  0.00174653 0.00104147
 0.00106161 0.00108839 0.00072163 0.00174009 0.00234712 0.00115494
 0.00179207 0.00406826 0.00343674]"
61,20241218,8.451160549485722,"[0.0025366  0.00271686 0.00196935 0.00180786 0.00194959 0.00097997
 0.00189408 0.00116837 0.00119374 0.00129066 0.00098945 0.00173734
 0.0005207  0.00134962 0.00347001 0.00189    0.00168015 0.00192587
 0.00179765 0.00209077 0.00124031 0.00143011 0.00112002 0.00048604
 0.00225707 0.00202346 0.00171064 0.00207702 0.00063697 0.00055979
 0.00130746 0.00164305 0.00121625 0.01045439 0.00056008 0.00058613
 0.00409991 0.00125793 0.00130052 0.00134055 0.00137759 0.00172393
 0.00306149 0.00139337 0.00205812 0.00110132 0.00182887 0.00218815
 0.00129198 0.00118021 0.03068192 0.00128208 0.00190766 0.00307259
 0.00413721 0.00324131 0.00198221 0.00228957 0.00172846 0.00863336
 0.00188684 0.00144699 0.00163549 0.00211754 0.00136045 0.00138239
 0.00116446 0.00180052 0.00171323 0.0014048  0.00201667 0.00528146
 0.00123404 0.00186044 0.00193756 0.00050945 0.00051098 0.00043033
 0.00173193 0.00141682 0.00163414 0.00045172 0.00170387 0.00129789
 0.00161258 0.00134647 0.00262079 0.04089342 0.00235701 0.00128111
 0.00184309 0.00154486 0.00134245 0.00113211 0.00191904 0.0018826
 0.00180992 0.00107268 0.00252276 0.00164712 0.00134076 0.00319472
 0.00167301 0.00194477 0.00125743 0.00120172 0.00188904 0.00070762
 0.00540539 0.00249065 0.006448   0.00397526 0.00208493 0.0009434
 0.00132428 0.00212806 0.00139859 0.00130355 0.00185313 0.00197083
 0.00121818 0.00176126 0.00172878 0.00164313 0.00173622 0.00121617
 0.00139084 0.00148764 0.00231258 0.00053615 0.00147723 0.0011963
 0.0005641  0.0013737  0.00173129 0.00155508 0.0014777  0.00223673
 0.00578086 0.0017947  0.00124932 0.00180831 0.00140912 0.00141297
 0.0006243  0.00208401 0.00268633 0.00211593 0.00151404 0.00114757
 0.00134212 0.00213784 0.00164908 0.00168813 0.00191559 0.00235688
 0.00141181 0.00171607 0.00176577 0.0024149  0.00125111 0.00142014
 0.00135046 0.00182535 0.00138132 0.00059239 0.0029958  0.00120894
 0.00112559 0.00049806 0.01952486 0.00127316 0.00174094 0.00100294
 0.00174882 0.00218323 0.00122095 0.00670152 0.00167317 0.00127007
 0.00386833 0.00469264 0.00177847 0.00351624 0.00206651 0.00146625
 0.00233486 0.00140958 0.00134461 0.00166164 0.00164324 0.00132741
 0.00141857 0.00056374 0.00182792 0.00157389 0.00158659 0.00131576
 0.0016843  0.00177555 0.00070149 0.0010279  0.09632888 0.01994219
 0.00187406 0.00250324 0.00236349 0.00133602 0.0013584  0.0013142
 0.00043807 0.00198409 0.00198882 0.00175873 0.00575727 0.00121491
 0.00128576 0.00897199 0.00181181 0.001846   0.00200412 0.0013493
 0.00186938 0.00178547 0.0007472  0.00130312 0.0016075  0.00185756
 0.00162989 0.00156205 0.00180309 0.00376744 0.00239238 0.0013716
 0.00124419 0.00162544 0.00175227 0.00125796 0.00105687 0.00148638
 0.0012434  0.00135328 0.00134602 0.00155525 0.0013091  0.00139515
 0.00208865 0.00065153 0.00128632 0.00126739 0.000835   0.00068748
 0.00186887 0.00129607 0.00236247 0.00062174 0.00144306 0.00116613
 0.00169486 0.00431605 0.00188344 0.00127222 0.00140621 0.00179823
 0.0022089  0.00092368 0.00134497 0.0005524  0.00145175 0.00187067
 0.0020661  0.00672776 0.00136002 0.00191968 0.00128761 0.00059909
 0.00112777 0.00170189 0.0005611  0.00132884 0.00133472 0.00146472
 0.00174259 0.00079212 0.00156793 0.00228369 0.00169284 0.00112262
 0.00160915 0.001541   0.00135276 0.00191595 0.00200783 0.0005713
 0.00141334 0.00055445 0.00042156 0.00178053 0.00073132 0.00179774
 0.00195989 0.00483841 0.00183321 0.00130738 0.0012938  0.00199561
 0.0016985  0.00136698 0.00184364 0.00154235 0.00175632 0.00255189
 0.00091851 0.0042761  0.00359792 0.00062933 0.003678   0.00174294
 0.00178862 0.00176851 0.00886295 0.00448059 0.00042384 0.00063745
 0.00404616 0.00128064 0.00122791 0.00208996 0.00142777 0.00105538
 0.00445935 0.00213499 0.00062865 0.02773357 0.00213937 0.00319478
 0.00132652 0.00138774 0.00179834 0.00142477 0.00143494 0.00312208
 0.00123458 0.00175567 0.00054285 0.00142581 0.0012467  0.00145079
 0.00138609 0.00128123 0.00156296 0.00136033 0.00184661 0.00112474
 0.00134669 0.0005682  0.00131311 0.00147374 0.00246193 0.00184538
 0.00139153 0.00133759 0.00183972 0.00065883 0.00199908 0.00311006
 0.00074769 0.00129457 0.00136282 0.01619936 0.0020092  0.00706635
 0.00058291 0.00113759 0.0004558  0.00332042 0.00190367 0.00379911
 0.00140947 0.00336563 0.0019357  0.00156434 0.00132948 0.00149738
 0.00119273 0.00197733 0.00149319 0.00129393 0.00205823 0.00119068
 0.00311083 0.00171801 0.00146805 0.00144298 0.00141133 0.00207435
 0.00312774 0.00050762 0.00142492 0.00121694 0.00103208 0.00050527
 0.00174847 0.00115639 0.00198446 0.00191975 0.00139455 0.00172349
 0.00185082 0.00190379 0.00176372 0.0012472  0.00124289 0.00202943
 0.00131226 0.0032972  0.00453463]"
62,20241022,8.014957937756675,"[0.00358119 0.00204994 0.00140358 0.00134898 0.00237318 0.00149878
 0.00148051 0.03405573 0.00163082 0.00320794 0.00183886 0.0014675
 0.00193616 0.00167556 0.00496023 0.00105746 0.00132927 0.00136372
 0.00134416 0.00130988 0.00175601 0.00147367 0.00728293 0.00123882
 0.00129726 0.00143015 0.00108417 0.0016413  0.00216486 0.0027126
 0.00217921 0.00245807 0.00161232 0.0040971  0.0031714  0.00181661
 0.00129332 0.00252254 0.00145392 0.00165412 0.00165282 0.00241384
 0.00091254 0.0016145  0.00134367 0.00148871 0.00137395 0.0018228
 0.00174123 0.00168181 0.07755015 0.00119281 0.00311933 0.0025522
 0.00196527 0.0118064  0.00152834 0.00113183 0.00117096 0.01348464
 0.0014774  0.00431714 0.00110469 0.00158689 0.00168874 0.00151576
 0.00147972 0.00132516 0.00105238 0.00134708 0.00152111 0.00240963
 0.0011804  0.00123353 0.00128757 0.01520923 0.00199903 0.00219969
 0.00148932 0.00174818 0.00099819 0.00207154 0.00139925 0.00251758
 0.00278835 0.00143881 0.00201103 0.00202736 0.00095801 0.00142332
 0.00160921 0.00187047 0.00123784 0.00201943 0.00224701 0.0016306
 0.00145131 0.00408888 0.00108945 0.00164701 0.00138893 0.0017427
 0.00229348 0.00154008 0.00156212 0.00286274 0.00173897 0.00253168
 0.00151397 0.00200006 0.0071521  0.00518825 0.00146208 0.00106292
 0.00158664 0.0035263  0.00145646 0.00169385 0.00142217 0.00134982
 0.00122669 0.00147797 0.00141067 0.0011659  0.00378901 0.00505577
 0.00160872 0.00468486 0.00075166 0.00144686 0.00128586 0.00199314
 0.00214153 0.00199906 0.00116586 0.0011691  0.00113861 0.00157812
 0.00118792 0.00133611 0.00165875 0.00383604 0.00254882 0.00133783
 0.00317495 0.00159412 0.00103548 0.00155015 0.00119848 0.00750081
 0.00136224 0.00140027 0.00250428 0.00170497 0.00100633 0.00112258
 0.00143621 0.00144529 0.0014534  0.00159283 0.0015048  0.00135633
 0.00158196 0.00131892 0.00210042 0.00230268 0.00109088 0.00155262
 0.0058733  0.00197284 0.0151431  0.00231955 0.00279979 0.00110005
 0.00129621 0.00118089 0.00148713 0.0010169  0.00140256 0.00162118
 0.00123922 0.00504243 0.00115936 0.00288914 0.00157776 0.00117508
 0.00126593 0.00198031 0.00155325 0.00140161 0.00169368 0.00164866
 0.00171536 0.00192965 0.00210401 0.00111561 0.00175715 0.00151234
 0.00169716 0.00145058 0.00278962 0.00319974 0.00294977 0.00307369
 0.0010298  0.00112911 0.00369753 0.00144172 0.00112216 0.00117174
 0.00213057 0.00131895 0.0014249  0.00133109 0.00132239 0.00184293
 0.00148707 0.00118095 0.00130459 0.00105721 0.00147042 0.001637
 0.00265818 0.00142785 0.00214133 0.0015757  0.0015364  0.00119871
 0.00221986 0.00234331 0.00133424 0.00208451 0.00183884 0.00152328
 0.00199661 0.0012828  0.0013229  0.00165596 0.00126836 0.00306254
 0.00162594 0.00187023 0.00156166 0.00132756 0.00166826 0.00146357
 0.00162092 0.00210641 0.0014663  0.00319549 0.00230957 0.00180956
 0.00134338 0.0023653  0.00263179 0.00201032 0.00176633 0.00232862
 0.00137149 0.00079965 0.00157    0.00168112 0.00300367 0.00140805
 0.0011238  0.00737167 0.00149408 0.00264225 0.00975015 0.00131443
 0.00139224 0.00137005 0.00165311 0.00257702 0.00158861 0.00208599
 0.0023829  0.00208831 0.00182194 0.00184465 0.00170347 0.00166079
 0.00127593 0.00183703 0.00160883 0.00095575 0.00134052 0.00153236
 0.00128895 0.0014111  0.00158911 0.00183589 0.00141088 0.00183605
 0.00143029 0.00155192 0.00378082 0.00122818 0.00142348 0.00130889
 0.00139443 0.00163869 0.00131173 0.00157179 0.0015611  0.00137879
 0.00136862 0.00136257 0.00203266 0.00122029 0.00133384 0.00119021
 0.00164525 0.00169531 0.00089913 0.00145476 0.00182658 0.00140388
 0.00137017 0.0012769  0.00177585 0.0018033  0.00215478 0.00285757
 0.00211435 0.00263217 0.00174671 0.00125715 0.0015493  0.00189998
 0.0058261  0.00169589 0.00221971 0.03290685 0.00130506 0.00251754
 0.00164979 0.00153497 0.00132467 0.00135495 0.00241268 0.00553129
 0.00162667 0.00136567 0.00279663 0.00133154 0.00165875 0.00142835
 0.00159692 0.00162106 0.00240193 0.00273417 0.00160143 0.00157567
 0.00119612 0.00218457 0.00156985 0.00173692 0.00147402 0.00116643
 0.00154109 0.00144004 0.00132829 0.00237448 0.00254335 0.00095146
 0.00214538 0.00134195 0.00342028 0.02346123 0.00168259 0.00245329
 0.00247112 0.00356722 0.00220772 0.0009473  0.00391255 0.002067
 0.00179244 0.00087862 0.00104415 0.0023563  0.00152806 0.00158904
 0.00171687 0.00140721 0.00145898 0.00202866 0.00287789 0.00084556
 0.001277   0.00120091 0.00170274 0.00138775 0.00134803 0.0013687
 0.00128747 0.00225961 0.00131905 0.00803286 0.00132976 0.00226721
 0.00130642 0.00198935 0.00136951 0.00140269 0.00129799 0.00149102
 0.00141234 0.0013449  0.00088957 0.0015861  0.00289111 0.00142671
 0.00168994 0.00324101 0.00244316]"
63,20241002,9.436647104307799,"[0.00277354 0.00142943 0.00185372 0.00193068 0.00103418 0.0048004
 0.00197495 0.00118239 0.00175629 0.00126087 0.00072525 0.00182348
 0.00114064 0.00145043 0.00046563 0.00180318 0.00186935 0.00190028
 0.0018962  0.00184679 0.00116076 0.00112312 0.00189024 0.00211553
 0.00138308 0.00189553 0.00158695 0.00193689 0.00112895 0.00073756
 0.00143935 0.00130173 0.00242751 0.00334769 0.00091413 0.00100628
 0.00201594 0.00084681 0.00120246 0.00126165 0.00122596 0.00206065
 0.00131209 0.00123786 0.00190379 0.00134086 0.00187043 0.00373148
 0.00123659 0.00194952 0.19071624 0.00215513 0.00110121 0.00116717
 0.00599902 0.00577141 0.00190158 0.00178504 0.0010701  0.00305885
 0.00188102 0.00209223 0.00139782 0.00187132 0.00131984 0.00096894
 0.00184778 0.0018975  0.00152635 0.00184416 0.00189373 0.01893736
 0.00138452 0.00184486 0.00192622 0.00062512 0.00078599 0.00050286
 0.00184941 0.00270956 0.00139708 0.00082682 0.0014859  0.00227588
 0.00234778 0.00138244 0.00114554 0.00409672 0.00079332 0.00122884
 0.0026507  0.00677931 0.00137972 0.00131083 0.00089399 0.00180432
 0.00186965 0.001356   0.00179485 0.01992682 0.0020475  0.00120855
 0.00074635 0.00106748 0.00115131 0.00266427 0.00182058 0.00080532
 0.00133384 0.00132956 0.00283893 0.00098834 0.00188007 0.00138334
 0.00145589 0.0008266  0.00123219 0.00144532 0.001722   0.00188352
 0.00090567 0.00177342 0.00192167 0.00165444 0.00226749 0.00186933
 0.00136759 0.00240627 0.00221371 0.00074081 0.00282665 0.00184329
 0.00124511 0.00251063 0.00137917 0.0015499  0.00210304 0.00139604
 0.00368448 0.00182859 0.00120494 0.00203365 0.00293091 0.00173045
 0.00054653 0.00188917 0.00152097 0.00150655 0.00124444 0.01291705
 0.0012291  0.00186364 0.00256823 0.0024297  0.00159347 0.00196104
 0.00138517 0.00180164 0.00177199 0.00190071 0.00123006 0.00174795
 0.00182112 0.00202139 0.00130258 0.00097031 0.00135381 0.00121716
 0.00064394 0.00043241 0.00185694 0.00210439 0.00131442 0.00194106
 0.00159754 0.00230628 0.00131723 0.00151836 0.00173661 0.00119622
 0.00234682 0.0020028  0.00186699 0.00130703 0.00124001 0.00123605
 0.00096705 0.00161042 0.00116616 0.00180984 0.00140691 0.00133428
 0.00132821 0.00089128 0.00096202 0.00223976 0.00193021 0.00119749
 0.00314488 0.00183974 0.00095092 0.00151373 0.00404053 0.00565418
 0.00202828 0.00282738 0.00204743 0.00124714 0.00081481 0.00121236
 0.00073807 0.00188775 0.00187705 0.00191183 0.00214818 0.001306
 0.00144489 0.00330102 0.00190822 0.0008882  0.00102509 0.0013066
 0.00200628 0.00186239 0.00072389 0.00154311 0.00160476 0.01108758
 0.00127775 0.0015034  0.00098217 0.00214355 0.00063194 0.00136755
 0.00465779 0.00177193 0.00186523 0.00128867 0.0023498  0.00174011
 0.00211204 0.00151616 0.00122151 0.00141097 0.00111871 0.00124001
 0.00192516 0.00081483 0.00128367 0.00142843 0.00098753 0.00092412
 0.00188524 0.0024818  0.00158397 0.00104587 0.00134159 0.00131468
 0.00186344 0.01010572 0.00190031 0.00130639 0.00450875 0.00189728
 0.00122115 0.00089438 0.0012843  0.00084053 0.0023363  0.00183063
 0.00179829 0.00146139 0.00161391 0.0013373  0.00131341 0.0008391
 0.0011202  0.00372925 0.00093723 0.00152361 0.00132302 0.00102945
 0.00191229 0.00097178 0.00105834 0.00125141 0.001733   0.00101028
 0.00279071 0.00125671 0.00127539 0.0021226  0.00098696 0.00111371
 0.00173903 0.00092104 0.00270766 0.00102702 0.00118953 0.0018567
 0.00189955 0.0015836  0.00185225 0.00139188 0.00125096 0.00187617
 0.00183296 0.00172793 0.00168181 0.00218086 0.00185499 0.00174249
 0.00207609 0.00446362 0.00217407 0.0006047  0.00244496 0.00191052
 0.00105615 0.00155771 0.0038857  0.02267511 0.00115493 0.00044384
 0.00149911 0.00244698 0.00109421 0.00185861 0.00281594 0.00248517
 0.00355837 0.00192299 0.00096746 0.00256511 0.00189618 0.00146902
 0.00124161 0.00137604 0.00182689 0.00172634 0.00224165 0.00125463
 0.00118629 0.00186085 0.00100975 0.00174092 0.00124435 0.00137755
 0.00133445 0.00131591 0.00221998 0.00133807 0.00184989 0.00147804
 0.0015438  0.00114729 0.00115999 0.00068107 0.00211842 0.00124555
 0.00126793 0.00128026 0.00185116 0.00169385 0.00226139 0.00254535
 0.00137819 0.0012111  0.0024402  0.01287192 0.00192738 0.00200645
 0.00087664 0.0063275  0.0008748  0.00244841 0.00122963 0.00112622
 0.00126297 0.00125806 0.00140603 0.00233741 0.00107615 0.00160006
 0.00117672 0.0019008  0.00124907 0.00124634 0.00267215 0.00043565
 0.00242006 0.00196962 0.00120077 0.0017542  0.0017188  0.0018932
 0.00113559 0.00103477 0.00177925 0.00128438 0.00092291 0.00091816
 0.00186425 0.00209386 0.00191455 0.00188624 0.00115113 0.00188019
 0.00184888 0.00187226 0.00253142 0.00115131 0.00262577 0.00188446
 0.00142817 0.00605211 0.00116598]"
64,20241016,7.384118482746148,"[0.00186139 0.00082263 0.00177193 0.00113005 0.00120304 0.00116258
 0.00163485 0.00267073 0.00178246 0.00136752 0.00256378 0.00133613
 0.00170264 0.00244368 0.00224706 0.00091303 0.00131361 0.00179593
 0.0014316  0.00157294 0.00187496 0.00196919 0.00167047 0.00578384
 0.00209978 0.00172588 0.00081341 0.00217358 0.00229693 0.00210131
 0.00235313 0.00165196 0.00107608 0.00458416 0.00456836 0.00270643
 0.00239578 0.00187124 0.00221328 0.00262381 0.00194602 0.00080628
 0.00193112 0.00196398 0.00165914 0.00231855 0.00155571 0.00081555
 0.00208794 0.00126467 0.00746527 0.00100738 0.00183448 0.00146533
 0.00090714 0.01245012 0.00142129 0.0019803  0.0027073  0.00190546
 0.00160826 0.00072393 0.00168054 0.00165737 0.00236565 0.00306384
 0.00151521 0.00139718 0.0007408  0.0012799  0.00188318 0.00319314
 0.00224041 0.00147252 0.00170428 0.00281586 0.00201593 0.00132984
 0.00120219 0.00074213 0.0016705  0.00187116 0.00204403 0.00186064
 0.00063998 0.00211319 0.00092309 0.05227615 0.00334705 0.00210847
 0.00062962 0.00092651 0.00141006 0.00184502 0.00199518 0.00105798
 0.00127095 0.00142889 0.00175937 0.00280421 0.00245887 0.00205331
 0.00136201 0.00242864 0.0020727  0.00066286 0.00137299 0.00224891
 0.00138077 0.0016158  0.00104591 0.00350787 0.00171043 0.00165151
 0.00227409 0.00185786 0.00199897 0.00264359 0.00125246 0.00172506
 0.00272815 0.0012367  0.00125004 0.00159699 0.00482533 0.01332865
 0.00215979 0.00094223 0.00165472 0.00398017 0.0008433  0.00377707
 0.00227939 0.00585176 0.00336338 0.00078198 0.00193826 0.0023989
 0.0260801  0.00152534 0.00197394 0.00134459 0.00169256 0.00128336
 0.00342043 0.00192755 0.00619714 0.00241507 0.00187685 0.00583142
 0.00187924 0.00159432 0.00226558 0.00286824 0.00212669 0.00170973
 0.00199774 0.00127503 0.00131991 0.00216424 0.00218229 0.00135093
 0.00233904 0.00122843 0.0016947  0.00201462 0.00221771 0.00183953
 0.00799659 0.00172765 0.00391607 0.00086624 0.00118334 0.0008615
 0.00137537 0.00077145 0.00179518 0.00096178 0.00114597 0.00180605
 0.00090196 0.00479362 0.00133991 0.00237173 0.01061409 0.00382935
 0.00179653 0.00281995 0.00188378 0.00116612 0.00142628 0.00202087
 0.00214377 0.00244814 0.00146729 0.00149126 0.00108116 0.00242268
 0.00240006 0.00131061 0.00393754 0.01734215 0.00800608 0.0013058
 0.00118559 0.00149351 0.00327403 0.00195805 0.00184334 0.0021397
 0.00281095 0.00168763 0.00175663 0.00145546 0.00138481 0.00151894
 0.00241357 0.00159932 0.0015578  0.00195829 0.00303263 0.00245212
 0.00078602 0.00130171 0.00120306 0.00233179 0.0026502  0.0063596
 0.00132043 0.00423518 0.00162345 0.00329029 0.02032345 0.00262422
 0.0016867  0.00212774 0.00137365 0.00230002 0.00121289 0.00141508
 0.00087198 0.00212366 0.00201057 0.00231475 0.00198129 0.00223558
 0.00214859 0.00246701 0.00202271 0.00763047 0.00222659 0.00226921
 0.00167372 0.00271443 0.00162287 0.00231964 0.00208948 0.00185343
 0.0012801  0.00147265 0.00161924 0.00204947 0.0107925  0.00138401
 0.00221108 0.00216072 0.00179634 0.0022102  0.00454554 0.0012752
 0.00194907 0.00221554 0.00130168 0.00125844 0.00220868 0.00193014
 0.00222771 0.00066117 0.00202351 0.00162387 0.00190106 0.00165728
 0.0013469  0.002316   0.00210855 0.00167926 0.00127537 0.0031493
 0.0026593  0.00222975 0.00196789 0.00077153 0.0026204  0.00180486
 0.00151477 0.00171675 0.00285571 0.00257743 0.00264358 0.00139859
 0.00178845 0.0018794  0.00132173 0.00204648 0.00192698 0.00156012
 0.00123302 0.00131621 0.00097001 0.00112696 0.00145098 0.00462083
 0.0016885  0.00219378 0.00160219 0.00194714 0.00143067 0.00127648
 0.00289027 0.0013472  0.00204889 0.0016846  0.00172433 0.00142812
 0.00467878 0.00071609 0.00197045 0.00177407 0.0012702  0.00065945
 0.00285483 0.00153205 0.00278698 0.00311972 0.00161664 0.00203786
 0.00210779 0.00212686 0.00141025 0.00135709 0.00274453 0.00287894
 0.00183525 0.00128891 0.0006215  0.00139194 0.00253646 0.00223842
 0.00212602 0.00271882 0.00069362 0.00181627 0.0013176  0.00153286
 0.00161209 0.00237367 0.00190368 0.00242277 0.00071615 0.00140374
 0.00188102 0.00200248 0.00147274 0.00242679 0.00249016 0.00146418
 0.00185162 0.00185579 0.00155556 0.00400872 0.00202703 0.0048009
 0.00198218 0.0017243  0.00224244 0.0040161  0.00117315 0.00199839
 0.0019748  0.00124414 0.00180287 0.00074506 0.00195257 0.01255888
 0.00178696 0.00184544 0.00197364 0.00222741 0.00313487 0.00231708
 0.00130147 0.00129039 0.0023466  0.00140853 0.00120647 0.00174309
 0.00206982 0.00196254 0.00132011 0.00818731 0.00219637 0.00172682
 0.0012226  0.00090495 0.00166747 0.00179342 0.00199201 0.00122304
 0.00141349 0.00162525 0.00132224 0.00198219 0.0017224  0.00166036
 0.00297885 0.00143845 0.00239183]"
65,20240917,7.7103744537140955,"[0.00224618 0.00168864 0.00132209 0.0015148  0.00092324 0.00384234
 0.00111658 0.00340092 0.00154645 0.00210735 0.00135299 0.00127082
 0.00222326 0.00206469 0.00186481 0.00819423 0.00123049 0.00135854
 0.0012086  0.00148295 0.00177244 0.0018935  0.00225173 0.00136423
 0.00137861 0.00143757 0.00114711 0.00150743 0.00226563 0.00186409
 0.00165487 0.00112634 0.00225213 0.00431642 0.00252451 0.00193194
 0.00403251 0.00385972 0.00193355 0.00234711 0.00254386 0.00116895
 0.00136835 0.00181648 0.00138818 0.00190414 0.00136533 0.00086573
 0.00193003 0.00153074 0.01207733 0.00127813 0.00098325 0.00111062
 0.00142966 0.00439729 0.00131652 0.00405087 0.00118739 0.00649681
 0.00134457 0.00297277 0.00122216 0.00140096 0.00214907 0.00151784
 0.00164748 0.00126573 0.00107248 0.00109921 0.00143891 0.00351787
 0.00221295 0.00134371 0.00129805 0.00292795 0.00190714 0.00171161
 0.0013306  0.00086644 0.00150431 0.00249635 0.00181314 0.00177121
 0.00094261 0.00191296 0.00195838 0.0076376  0.00124437 0.00188017
 0.00069624 0.00332092 0.00230922 0.00220265 0.00548808 0.00142129
 0.0012502  0.00148843 0.00137504 0.00328212 0.0017587  0.00270808
 0.0011268  0.00190659 0.00174611 0.00090626 0.00163626 0.00230952
 0.00214858 0.00203626 0.00422566 0.02066159 0.00134906 0.00194903
 0.00176876 0.00428917 0.00210729 0.0015589  0.00155733 0.00140273
 0.00222249 0.00134201 0.00123846 0.00096028 0.00353526 0.00499526
 0.0022317  0.00207567 0.00157575 0.00209889 0.00121411 0.00141327
 0.00224434 0.00661514 0.03470275 0.00115946 0.00185825 0.00139053
 0.00384196 0.00119278 0.00218201 0.00085546 0.0009432  0.00119607
 0.001474   0.0013926  0.00232359 0.00179141 0.00210414 0.00370453
 0.00179795 0.00130721 0.00525985 0.00232245 0.00108806 0.0011644
 0.00191662 0.00119848 0.00122153 0.00159261 0.00189526 0.00128376
 0.00218335 0.00128273 0.00226739 0.00181576 0.00123554 0.00166538
 0.00838083 0.00180951 0.00286227 0.00149655 0.00109641 0.00259064
 0.0027317  0.00102027 0.00180145 0.00175152 0.00137055 0.00186549
 0.00126606 0.00244386 0.00131423 0.00121577 0.00143131 0.00153573
 0.00652018 0.00221504 0.00186251 0.00130291 0.00112231 0.00212852
 0.00128349 0.00294956 0.00179432 0.00098103 0.00138799 0.00188915
 0.00183543 0.00129357 0.00127916 0.00467149 0.00817715 0.00788954
 0.00145588 0.00113988 0.00128885 0.00184256 0.00584787 0.00273032
 0.00193995 0.00134278 0.00145154 0.00127492 0.00127603 0.00185439
 0.00152061 0.00563545 0.00120171 0.00126392 0.00118325 0.00231475
 0.00140006 0.00125836 0.00174429 0.00134209 0.00173075 0.00236696
 0.00127477 0.00197398 0.00181635 0.00221944 0.002796   0.00215444
 0.00188594 0.00522827 0.00122521 0.00195066 0.00168224 0.00154557
 0.00367858 0.00214548 0.00193594 0.00223873 0.00207209 0.00202621
 0.0015714  0.00188633 0.00193747 0.00177787 0.00296486 0.00218454
 0.00136799 0.00150128 0.00198532 0.00210892 0.00215149 0.00193178
 0.00126263 0.00391454 0.00139141 0.00187924 0.00570429 0.00126697
 0.00125999 0.00133342 0.00201442 0.00175665 0.00393499 0.00133183
 0.00124824 0.00206457 0.0017133  0.00125824 0.00180141 0.00181835
 0.00209137 0.00147123 0.00191521 0.00141899 0.00151492 0.00291362
 0.00123697 0.00183661 0.0018986  0.00100056 0.00122295 0.00148025
 0.0042636  0.00224118 0.00203143 0.00163025 0.00153026 0.002929
 0.00111715 0.00203949 0.00132924 0.00122443 0.00139647 0.00111704
 0.00132657 0.00175395 0.00125979 0.00190217 0.00196166 0.00150992
 0.00127984 0.00107718 0.00137515 0.00277416 0.00113109 0.00101483
 0.00183805 0.00969077 0.00152114 0.00197884 0.00157509 0.00124992
 0.00131069 0.0011972  0.00142055 0.00221578 0.00205605 0.00230607
 0.00117553 0.00107034 0.00198807 0.00139579 0.00133852 0.00103065
 0.00217961 0.00171515 0.00168329 0.00350979 0.00126979 0.00126564
 0.00193502 0.00199797 0.0011634  0.00110908 0.00421337 0.00397328
 0.00191075 0.00128566 0.00224364 0.00110059 0.00214816 0.00194676
 0.00206759 0.00213758 0.00157988 0.00216268 0.00124543 0.00133403
 0.00106848 0.00210772 0.00166916 0.00085783 0.00087742 0.0012993
 0.00202206 0.00216558 0.00130782 0.00202414 0.00213655 0.00095187
 0.00133328 0.00186283 0.00114277 0.09318631 0.00149911 0.00616113
 0.00208913 0.00142977 0.00308893 0.01389667 0.00103705 0.00232888
 0.00177797 0.0028614  0.00101384 0.00148897 0.00184335 0.00153775
 0.00169855 0.00144116 0.00195671 0.00186473 0.0008016  0.00280499
 0.00106758 0.00107286 0.00223714 0.00115009 0.00108296 0.00138166
 0.00167324 0.00149209 0.00114308 0.00316056 0.00743473 0.00189141
 0.00125131 0.00112147 0.00135206 0.00142565 0.00264071 0.00120888
 0.00132688 0.0011112  0.00123863 0.00192108 0.00072777 0.0014409
 0.00351273 0.00194074 0.00165486]"
66,20240927,6.353792016064772,"[0.00422261 0.00142155 0.00118743 0.00117507 0.00129999 0.00128858
 0.00104733 0.00200017 0.00551032 0.00359679 0.00091209 0.00109984
 0.00188569 0.00196969 0.00107126 0.00547446 0.00102836 0.00113198
 0.00121148 0.00109936 0.00222526 0.00156288 0.00149894 0.00093726
 0.00177419 0.00118921 0.00141141 0.00161414 0.00160064 0.00166488
 0.00133554 0.00109838 0.00131027 0.0021737  0.00154306 0.00229403
 0.00234704 0.00227382 0.00168938 0.00164321 0.00191086 0.00148384
 0.00150795 0.00153693 0.00125004 0.00177503 0.00109494 0.00962217
 0.00179629 0.00228204 0.01426678 0.00156836 0.0012433  0.00134992
 0.00692821 0.0070002  0.00113318 0.00334209 0.00140494 0.01206706
 0.00119616 0.00236031 0.0018639  0.00128215 0.00180817 0.00153847
 0.0017873  0.00108631 0.00141527 0.0010852  0.00115419 0.00348192
 0.00222347 0.00104719 0.00102359 0.00458004 0.00307247 0.00111369
 0.00121941 0.00177707 0.00139417 0.00199513 0.00145292 0.00142111
 0.00142823 0.0017839  0.00445752 0.04191526 0.00290841 0.0031111
 0.00187922 0.00361944 0.00247071 0.00227184 0.00350126 0.00150105
 0.00110365 0.0018226  0.00265792 0.00365564 0.00210344 0.00164653
 0.00107422 0.00635179 0.00156906 0.00210393 0.0012141  0.00422845
 0.00122714 0.00189455 0.00161867 0.00332539 0.00100278 0.00253794
 0.00195731 0.00158484 0.00167508 0.00140036 0.00160292 0.00121564
 0.00091192 0.00123239 0.00113641 0.00149205 0.00165124 0.00203801
 0.00165142 0.00771148 0.00217053 0.00537251 0.0016744  0.00156345
 0.00289904 0.00274158 0.00353622 0.00166644 0.0028261  0.00115933
 0.00178597 0.00103191 0.00165158 0.00336409 0.00247185 0.00114389
 0.00162634 0.00149404 0.00480678 0.00179278 0.00183093 0.00216153
 0.00208024 0.00111072 0.00273449 0.00218103 0.00110627 0.0023082
 0.00155948 0.00119594 0.0011738  0.00154135 0.0017112  0.00111321
 0.00200428 0.00155494 0.00224381 0.00244053 0.00142936 0.00162672
 0.00081884 0.00198228 0.001733   0.00163832 0.00155625 0.00206102
 0.00209111 0.00407647 0.00171302 0.00176294 0.00126148 0.00181898
 0.00444414 0.00144375 0.00133888 0.0057719  0.00214598 0.00382549
 0.00277201 0.00217987 0.001638   0.00102491 0.00308014 0.00165018
 0.0022039  0.00199213 0.0014034  0.00161149 0.00173093 0.00182593
 0.00170614 0.00108321 0.00089637 0.00808413 0.00605201 0.00915303
 0.00497772 0.00257593 0.00170317 0.00160646 0.00255046 0.00250621
 0.0018302  0.0010897  0.00117145 0.00107596 0.00099633 0.00232651
 0.00432325 0.00158016 0.00115959 0.00133296 0.0012912  0.00201458
 0.00166465 0.00108465 0.00148507 0.00414761 0.00218451 0.00274845
 0.0010708  0.00169274 0.00127039 0.00462262 0.00093394 0.0021736
 0.00170692 0.00257879 0.00102082 0.00176995 0.00152508 0.00111645
 0.0029411  0.00178609 0.00175854 0.00154764 0.00182413 0.0016842
 0.00141764 0.00294638 0.00176021 0.00318589 0.00312717 0.00240414
 0.00112504 0.00226356 0.00500901 0.00156418 0.00169569 0.00177957
 0.00113058 0.00174442 0.00118925 0.00175935 0.00262988 0.00103752
 0.0012546  0.00123293 0.00147107 0.00376804 0.0128554  0.00101361
 0.00111365 0.00304493 0.00248829 0.00147753 0.00199129 0.00314609
 0.01896781 0.00253627 0.00228464 0.00278796 0.00137506 0.00437279
 0.00112105 0.00214204 0.00161547 0.00139098 0.00106482 0.00091005
 0.00165989 0.00276022 0.00156489 0.00140633 0.0013097  0.00235227
 0.00105222 0.00290564 0.00300297 0.00124728 0.00090124 0.00109683
 0.00118424 0.00282616 0.00109639 0.00152449 0.00175283 0.00136624
 0.00107418 0.00104648 0.00111536 0.00203419 0.00103915 0.00224247
 0.00332882 0.01570561 0.00177593 0.00710482 0.00138218 0.00106462
 0.00133675 0.00211472 0.00171407 0.00166853 0.00363665 0.00088394
 0.00121669 0.0018278  0.00175122 0.00113774 0.00234622 0.00131447
 0.00755456 0.00137231 0.00263372 0.01202624 0.00098213 0.00169363
 0.00167426 0.00186723 0.00117765 0.00103128 0.00225093 0.00229916
 0.00165781 0.00125417 0.00086345 0.00111255 0.00183027 0.00160563
 0.00150695 0.00174039 0.00253866 0.00172961 0.00108708 0.00166813
 0.00162288 0.00244141 0.00174488 0.00337045 0.00129291 0.00138189
 0.00190095 0.00134382 0.00096717 0.0018273  0.00232352 0.00304044
 0.00325127 0.00145295 0.00131736 0.01302389 0.00142676 0.00867991
 0.00448854 0.0103412  0.00282541 0.00971982 0.00108047 0.0061313
 0.00180638 0.00202944 0.00146805 0.00182412 0.00166742 0.00159154
 0.00169126 0.00126962 0.00170224 0.00170565 0.00266444 0.00348643
 0.00133239 0.00223187 0.00179868 0.00116169 0.00113919 0.00126074
 0.00131582 0.00318378 0.00112354 0.00273476 0.0035581  0.00177713
 0.00108229 0.00147658 0.00093187 0.00108784 0.00217993 0.00113193
 0.00105158 0.00098084 0.00180529 0.00166604 0.00154406 0.00123196
 0.00186263 0.00220258 0.00309685]"
67,20240928,6.468593893884666,"[0.00252586 0.00129579 0.00113611 0.00124369 0.00350338 0.00250268
 0.00162665 0.00406497 0.00167791 0.00406105 0.00122981 0.00146938
 0.00128231 0.00143185 0.00083298 0.0008148  0.00129238 0.00114716
 0.00125525 0.00118932 0.00134689 0.00148458 0.00166872 0.00114001
 0.00145301 0.00113514 0.00259106 0.00109349 0.0022997  0.00258823
 0.00163383 0.00243089 0.0013792  0.00176049 0.00099517 0.00099116
 0.00141731 0.00226394 0.00190618 0.00165173 0.00154657 0.00181933
 0.00107409 0.00140244 0.00118655 0.00149977 0.00124568 0.00190577
 0.00232224 0.00172116 0.05090993 0.00210745 0.00191385 0.00156386
 0.00187169 0.01486516 0.00157015 0.00112437 0.00209049 0.00217607
 0.00115957 0.00150073 0.00187262 0.00114452 0.00187012 0.00143683
 0.001651   0.00127282 0.00150433 0.00146408 0.00115025 0.00694335
 0.0025893  0.0012903  0.00116682 0.00131596 0.0010186  0.00190018
 0.00147688 0.00177205 0.00158964 0.00104301 0.0016197  0.00201117
 0.00195731 0.00167218 0.00134545 0.02646732 0.0011313  0.00159009
 0.00212655 0.00484452 0.00115467 0.00179183 0.00309262 0.00090817
 0.00153962 0.00162627 0.00192896 0.00488614 0.00588172 0.00171158
 0.00254827 0.00115952 0.00138582 0.00258015 0.00150861 0.00104035
 0.01142155 0.00413012 0.00370347 0.00550931 0.00116773 0.00237437
 0.00147733 0.00137804 0.00154363 0.00133636 0.00254362 0.00115355
 0.00159438 0.00147345 0.0015168  0.00108719 0.00294155 0.00560865
 0.00342151 0.00405876 0.00155941 0.00140505 0.00211248 0.00391722
 0.00111755 0.00375726 0.00284259 0.00194237 0.00150686 0.00152246
 0.00148817 0.00129847 0.00134481 0.00229084 0.00192879 0.00142443
 0.00081463 0.00111399 0.00121689 0.00139648 0.00136145 0.00585263
 0.00135706 0.00114252 0.00186547 0.0008887  0.00145332 0.00410891
 0.0012521  0.00156837 0.00163326 0.00113108 0.00133539 0.00150317
 0.0015255  0.00158011 0.0017153  0.00099695 0.00106957 0.00129496
 0.00105769 0.00106603 0.00701652 0.00733664 0.00266694 0.0010945
 0.00176538 0.00318994 0.00172958 0.00273205 0.00145818 0.00155826
 0.00205113 0.00388592 0.00131118 0.00155212 0.00193862 0.00532731
 0.00334403 0.00142322 0.0014143  0.00168456 0.00172181 0.0014016
 0.00174487 0.00081553 0.00149823 0.00141563 0.00151749 0.00149322
 0.00212732 0.00149169 0.00106495 0.00076835 0.00460944 0.00939828
 0.00285598 0.00543187 0.00639702 0.00154505 0.00127755 0.00546925
 0.00125044 0.00116227 0.00115097 0.00128797 0.00127738 0.00148577
 0.00213355 0.00204077 0.00128976 0.00093057 0.00167292 0.00157001
 0.00275411 0.00144489 0.00092114 0.00226838 0.00335667 0.00429233
 0.00213737 0.00213059 0.00090201 0.00231258 0.00132469 0.00195109
 0.00234364 0.00256663 0.00130081 0.0037814  0.00144851 0.00138604
 0.001905   0.00158583 0.0013604  0.0015773  0.00143418 0.00190499
 0.00111081 0.00121466 0.00138834 0.00385356 0.00104285 0.00110889
 0.00117025 0.00146037 0.00248097 0.00088317 0.00153036 0.00131956
 0.00144395 0.00124566 0.00114067 0.00150723 0.00173674 0.00126039
 0.00107669 0.00079433 0.00161907 0.00107744 0.01408983 0.00121669
 0.00108805 0.00864089 0.0016495  0.00213173 0.00196369 0.00115193
 0.00152356 0.00205507 0.00139639 0.00109739 0.00267293 0.00099419
 0.00126936 0.00124577 0.00133335 0.00164739 0.00132896 0.00081794
 0.00242892 0.00155193 0.0019201  0.00268243 0.00091609 0.00080198
 0.0015187  0.0010746  0.00110492 0.00157945 0.00096942 0.00125682
 0.00118168 0.00203381 0.00130595 0.0021974  0.00151427 0.00114939
 0.00145042 0.00149749 0.00381529 0.00204343 0.00128989 0.00119315
 0.00452501 0.00322506 0.00154307 0.00204957 0.00169812 0.00144539
 0.00136003 0.00265584 0.00255304 0.00207936 0.00093412 0.00081334
 0.01011037 0.00227183 0.00163613 0.00116193 0.00588617 0.00221325
 0.00129978 0.00112187 0.00112546 0.00907111 0.00115637 0.00248719
 0.00145093 0.00187945 0.00129149 0.00150345 0.00152534 0.00146102
 0.00125504 0.0016551  0.00105194 0.00139612 0.00189494 0.00144054
 0.00222147 0.00176431 0.00382195 0.0013982  0.00159984 0.00182587
 0.00179513 0.00122869 0.00155939 0.00123581 0.00142045 0.0014617
 0.0017475  0.00201845 0.00124027 0.00119241 0.00277024 0.00190374
 0.00176071 0.00126487 0.00147523 0.06228678 0.00111093 0.0016186
 0.0008235  0.00835381 0.00191392 0.00348482 0.00227831 0.00257144
 0.00186476 0.00102397 0.00117563 0.00184796 0.00151957 0.00148112
 0.00122501 0.00192785 0.00166742 0.00135318 0.00383617 0.0010807
 0.00153188 0.00200387 0.00141836 0.00136764 0.00148936 0.00115913
 0.00083251 0.00207904 0.00148568 0.00690992 0.00376745 0.00081392
 0.0012754  0.00256817 0.00117025 0.00115762 0.00146168 0.0012788
 0.00128796 0.00123754 0.00656817 0.00142982 0.00296375 0.00113488
 0.00301418 0.01405803 0.00315279]"
68,20241003,6.642433510445188,"[0.00144484 0.00274256 0.00117499 0.00107627 0.00117131 0.00101034
 0.00107472 0.00273127 0.00170517 0.00178036 0.001432   0.00121767
 0.00172514 0.00218393 0.00104926 0.00882788 0.00106984 0.0011742
 0.00104869 0.00106068 0.00180156 0.00174974 0.00249766 0.00151358
 0.0026575  0.00113503 0.00152964 0.00163191 0.00183944 0.00145334
 0.00203534 0.00134204 0.00282976 0.00181857 0.000503   0.00191777
 0.00187011 0.00138259 0.0022568  0.00219905 0.00197423 0.0015109
 0.00204526 0.00166637 0.00118708 0.00234668 0.00099068 0.00159606
 0.0019467  0.0014442  0.01588999 0.00399735 0.00243593 0.00121477
 0.00259128 0.00481192 0.00125569 0.00317146 0.0016741  0.00138547
 0.00106991 0.0013081  0.00311323 0.00108723 0.00208294 0.00253486
 0.0012453  0.00106733 0.00195844 0.00101751 0.00117159 0.00568194
 0.00200175 0.00101677 0.00099267 0.000797   0.00187069 0.00054432
 0.00127119 0.0018412  0.00124966 0.00214402 0.0016955  0.00125997
 0.00238368 0.00180072 0.00232145 0.00329379 0.00163904 0.00187304
 0.00179356 0.00923785 0.00281607 0.00187082 0.00138686 0.00165493
 0.00120621 0.00222926 0.00386458 0.00219357 0.00188854 0.00219249
 0.0014448  0.0017089  0.00181459 0.00169429 0.00141149 0.00159595
 0.00463087 0.00153451 0.00444835 0.00395933 0.00101075 0.00310749
 0.00195482 0.00131233 0.00194698 0.00197521 0.00184627 0.00113958
 0.00134471 0.0012072  0.00116877 0.00095139 0.00205492 0.00385792
 0.0018846  0.00192883 0.00294414 0.00110649 0.00181439 0.00232162
 0.00120406 0.00844521 0.00250057 0.00177018 0.00415954 0.00160462
 0.03405112 0.0010797  0.00183967 0.00217448 0.0018482  0.00101006
 0.00085801 0.00144996 0.001376   0.00155265 0.00176987 0.00317373
 0.0017174  0.00143216 0.00187517 0.00292902 0.00165154 0.0052454
 0.00177873 0.00124259 0.0013588  0.00132304 0.00181572 0.00101232
 0.00195786 0.00121052 0.00194424 0.00175023 0.0110614  0.00176431
 0.00072408 0.00184852 0.00665518 0.00152793 0.00148603 0.00422322
 0.00464587 0.00132651 0.0019575  0.00122356 0.00158895 0.00185934
 0.00153236 0.00618843 0.00101847 0.01004766 0.00167763 0.00285607
 0.00134913 0.0019033  0.0018495  0.00120499 0.00766499 0.00205043
 0.00205168 0.00148362 0.00192168 0.00346052 0.00175868 0.00178264
 0.00174941 0.00122053 0.00244563 0.00052878 0.00138024 0.00166182
 0.00142827 0.00475664 0.00793013 0.00174271 0.00151643 0.0020982
 0.00136153 0.00109574 0.00106818 0.00104832 0.00110494 0.00187765
 0.00194413 0.00491855 0.00110739 0.00154445 0.0015472  0.00201427
 0.00156726 0.00119677 0.00184126 0.00181178 0.00210132 0.0269108
 0.00129689 0.00210266 0.00130506 0.00122295 0.00368315 0.00205251
 0.00352075 0.0014036  0.00106966 0.00219274 0.00278817 0.0029348
 0.00220757 0.00184971 0.00178488 0.00209879 0.00185699 0.00172095
 0.00156346 0.00106165 0.00187646 0.00821607 0.00161768 0.00203315
 0.00114049 0.00154852 0.0022087  0.00166483 0.00193666 0.00214412
 0.00118225 0.04705743 0.00102058 0.00188238 0.00268578 0.00107449
 0.00138702 0.00116193 0.0020401  0.00235075 0.00308591 0.00117764
 0.00121238 0.00181953 0.00134897 0.00132413 0.00192388 0.00146427
 0.00193646 0.0015958  0.0016223  0.00257379 0.00248752 0.00243969
 0.0010845  0.00205614 0.00156917 0.0020026  0.00120858 0.00178038
 0.00242334 0.00216207 0.0019222  0.00130348 0.00144098 0.00188411
 0.0010214  0.00185055 0.00266403 0.00154404 0.00153068 0.00110505
 0.00110919 0.0095332  0.0010958  0.00196011 0.00172485 0.00119209
 0.00117586 0.00113636 0.00198299 0.00367921 0.0010388  0.00127379
 0.00300503 0.00112812 0.00146985 0.00169489 0.00147226 0.00115765
 0.00163882 0.00397136 0.00124161 0.01365195 0.00138607 0.00184409
 0.00198543 0.00142165 0.00168366 0.0010384  0.00692136 0.00179259
 0.00324881 0.00120487 0.00175554 0.00418187 0.00107711 0.00150748
 0.00190359 0.00196447 0.00105745 0.00105179 0.00227801 0.00426093
 0.00170948 0.0012136  0.00163014 0.00103741 0.00211483 0.00218588
 0.00188311 0.00207374 0.0038029  0.00202386 0.00116383 0.0014265
 0.00428785 0.00155202 0.00165336 0.00352689 0.00150331 0.00258763
 0.0016931  0.00188406 0.00098953 0.00145858 0.00141919 0.00199689
 0.00159884 0.00176945 0.00305376 0.0029715  0.0014754  0.01023502
 0.00110209 0.00386281 0.00293695 0.00304192 0.00130026 0.0018714
 0.00179441 0.00116765 0.00144805 0.00192231 0.00175428 0.00395017
 0.00175791 0.00121055 0.00193018 0.00176277 0.00113356 0.00120655
 0.00608203 0.00136583 0.00194394 0.00101191 0.00100411 0.00111662
 0.00162459 0.00165413 0.00102387 0.00243102 0.00117732 0.00198447
 0.00104925 0.00123978 0.00113588 0.00106176 0.00202466 0.00103237
 0.00145697 0.00112209 0.00162706 0.00186113 0.00138679 0.00117328
 0.00172269 0.00075372 0.01752664]"
69,20240913,7.095383358499841,"[0.00295717 0.00150003 0.00142448 0.00134693 0.00146935 0.00156512
 0.00120564 0.00146768 0.00176942 0.00816147 0.00148082 0.00134253
 0.00110179 0.0015641  0.00381639 0.02000855 0.00137117 0.00143069
 0.00143492 0.00150376 0.00197357 0.00144644 0.00152544 0.00356467
 0.00153561 0.00144551 0.00119445 0.00153233 0.00108435 0.02298814
 0.0020054  0.00206743 0.00223041 0.00443614 0.00111347 0.00123553
 0.00282363 0.00168682 0.00191142 0.00155771 0.00163501 0.00146085
 0.00460698 0.00155195 0.00153562 0.00158168 0.00142657 0.00370433
 0.00152243 0.00155864 0.03579347 0.00132057 0.00168687 0.00252925
 0.0012535  0.00385493 0.00145092 0.00119122 0.00227871 0.00222623
 0.00144745 0.00144012 0.00182341 0.00163364 0.00158308 0.00172123
 0.00121326 0.00139584 0.00116942 0.00115263 0.00144266 0.01582643
 0.00157253 0.00137042 0.00157837 0.00332648 0.00127473 0.0011483
 0.00135372 0.0011148  0.00144383 0.00115433 0.00143916 0.00126997
 0.00161821 0.00140337 0.00119773 0.00398828 0.00155781 0.00141115
 0.00114997 0.00162022 0.00122298 0.00159847 0.00160255 0.00124815
 0.00133677 0.00563025 0.00183457 0.00171692 0.00129891 0.00148206
 0.0016148  0.00135888 0.00151927 0.00146386 0.00131339 0.00146847
 0.00117242 0.00134506 0.00155215 0.0218186  0.00146389 0.00139872
 0.00144432 0.00152283 0.00144171 0.00169232 0.00209672 0.00140085
 0.00118761 0.00136731 0.00133603 0.00154815 0.00165687 0.00269427
 0.00155188 0.00185669 0.00275202 0.00173196 0.00241995 0.001639
 0.0015427  0.00375397 0.00169789 0.00118491 0.00136956 0.0012697
 0.01375149 0.00123675 0.00150646 0.00156664 0.00107592 0.00118557
 0.00169241 0.00136482 0.00150413 0.00183437 0.00177282 0.00144781
 0.00120824 0.00163229 0.00159951 0.00144943 0.00126344 0.00126659
 0.00139341 0.00132811 0.00136234 0.00153066 0.00153081 0.00118679
 0.00151779 0.00135094 0.00151414 0.0012759  0.00735465 0.0014735
 0.00332291 0.00160299 0.0060028  0.00164626 0.00221237 0.00116822
 0.00136148 0.00119339 0.00142419 0.00168835 0.00166188 0.00153072
 0.00141647 0.00651579 0.00148115 0.00152138 0.0226735  0.00493753
 0.00182017 0.00167244 0.00149179 0.00148895 0.00608644 0.00144883
 0.0014644  0.00154721 0.00208424 0.00114144 0.00175104 0.0015218
 0.002287   0.00136277 0.00144594 0.00159858 0.01153723 0.01188113
 0.00452919 0.02064883 0.00302922 0.00147773 0.00150559 0.0014594
 0.00138795 0.00154931 0.00148822 0.00143617 0.00124252 0.00144175
 0.00145114 0.00392181 0.00138344 0.00195498 0.00200143 0.0015597
 0.00111058 0.00137904 0.00113843 0.00188706 0.00207414 0.00311281
 0.00186157 0.00147738 0.00193038 0.00312387 0.00139052 0.00141488
 0.00219276 0.00313336 0.00122799 0.00157621 0.00226344 0.00126007
 0.00150656 0.00157355 0.00148739 0.00161195 0.00153565 0.00149173
 0.00151438 0.00145197 0.00149644 0.00192786 0.0011497  0.00148857
 0.00148514 0.00152563 0.00585566 0.00112205 0.0016834  0.00148291
 0.00136567 0.00191748 0.00139819 0.00152001 0.00346932 0.00145565
 0.00170705 0.00131731 0.00147609 0.00132118 0.00144074 0.00151985
 0.00128249 0.00392191 0.00145755 0.00187656 0.00146428 0.00176461
 0.00206558 0.01321147 0.00133905 0.00134959 0.00136299 0.00132837
 0.00148195 0.00172365 0.00167067 0.00170916 0.00136764 0.00161823
 0.00273102 0.00155593 0.00147702 0.00120503 0.0020564  0.00140147
 0.00119293 0.00127913 0.00136891 0.00245095 0.00157106 0.00137738
 0.00143205 0.00142069 0.00129323 0.00174725 0.00150286 0.00162786
 0.0013747  0.0011238  0.00120575 0.00134707 0.00122371 0.00125056
 0.00158646 0.00188671 0.00529962 0.00110511 0.00364061 0.00135938
 0.00216331 0.00197702 0.00210449 0.0038396  0.00127661 0.0021009
 0.00210372 0.00116902 0.00152404 0.00143888 0.00133658 0.00235601
 0.00208482 0.00136746 0.00178027 0.03974343 0.00146844 0.00220176
 0.00157287 0.00143685 0.00122252 0.00117369 0.00200393 0.00200586
 0.00150904 0.00136616 0.00110675 0.00118267 0.00149286 0.00161662
 0.00179504 0.00162268 0.0015689  0.00168345 0.00136915 0.00149102
 0.00264506 0.00128423 0.00147492 0.00136843 0.00106958 0.00196863
 0.00152418 0.00151675 0.00143157 0.00125185 0.00243973 0.00222111
 0.00149554 0.00167698 0.00139949 0.01438801 0.00149183 0.00336477
 0.00190975 0.00533967 0.00151612 0.00297467 0.00183614 0.00222759
 0.001479   0.00247303 0.00150699 0.00108764 0.00149774 0.00181906
 0.00135005 0.00179598 0.0014478  0.00158314 0.00534624 0.00210456
 0.00564795 0.00209042 0.00140237 0.00119754 0.00117496 0.00145414
 0.00238112 0.00134216 0.0011677  0.00200868 0.00393847 0.00117075
 0.00136227 0.00119807 0.00146971 0.00153649 0.00151257 0.00150117
 0.00127234 0.00149901 0.00543052 0.00151688 0.00102279 0.00138158
 0.00166173 0.00521197 0.00138651]"
70,20240910,6.617350861083912,"[0.00742508 0.00363357 0.00097304 0.00091419 0.00198165 0.00068684
 0.00084686 0.00200355 0.00143389 0.00107083 0.00208413 0.00114244
 0.00083799 0.00184365 0.00122932 0.00148706 0.00111597 0.00093611
 0.00101345 0.00108638 0.00202784 0.00172033 0.0028912  0.01131818
 0.00539778 0.0009647  0.00152928 0.00098036 0.00113684 0.00105735
 0.00214958 0.00195037 0.00201592 0.01085869 0.00144288 0.00098293
 0.00235795 0.00242446 0.00215429 0.00188559 0.00203487 0.00223708
 0.00392587 0.00184746 0.001055   0.00170466 0.00083005 0.00126399
 0.00189335 0.00136791 0.00197633 0.00259693 0.00235003 0.00274742
 0.00805463 0.00620807 0.00166106 0.00313706 0.00128516 0.01915983
 0.00104425 0.00894701 0.00179961 0.00112144 0.00189101 0.00212979
 0.00107298 0.00110416 0.00137991 0.00094816 0.00095106 0.00287561
 0.00188211 0.00104723 0.0010576  0.00135973 0.0008563  0.00081399
 0.00117954 0.00118823 0.00186646 0.00093839 0.00174863 0.00116471
 0.00124619 0.00217328 0.00150202 0.00799807 0.00299363 0.00180299
 0.00126775 0.01242633 0.00352795 0.00172131 0.0015127  0.00324257
 0.00119855 0.01199435 0.00259212 0.00249608 0.0013243  0.00180841
 0.00194861 0.00365945 0.00190244 0.00130816 0.00097226 0.00097934
 0.00502263 0.00332186 0.00286202 0.00162913 0.00093181 0.0012698
 0.00199121 0.00223888 0.00181822 0.00201206 0.00194558 0.00094361
 0.00297906 0.0013803  0.00114321 0.00153654 0.00664955 0.00262018
 0.00185902 0.00138315 0.00302309 0.00322338 0.00225034 0.00209639
 0.00096755 0.00110096 0.01047232 0.00226081 0.00260805 0.00121595
 0.0385818  0.001011   0.00181548 0.00498779 0.00132394 0.000942
 0.00129821 0.00094821 0.00808323 0.00225306 0.0019658  0.001854
 0.00343743 0.00117832 0.00200826 0.00168791 0.00131638 0.00124086
 0.00194174 0.00131796 0.00123413 0.00096168 0.00187197 0.00087395
 0.00193919 0.00147438 0.00185096 0.00080062 0.00407158 0.00181656
 0.0007652  0.00064617 0.001192   0.00151625 0.00201659 0.0029968
 0.00226985 0.00093885 0.00182018 0.00164157 0.00133234 0.00177142
 0.00156755 0.00128815 0.00087265 0.00178801 0.00466984 0.00352444
 0.00191265 0.00183358 0.00203083 0.0011339  0.00462801 0.00188372
 0.00283491 0.0011003  0.00129325 0.00380523 0.00206524 0.0018375
 0.01125519 0.00114489 0.00129525 0.00394649 0.00122059 0.00132387
 0.00109076 0.00466311 0.00118787 0.00194326 0.00273504 0.00181715
 0.00070207 0.00098777 0.00105422 0.00102586 0.00093258 0.00181054
 0.00267092 0.00237287 0.00118955 0.00132693 0.00133416 0.00181847
 0.00132412 0.00118489 0.00136238 0.00187662 0.00181018 0.00087831
 0.0019164  0.00187118 0.00147768 0.00120255 0.00514513 0.00189602
 0.00210663 0.00086996 0.00109794 0.00199156 0.00313375 0.00130178
 0.00156609 0.00181977 0.00189632 0.00203795 0.0018418  0.00199664
 0.00100374 0.0007165  0.00186306 0.00280095 0.00080741 0.00092876
 0.00105352 0.00335583 0.00197021 0.00068765 0.0019445  0.00169137
 0.00118786 0.02071494 0.00112566 0.0018061  0.00139527 0.00105472
 0.00132091 0.00112096 0.00195206 0.00113993 0.00124459 0.0008801
 0.00083929 0.00150722 0.00162531 0.00220585 0.00196553 0.00080083
 0.00193097 0.00260088 0.00107251 0.00379668 0.00112386 0.00384841
 0.0009745  0.00079692 0.00178765 0.00505825 0.00102995 0.00146649
 0.00200933 0.00196328 0.00185256 0.00265741 0.00132559 0.00088376
 0.00098876 0.00083876 0.00055214 0.00138156 0.00229568 0.0010961
 0.00091057 0.00164123 0.00096804 0.00193879 0.00186913 0.00102377
 0.00116586 0.00092707 0.00336656 0.00212046 0.00099258 0.00091808
 0.00189551 0.00294734 0.00152711 0.00092426 0.0013132  0.00124385
 0.00132095 0.00286905 0.00160481 0.00730279 0.00088195 0.00308725
 0.00453577 0.002155   0.00186521 0.00096747 0.00186795 0.00120986
 0.00265676 0.00102498 0.00100656 0.00328119 0.00100301 0.00505199
 0.00182    0.00197606 0.00111295 0.00098605 0.00188454 0.00273912
 0.00191765 0.00118294 0.00090552 0.0009675  0.00200013 0.00188652
 0.00277496 0.00191714 0.00471688 0.00185915 0.0011629  0.00184406
 0.0012961  0.00079314 0.00180723 0.00353737 0.00139868 0.00158016
 0.0017874  0.00182079 0.0008704  0.0009698  0.00442461 0.00626077
 0.00075076 0.00175379 0.00128443 0.05481341 0.00100625 0.00589109
 0.00098405 0.00151297 0.00069093 0.00157681 0.00269999 0.00185365
 0.00183487 0.00283476 0.00538173 0.00145058 0.00181491 0.00243282
 0.0017662  0.00098576 0.0018255  0.00179413 0.00207238 0.00083995
 0.00380629 0.00302485 0.00191117 0.00113102 0.00089039 0.00101747
 0.00146833 0.00228787 0.00096404 0.00310627 0.00110133 0.00109797
 0.00105143 0.00131659 0.0009884  0.00105392 0.00192657 0.0010078
 0.00104914 0.00105695 0.02251587 0.00202717 0.00123349 0.00093816
 0.00230451 0.00137111 0.00429791]"
71,20241128,8.003713561076067,"[0.0010497  0.00112777 0.00103051 0.00096914 0.00139165 0.00101099
 0.00107379 0.00325874 0.00134512 0.00097112 0.00084004 0.00098043
 0.00075455 0.0031238  0.00197783 0.02619581 0.00094289 0.00115148
 0.0010134  0.00093067 0.00269827 0.00227523 0.00228758 0.00339395
 0.00197964 0.00109569 0.00191446 0.00133104 0.00111937 0.00118848
 0.00260975 0.00110732 0.00159427 0.0053516  0.00136656 0.00078503
 0.00277163 0.00264574 0.0029286  0.00246803 0.002418   0.00086658
 0.00156083 0.00256817 0.00106708 0.00281397 0.00090865 0.00093562
 0.00261542 0.00129268 0.00475133 0.00214663 0.00112314 0.00099109
 0.00094305 0.00395854 0.00100227 0.00213976 0.00098935 0.00214123
 0.00100984 0.00107726 0.0010261  0.00106955 0.00252352 0.00256545
 0.00157565 0.00098333 0.00087942 0.00103155 0.00120807 0.01312017
 0.00249399 0.0009728  0.0009653  0.00118582 0.00070953 0.00042298
 0.00096445 0.00099122 0.00101825 0.00093244 0.0031099  0.00081377
 0.00084911 0.00239309 0.002082   0.00689284 0.00161373 0.00230149
 0.00103451 0.00132556 0.0026874  0.00249705 0.00218144 0.00370643
 0.00099276 0.00144394 0.00142039 0.00357183 0.00507862 0.00230089
 0.0009723  0.00213986 0.00229852 0.00085848 0.00192827 0.00120556
 0.00133866 0.00137064 0.00118802 0.00315758 0.00115415 0.00201932
 0.00233991 0.00192599 0.00246559 0.00249315 0.00094205 0.00116627
 0.00106085 0.00101426 0.00094993 0.00092688 0.00109482 0.00059296
 0.00863801 0.00258678 0.00134885 0.00264292 0.00511203 0.00217344
 0.00096589 0.01060897 0.00507065 0.0013841  0.00179386 0.00204017
 0.10886164 0.00114129 0.00233915 0.00224498 0.00100099 0.0010234
 0.00078812 0.00125832 0.00114265 0.00144117 0.00246448 0.00154867
 0.0026335  0.00120873 0.00197961 0.0012132  0.00103281 0.00126111
 0.00346545 0.00094646 0.00104783 0.00127686 0.00237515 0.00107128
 0.0024038  0.00098889 0.00257562 0.00094877 0.00390415 0.00230941
 0.0010142  0.00083065 0.0055781  0.0008533  0.00147614 0.00171197
 0.0020038  0.00087664 0.00230858 0.00083623 0.00109355 0.00276527
 0.00111055 0.01322201 0.00117543 0.00238132 0.00257585 0.00106342
 0.00203018 0.00251613 0.00246511 0.00100481 0.00091763 0.00250829
 0.00235557 0.00065729 0.00099912 0.0010369  0.00111693 0.00246983
 0.00353744 0.00098259 0.0007504  0.00100251 0.02309598 0.0012889
 0.00108583 0.00424593 0.00335588 0.00228038 0.00185781 0.00231732
 0.00104933 0.00098406 0.00101277 0.00099605 0.00130977 0.0022
 0.00256737 0.01472884 0.00099057 0.00140519 0.00092521 0.00248175
 0.00087023 0.00096947 0.00130888 0.00255314 0.00252963 0.00109958
 0.0012456  0.00300243 0.00139259 0.00186664 0.00749243 0.00255067
 0.00221662 0.00151811 0.00098746 0.00236821 0.00177754 0.00106734
 0.00385255 0.00249245 0.00238248 0.00239702 0.00235605 0.0025896
 0.0013098  0.00079042 0.00239921 0.00378209 0.00082807 0.00090545
 0.00112642 0.00238603 0.00201519 0.00091219 0.00239324 0.00216666
 0.00098946 0.01353802 0.0010741  0.00248153 0.00460296 0.0010016
 0.000923   0.00104698 0.00232416 0.00112083 0.00683466 0.00096102
 0.00094772 0.00824695 0.00108787 0.00097551 0.00268283 0.00077224
 0.00235228 0.00336046 0.00077176 0.0026513  0.00112231 0.00342004
 0.00096868 0.00084068 0.00231931 0.00185833 0.00107434 0.0007456
 0.00270119 0.00248032 0.00241312 0.0008353  0.00147295 0.00060689
 0.00103311 0.00114073 0.00283559 0.00099191 0.0007025  0.0009687
 0.00109393 0.00287576 0.00098342 0.00246313 0.00238059 0.00113887
 0.00098729 0.00096596 0.00249045 0.00231799 0.00098307 0.0012973
 0.00202254 0.00175037 0.00148051 0.00102412 0.00226409 0.00097463
 0.00091679 0.00123562 0.00230477 0.00623231 0.00102648 0.00047843
 0.00136843 0.00109996 0.00220796 0.0010873  0.00269546 0.0008535
 0.00376291 0.00110015 0.00102106 0.00271323 0.00097851 0.00134565
 0.00237887 0.00251943 0.00094947 0.00103265 0.00300746 0.00117201
 0.00227059 0.00099015 0.00058548 0.00107703 0.00249274 0.00246949
 0.00246155 0.00245265 0.00117308 0.00246486 0.00097767 0.00111616
 0.00257709 0.00083833 0.00227941 0.00095388 0.00122524 0.00113991
 0.00240973 0.00238971 0.00103524 0.00094799 0.0012357  0.00114047
 0.00056775 0.00228435 0.0011764  0.03804233 0.00124816 0.00623908
 0.00050249 0.00807946 0.00167247 0.00166602 0.0010524  0.00217998
 0.00239365 0.00195343 0.00169122 0.0008903  0.00237741 0.00283467
 0.00227944 0.00107114 0.00240462 0.00227735 0.00147459 0.00053989
 0.0008601  0.00168844 0.00241692 0.00096392 0.00103088 0.00111737
 0.00121238 0.00195964 0.00112764 0.00147082 0.00193145 0.00069025
 0.00096202 0.00082355 0.00111342 0.00117467 0.00249593 0.00092857
 0.0010221  0.00107672 0.0043146  0.00231976 0.00085157 0.00114491
 0.00245311 0.00138692 0.00111435]"
72,20240920,7.274624218477324,"[0.00226739 0.00101702 0.00140591 0.00139996 0.00198118 0.00126444
 0.00161496 0.00167489 0.00176285 0.00194259 0.00171187 0.00157279
 0.00206458 0.00213055 0.00831165 0.01948907 0.00153017 0.00149659
 0.00150392 0.00148465 0.00161339 0.00155374 0.00207253 0.00173641
 0.00138768 0.00150126 0.00121495 0.00169342 0.00133508 0.00107225
 0.00231175 0.00238946 0.00086781 0.01113113 0.00115924 0.0017947
 0.00489181 0.00144439 0.00288769 0.00231782 0.00162269 0.00103913
 0.00160524 0.00179499 0.0014102  0.00188479 0.0013611  0.00362308
 0.00198617 0.00130688 0.01106682 0.00164952 0.00150826 0.0025328
 0.00207608 0.00157383 0.00152335 0.00064832 0.00124696 0.00146566
 0.00150129 0.00080662 0.00106926 0.00153733 0.00202859 0.00254982
 0.00181887 0.00145878 0.00109959 0.00151775 0.00127509 0.00806492
 0.0024868  0.00140251 0.00148092 0.00120304 0.00094384 0.00158448
 0.0016437  0.0015961  0.0011832  0.00119061 0.00149138 0.00102085
 0.00176074 0.00174067 0.00343645 0.05358942 0.00222394 0.00175708
 0.00141529 0.00282042 0.00149839 0.00156239 0.00268476 0.00309747
 0.00166097 0.0013385  0.00240953 0.00154019 0.0017188  0.00232105
 0.00204263 0.00201989 0.00178683 0.00108766 0.00157835 0.00386329
 0.0051258  0.00114838 0.00120995 0.00256651 0.00166999 0.00134835
 0.00204947 0.0016742  0.00194829 0.00194274 0.001015   0.00144988
 0.00073949 0.00145795 0.00155275 0.00193756 0.00110148 0.00390698
 0.00187899 0.00207779 0.00094324 0.00130786 0.00125739 0.00171738
 0.0016973  0.00048608 0.00342914 0.00259341 0.00132871 0.00304141
 0.00760631 0.00162229 0.00177601 0.00365846 0.00116932 0.00177584
 0.00051907 0.00154367 0.0018942  0.00195815 0.00177944 0.00199014
 0.0016391  0.00155924 0.00338372 0.00223931 0.001305   0.00100081
 0.00137056 0.00179713 0.00153235 0.00154323 0.00196664 0.00161923
 0.001963   0.00171664 0.00241298 0.00149865 0.00190073 0.00175892
 0.00221169 0.00107161 0.0044035  0.00137553 0.00224159 0.00227288
 0.0011579  0.00126827 0.00160819 0.00205046 0.00136408 0.00182147
 0.0017622  0.00138089 0.0014221  0.00216873 0.0021616  0.00087795
 0.00272508 0.00213482 0.00183573 0.00142166 0.00096617 0.00192973
 0.00206651 0.00143983 0.00352575 0.00161378 0.00182929 0.0016502
 0.00194431 0.00161483 0.00088148 0.00299203 0.00286733 0.00724504
 0.00325688 0.00188208 0.01073837 0.00161374 0.00412142 0.00229807
 0.00113002 0.00138809 0.00153353 0.00152895 0.00143962 0.00156262
 0.00152723 0.007261   0.00141765 0.00126955 0.00116863 0.00183
 0.00151944 0.00162886 0.00089838 0.00235009 0.00210246 0.01191982
 0.00433488 0.00173547 0.00121356 0.00112936 0.00056136 0.00211468
 0.00161658 0.00125901 0.00158752 0.0021338  0.00181328 0.00181677
 0.00133479 0.0022503  0.00223822 0.00231329 0.00163189 0.00204883
 0.00159891 0.00154455 0.00204763 0.00305711 0.00210274 0.00184761
 0.00163973 0.0026342  0.00173679 0.00368689 0.00191709 0.00185058
 0.00169384 0.00529408 0.00138947 0.00162772 0.00294215 0.00146088
 0.00183406 0.00212676 0.00185002 0.00263443 0.00160593 0.00146611
 0.00136807 0.00223204 0.00159831 0.00436165 0.00216732 0.00169603
 0.00188877 0.00142095 0.00176929 0.00147603 0.00183444 0.00135945
 0.00143672 0.00181159 0.00170258 0.0009204  0.00144886 0.00103402
 0.00654302 0.00212883 0.0019789  0.00099406 0.00121465 0.00074788
 0.00163136 0.00185512 0.00257777 0.00165652 0.00101181 0.00152254
 0.00145053 0.00139173 0.00149384 0.00162769 0.00169176 0.00145868
 0.00154348 0.00190055 0.00124668 0.00381998 0.00157229 0.00106263
 0.00168427 0.00192475 0.00290361 0.0015008  0.00357525 0.00156816
 0.00155965 0.00127733 0.00200799 0.00392723 0.00176534 0.00042006
 0.0017688  0.00129267 0.0017833  0.00164675 0.00120428 0.00081616
 0.00245936 0.00158972 0.00187533 0.01573152 0.00182506 0.00126363
 0.00160332 0.00239331 0.00151837 0.00160839 0.00276361 0.00596135
 0.00199775 0.00161263 0.00170335 0.00158957 0.00194441 0.00168307
 0.00220058 0.00298051 0.00404493 0.00151158 0.00164254 0.0019064
 0.00273114 0.00170411 0.00176018 0.00087916 0.00122905 0.00119897
 0.00194117 0.00211742 0.00140446 0.00289584 0.01487504 0.001397
 0.00398074 0.0016666  0.0024096  0.05409148 0.00161426 0.00630825
 0.00341355 0.00269706 0.00098852 0.00162636 0.00205935 0.00215194
 0.00153256 0.00087456 0.00109144 0.00245986 0.00180316 0.00403297
 0.00162182 0.00146003 0.00190588 0.00175947 0.00104131 0.00544344
 0.00179463 0.00212989 0.00204477 0.00162412 0.0014679  0.00154934
 0.00273371 0.00044532 0.00154066 0.00791187 0.00117689 0.00104618
 0.00145952 0.00172492 0.00153769 0.00152295 0.00215624 0.00147283
 0.0015999  0.00144138 0.00126544 0.00168415 0.00146439 0.00147675
 0.00211801 0.00184982 0.00555073]"
73,20241211,8.353089660590895,"[0.00136684 0.00106163 0.00158158 0.00119069 0.0013319  0.00104446
 0.00153395 0.00178564 0.0024279  0.00111939 0.00134347 0.0012328
 0.00143894 0.00222228 0.00218612 0.00783472 0.00110415 0.00157437
 0.0011879  0.00136529 0.00198957 0.00227383 0.00207727 0.00351848
 0.00133548 0.00159095 0.00089889 0.00175848 0.00216456 0.00155597
 0.00189319 0.00124271 0.00127365 0.00177079 0.00074042 0.00241714
 0.0022942  0.001207   0.00227554 0.00231723 0.00230226 0.0013739
 0.00093036 0.00227005 0.00141569 0.00198777 0.00141619 0.00168639
 0.00235705 0.0011472  0.02181056 0.00083534 0.00115436 0.00116919
 0.01656631 0.00123933 0.00114653 0.00085523 0.00119918 0.0725403
 0.00153194 0.00088817 0.00077551 0.00149645 0.00227049 0.00195557
 0.00106847 0.00128615 0.00144727 0.00133626 0.0016619  0.00332396
 0.00238377 0.00121521 0.0014912  0.00851011 0.00192881 0.00098731
 0.0012869  0.00214094 0.00248832 0.00179345 0.00228421 0.0013623
 0.0014045  0.00229514 0.00232795 0.01653446 0.00189234 0.00198181
 0.00120422 0.00160743 0.00082916 0.0019201  0.00131954 0.00239889
 0.00133085 0.00138192 0.00088018 0.0012869  0.00151984 0.00253995
 0.00127799 0.00223759 0.00231483 0.00120473 0.00117749 0.00198391
 0.00122703 0.00291508 0.00137393 0.00771518 0.00146638 0.00119428
 0.00213948 0.0012757  0.00205145 0.00178658 0.00119609 0.00155683
 0.0018127  0.00125102 0.00126909 0.00069183 0.0015871  0.00120388
 0.00206394 0.00711101 0.00083569 0.00088511 0.00216565 0.00088868
 0.00212689 0.00612552 0.00168884 0.0015069  0.00105956 0.00256745
 0.00198691 0.00116942 0.00223585 0.00098696 0.00148889 0.00127636
 0.00098932 0.00187591 0.00239304 0.00132055 0.00185289 0.00640234
 0.00099102 0.00173083 0.00152281 0.00082507 0.00121144 0.00130551
 0.00213376 0.00136735 0.00122077 0.00199463 0.00216923 0.00127585
 0.00225413 0.00123514 0.00233286 0.00220825 0.00082938 0.00223162
 0.00084069 0.00147541 0.00375721 0.00115093 0.00125457 0.00401037
 0.00187142 0.00106157 0.00205973 0.00095824 0.00251876 0.0019156
 0.00136839 0.00351367 0.00141204 0.00096905 0.00202319 0.00667749
 0.00175913 0.00243741 0.00230221 0.00118911 0.00425154 0.00216629
 0.00213174 0.00202239 0.00146359 0.00307172 0.00144386 0.00224976
 0.00157295 0.00135476 0.00143303 0.0029083  0.0042056  0.01485407
 0.00131037 0.00097733 0.00093882 0.00215099 0.00134264 0.00242789
 0.00138312 0.00145689 0.00155727 0.00129785 0.00119345 0.0019014
 0.00208627 0.00448096 0.00116788 0.00129333 0.00099806 0.00232414
 0.00127494 0.00130969 0.00115769 0.00208747 0.00215829 0.00169913
 0.00171845 0.00205841 0.00136095 0.00797867 0.00275066 0.00230424
 0.0021067  0.00439093 0.00118087 0.00198208 0.00143742 0.00151522
 0.00122037 0.00200405 0.00203575 0.00215451 0.00204498 0.00216134
 0.00186716 0.00230138 0.00212872 0.00204395 0.00189898 0.00230708
 0.00164129 0.00227607 0.00180281 0.00173473 0.00228627 0.00220473
 0.001277   0.0318294  0.00151713 0.00211266 0.01250736 0.00120865
 0.00117265 0.00157585 0.0016291  0.00215944 0.00337698 0.00138872
 0.00145282 0.00305886 0.00116087 0.00124808 0.00223026 0.00178498
 0.00224933 0.00259045 0.00214595 0.00113733 0.00126053 0.00081766
 0.00126603 0.00205343 0.00235058 0.00093331 0.00116876 0.00145492
 0.00265891 0.00240227 0.00184404 0.00192055 0.00173319 0.00173699
 0.00143987 0.00157277 0.0013729  0.00154146 0.00126215 0.00122459
 0.00143847 0.00328744 0.0012516  0.0020471  0.00209303 0.00161206
 0.00132265 0.00113208 0.00272872 0.00166672 0.00123697 0.00097301
 0.00131457 0.0026704  0.00306679 0.00184209 0.00133508 0.00129488
 0.00099036 0.00100926 0.00192862 0.00855254 0.00194843 0.00096606
 0.0021676  0.00140049 0.00210309 0.00150892 0.00263719 0.00130548
 0.00394641 0.00243189 0.00185332 0.00445414 0.00143607 0.00540345
 0.00218851 0.00217857 0.00124556 0.00122044 0.00231313 0.00158826
 0.00219515 0.00130916 0.00148332 0.00121665 0.00163592 0.00208509
 0.00265847 0.00219243 0.00106475 0.00196597 0.00115441 0.00128666
 0.00418919 0.00194422 0.00215332 0.00137086 0.00183247 0.00115155
 0.00210086 0.00225103 0.00123839 0.002151   0.0046897  0.00131465
 0.00181827 0.00258839 0.00178073 0.00119726 0.00178198 0.00189753
 0.00200465 0.00245167 0.0013002  0.00305305 0.00132917 0.00185662
 0.00219814 0.00114844 0.00116376 0.00129154 0.00215041 0.00736756
 0.00294726 0.00159231 0.00204123 0.00210166 0.00092175 0.00161824
 0.00152365 0.00304377 0.00242823 0.00122197 0.001172   0.00161858
 0.00140075 0.00117225 0.00133559 0.00187159 0.0054961  0.00182155
 0.00122957 0.00177018 0.00166379 0.00151084 0.0022276  0.00114746
 0.00116989 0.00141988 0.00366528 0.0019921  0.00163136 0.00162792
 0.00217139 0.0006161  0.03010695]"
74,20240909,7.491796054010227,"[0.00177313 0.00137885 0.00150152 0.00147202 0.00151374 0.00104914
 0.00118929 0.0018517  0.00115456 0.00375778 0.00247841 0.00129447
 0.00229811 0.00229833 0.00167536 0.00059512 0.00130404 0.00151804
 0.00154548 0.00145318 0.00289164 0.00173685 0.00156127 0.00442211
 0.00179636 0.00145891 0.00395388 0.00147194 0.00230959 0.004503
 0.00325107 0.00187645 0.00158059 0.00147977 0.00401966 0.00251622
 0.00201926 0.00344973 0.00232183 0.00225044 0.00220417 0.00106686
 0.00144011 0.00187205 0.00149513 0.00150599 0.00130153 0.00122542
 0.00204929 0.00186641 0.01155045 0.00217136 0.00165339 0.00152442
 0.0013471  0.00770578 0.0014575  0.00216638 0.00130629 0.00179671
 0.00129368 0.00105076 0.00146095 0.00147421 0.00226103 0.00326505
 0.00117398 0.00151546 0.00098848 0.0011491  0.00148008 0.00215999
 0.00193642 0.00155671 0.00144576 0.00508993 0.00206917 0.00035677
 0.00133856 0.00079422 0.00196613 0.0017531  0.00153241 0.00184644
 0.00076286 0.00185066 0.00239314 0.00460669 0.0010559  0.0019039
 0.00132517 0.00248468 0.00229307 0.00162541 0.00293084 0.00174349
 0.00136007 0.0017808  0.00132825 0.00092829 0.00552384 0.00202995
 0.00181494 0.00173771 0.00183459 0.00115806 0.00127125 0.00188856
 0.00298575 0.00179273 0.00281911 0.00523072 0.00146331 0.00176908
 0.00232057 0.00335088 0.00211352 0.00245709 0.00137315 0.00135422
 0.00265053 0.00133641 0.00137708 0.00180598 0.00342479 0.00260623
 0.00223522 0.0104191  0.00246114 0.00212865 0.00124775 0.00120851
 0.0023429  0.00151556 0.00700436 0.0021131  0.00177692 0.00197226
 0.005213   0.00145892 0.00170482 0.00419776 0.00074131 0.0013457
 0.00169452 0.00145796 0.00122308 0.00247469 0.00180001 0.00155304
 0.00194369 0.00157726 0.00170375 0.00386239 0.00158455 0.00147768
 0.00191706 0.00142587 0.00140594 0.00131227 0.00220795 0.00114261
 0.00237547 0.00133472 0.00211439 0.00246049 0.00160223 0.00227278
 0.00341572 0.00210761 0.00192631 0.0007251  0.00303437 0.00337551
 0.00252407 0.00108151 0.00189976 0.0041383  0.00135744 0.00175897
 0.00098786 0.00313365 0.00140084 0.00287404 0.00136093 0.00481079
 0.00142945 0.00254475 0.00193804 0.00125235 0.00666945 0.00194606
 0.00196981 0.00234331 0.00143829 0.00179077 0.00167961 0.00212053
 0.00181085 0.00137661 0.00186435 0.00120489 0.01286139 0.00362842
 0.00212704 0.00392633 0.00154702 0.00173482 0.0019596  0.00218886
 0.00246882 0.00143561 0.00142051 0.00153354 0.00151938 0.0019948
 0.00182808 0.00175032 0.00150169 0.00136586 0.00137596 0.00185876
 0.00174367 0.00132279 0.00262201 0.00187297 0.00160299 0.00084019
 0.00152852 0.00225933 0.00172196 0.00480974 0.00326482 0.00207273
 0.00173268 0.00239875 0.00140797 0.00190803 0.00193796 0.00126184
 0.00108037 0.00198667 0.0022444  0.00218691 0.00180151 0.0017665
 0.00136699 0.00234162 0.00188444 0.00257011 0.00446459 0.00179249
 0.00145899 0.00376695 0.00200565 0.00273155 0.001809   0.00173138
 0.00132668 0.04476553 0.00144818 0.00179236 0.00732783 0.0016349
 0.00139061 0.00503527 0.00188151 0.00212591 0.00179468 0.00173268
 0.00110994 0.00264484 0.00117683 0.00206026 0.00242955 0.00236142
 0.00166453 0.00103486 0.00289082 0.00190635 0.00118754 0.00110734
 0.00152425 0.00288437 0.00232518 0.00193116 0.00184041 0.00216645
 0.00186845 0.00199633 0.0019802  0.00079874 0.0014278  0.00245069
 0.00116911 0.00211073 0.0009482  0.00158351 0.00223483 0.00149329
 0.00150052 0.00203753 0.00135814 0.00180463 0.00190872 0.00133362
 0.00146627 0.00128505 0.00121197 0.0020768  0.00140746 0.00727116
 0.00162211 0.01502005 0.00150488 0.00404137 0.00171398 0.00158947
 0.00130172 0.00135236 0.00275268 0.00216573 0.00235398 0.00233228
 0.00304956 0.00094248 0.00175694 0.00148795 0.00235935 0.00082573
 0.00266937 0.001394   0.00295713 0.01722115 0.00130938 0.0014643
 0.00175792 0.00203016 0.00138144 0.00120342 0.00260353 0.00220402
 0.00207387 0.00134544 0.00266671 0.00116629 0.00248768 0.00205572
 0.00197311 0.00212995 0.00366761 0.00232019 0.00131528 0.00125166
 0.0026177  0.00249748 0.00181552 0.00153773 0.00086647 0.00129932
 0.00191968 0.0016136  0.0013231  0.00290885 0.0026224  0.00633337
 0.00260186 0.00158912 0.00071818 0.03133209 0.00138791 0.00283575
 0.00199905 0.00589731 0.00396023 0.01179421 0.00213537 0.00197467
 0.00176385 0.00197782 0.00157334 0.00084559 0.00219787 0.00497782
 0.00134764 0.00138389 0.00192753 0.00166616 0.00289332 0.0021842
 0.00514876 0.00113802 0.00243306 0.00119657 0.00112449 0.0014395
 0.00144418 0.00394188 0.00116686 0.00520293 0.00222685 0.00191497
 0.00142614 0.00165818 0.00145893 0.00140864 0.00220077 0.00128772
 0.0013375  0.0012743  0.00682959 0.00176632 0.0007389  0.00151104
 0.0018777  0.00115234 0.00419588]"
75,20241230,11.917048908574042,"[0.00088337 0.00137404 0.00190225 0.00172783 0.00082771 0.00075693
 0.00169023 0.0017351  0.00141708 0.00108918 0.00061619 0.00166466
 0.00059896 0.00169875 0.00053302 0.11061653 0.00172557 0.00194601
 0.00179702 0.00188909 0.0017706  0.0017572  0.00171074 0.00050062
 0.00115309 0.0018967  0.00111135 0.00186901 0.00059889 0.0004676
 0.00181484 0.00154398 0.00060798 0.00253863 0.00043761 0.00067998
 0.00170365 0.00159894 0.00177117 0.00177237 0.0017388  0.00116235
 0.00118626 0.0017576  0.00197442 0.00191795 0.00186745 0.00079999
 0.00198809 0.0012745  0.05561987 0.00057988 0.00124648 0.00271416
 0.0012099  0.0032562  0.00166019 0.00056386 0.00143297 0.00163222
 0.00186321 0.00086029 0.0009793  0.00198143 0.0017608  0.00169981
 0.00135178 0.00177031 0.00097404 0.0015837  0.00188471 0.00375021
 0.00172565 0.00185055 0.00190001 0.00210388 0.00046815 0.00122221
 0.00167672 0.00148464 0.00099171 0.00056047 0.00172927 0.00101484
 0.00121352 0.00174744 0.00119929 0.12387301 0.0006931  0.00171703
 0.00114758 0.00237746 0.00054716 0.00185408 0.0017652  0.00278766
 0.00162407 0.00166572 0.00114788 0.0016216  0.00154336 0.00171238
 0.00144746 0.00144136 0.00173948 0.00104017 0.0067441  0.00082066
 0.00178069 0.00116599 0.00124582 0.00203903 0.00183968 0.00140576
 0.00177033 0.00142137 0.00171789 0.00167357 0.00107557 0.00190573
 0.0011235  0.00167807 0.00169206 0.00106214 0.00116886 0.00305657
 0.00170703 0.00064691 0.00156836 0.00097415 0.0029584  0.00058939
 0.00057087 0.00035888 0.01879904 0.00112641 0.00057544 0.00139177
 0.0032196  0.00173041 0.00173743 0.00139615 0.00107069 0.00157404
 0.00174152 0.00188663 0.00084912 0.00091435 0.00175122 0.00139868
 0.00060486 0.00179152 0.00171479 0.00157127 0.00120771 0.0011483
 0.0018171  0.00165506 0.00159948 0.00187487 0.00174536 0.0015766
 0.00175248 0.00175992 0.00178075 0.00058295 0.00221368 0.00177431
 0.0005426  0.00040543 0.00239186 0.00075585 0.00118428 0.00062802
 0.00064092 0.00100352 0.00176685 0.00124717 0.00164008 0.0017331
 0.00106626 0.001282   0.0017456  0.00063517 0.00229946 0.00113445
 0.00136603 0.00180233 0.0017853  0.00161397 0.00103234 0.00178036
 0.00171695 0.00058719 0.00092348 0.00091012 0.00132838 0.00179895
 0.00173971 0.00164628 0.00099411 0.00127169 0.03344176 0.0019051
 0.00131927 0.00235244 0.00121808 0.00177168 0.00254372 0.00168984
 0.00043129 0.00193279 0.00184738 0.0017838  0.00171676 0.00171444
 0.00169337 0.00127595 0.00175856 0.00117899 0.0011235  0.00175278
 0.00084745 0.00164731 0.00046125 0.001734   0.00171    0.00252525
 0.00127277 0.00176454 0.00102395 0.00115592 0.00084927 0.0018
 0.00176463 0.0012973  0.00176679 0.00171434 0.00066083 0.00161774
 0.0010343  0.00180587 0.00174489 0.00174052 0.00174258 0.00173732
 0.00187683 0.00058388 0.00177299 0.00151836 0.00059748 0.00059406
 0.00189292 0.00231307 0.00144158 0.00053394 0.00171949 0.0018096
 0.00162926 0.00477618 0.0018665  0.00173739 0.00065577 0.00179023
 0.00098979 0.00048421 0.00168653 0.00067582 0.00296808 0.00180113
 0.00178807 0.00178559 0.00140792 0.00108422 0.0017723  0.00063649
 0.00202678 0.00378264 0.00061887 0.00120594 0.00208616 0.00071416
 0.00181126 0.00058582 0.00179276 0.00119217 0.00162933 0.00103738
 0.00235465 0.00187188 0.00170901 0.0013179  0.00101965 0.00058263
 0.00157167 0.00051998 0.00139266 0.00105773 0.00061404 0.00172728
 0.00185644 0.0011614  0.00170934 0.00170767 0.00179554 0.00187666
 0.00163993 0.00157996 0.00157433 0.00048625 0.00169533 0.00234352
 0.00157468 0.00611089 0.00151039 0.00061719 0.00156382 0.00167819
 0.00098418 0.00106098 0.0018422  0.00096101 0.00040175 0.00049673
 0.00138139 0.00106995 0.00179102 0.00180298 0.00158957 0.00096684
 0.00223607 0.00185613 0.00055476 0.00283978 0.00194199 0.00113039
 0.00175709 0.00179081 0.00169853 0.00157813 0.00174944 0.00338855
 0.00177806 0.00162271 0.00038655 0.00157138 0.00195422 0.00172173
 0.00178131 0.0017654  0.00080693 0.00179139 0.00161201 0.00131725
 0.00102226 0.00052352 0.00173616 0.00131283 0.00084828 0.00106298
 0.00171214 0.00177458 0.0017881  0.00048218 0.00218525 0.00118344
 0.00050818 0.0017737  0.00152222 0.00519033 0.00186031 0.00600373
 0.0006719  0.00975998 0.00040312 0.01287957 0.00149157 0.00170924
 0.00173363 0.00120545 0.00133078 0.00084557 0.00177363 0.00173213
 0.00181914 0.00186165 0.00172034 0.00174952 0.00137936 0.00757869
 0.00112664 0.00091039 0.00175097 0.00161532 0.0015833  0.00191655
 0.00106224 0.00054032 0.00158519 0.00117703 0.00277323 0.00050266
 0.00178891 0.00096178 0.00190716 0.00183297 0.00175344 0.00169622
 0.00179764 0.00184637 0.00121074 0.00169981 0.00106123 0.00185133
 0.0017429  0.00775756 0.00070358]"
76,20241012,9.438886161321111,"[0.00339312 0.00119427 0.00107693 0.0012189  0.00207687 0.00362737
 0.00135062 0.00199476 0.00174077 0.00120533 0.00095432 0.00148937
 0.00105464 0.00174702 0.0013503  0.00735154 0.00128403 0.00107593
 0.00122868 0.00113575 0.00163368 0.00172169 0.00172891 0.00092128
 0.00199112 0.00106455 0.00109975 0.00110607 0.00098592 0.00109705
 0.00170907 0.00224484 0.00108699 0.00093956 0.00085618 0.00115798
 0.00176928 0.00152687 0.00179417 0.00170199 0.00168978 0.00094657
 0.0012101  0.00167918 0.00114748 0.00190014 0.00110775 0.0016053
 0.00168902 0.00156849 0.13152478 0.00050903 0.0025356  0.00260583
 0.00149388 0.00565107 0.00140764 0.00091197 0.00089374 0.01866528
 0.00108848 0.00078223 0.00094365 0.00112052 0.00178077 0.00233755
 0.00144342 0.00125799 0.00094942 0.00163438 0.00107215 0.00184715
 0.00177731 0.00114814 0.00108345 0.00437725 0.00133768 0.00282682
 0.00145763 0.0013365  0.00090398 0.00184439 0.00192698 0.00101703
 0.00123749 0.00172316 0.00105198 0.00526915 0.00093564 0.00171863
 0.00124179 0.00260954 0.00124447 0.00179856 0.00342509 0.00307609
 0.00143634 0.00248642 0.00229658 0.00409036 0.00237423 0.00170526
 0.00160755 0.00062534 0.00174478 0.00152092 0.00163582 0.00171216
 0.00369294 0.00197607 0.00188662 0.00398538 0.00108886 0.00163788
 0.00174439 0.00179683 0.00276034 0.00164665 0.00092261 0.00108794
 0.00089426 0.00150409 0.00141961 0.00113525 0.0023422  0.0019832
 0.00187008 0.00290121 0.00161926 0.00117323 0.00147229 0.00125099
 0.00134331 0.0033398  0.00229582 0.00096788 0.0012171  0.00327369
 0.00214157 0.00144207 0.00167934 0.00225725 0.00068882 0.00164196
 0.00093243 0.001064   0.00126981 0.00079137 0.00175527 0.00170278
 0.00102275 0.00109417 0.0017685  0.00338854 0.00103187 0.00096762
 0.00178255 0.00142614 0.00140755 0.00104911 0.00172419 0.00154513
 0.00167038 0.00140932 0.00183133 0.00114286 0.00142814 0.00161642
 0.00121322 0.0009119  0.00131273 0.00153547 0.00229972 0.00082293
 0.00061433 0.00097765 0.00183893 0.00103817 0.00145987 0.00172765
 0.00178508 0.00229345 0.00120341 0.0005858  0.00287334 0.00201526
 0.00282011 0.00185433 0.00173216 0.00150005 0.00184822 0.00170491
 0.00169903 0.00119914 0.00080391 0.000687   0.00175006 0.00166158
 0.03680067 0.00146737 0.0009861  0.00133618 0.00686582 0.0297521
 0.00113043 0.00555275 0.00176481 0.00177767 0.00175048 0.00238314
 0.00105661 0.00107141 0.00112581 0.00128519 0.00129496 0.00169859
 0.00169273 0.00744677 0.00129335 0.00079358 0.00105227 0.00176293
 0.00092169 0.00144759 0.00095449 0.0016979  0.00175667 0.00259324
 0.0020901  0.00165769 0.00128765 0.00151478 0.0008991  0.00169942
 0.00219891 0.00178538 0.0013178  0.00176481 0.00053372 0.00155529
 0.00148501 0.0017548  0.00176134 0.00168525 0.00173602 0.00188718
 0.00109899 0.00109858 0.00181222 0.00360611 0.00094661 0.001172
 0.00114539 0.0016419  0.00181257 0.00126415 0.00178077 0.00176802
 0.00151244 0.00255536 0.00111441 0.00173455 0.00053866 0.0012559
 0.00080885 0.00148412 0.00170936 0.00137092 0.00124982 0.00124971
 0.00099269 0.00541971 0.00150343 0.00238139 0.00184927 0.00125349
 0.0024699  0.0016326  0.00158169 0.00204687 0.00131246 0.00121292
 0.00123548 0.00144062 0.00164116 0.00152112 0.00137588 0.00092173
 0.00196643 0.00167685 0.00176355 0.00072662 0.00085383 0.00126251
 0.00159482 0.00097286 0.00100338 0.00089181 0.00091934 0.00135979
 0.0010826  0.00181514 0.00136288 0.00172492 0.00172661 0.00124329
 0.0014983  0.00173012 0.00236357 0.00081534 0.00136118 0.00130554
 0.00187832 0.0201538  0.00102513 0.00105703 0.00142117 0.00140013
 0.00084093 0.00190195 0.00232267 0.00130903 0.00113208 0.00105342
 0.0024071  0.001909   0.00169702 0.00108385 0.00315414 0.00100369
 0.01387878 0.00131755 0.00152702 0.03361782 0.00115695 0.00182248
 0.00183364 0.00176178 0.00137392 0.00153143 0.00171971 0.0019477
 0.00171    0.00144509 0.00094251 0.00155084 0.00184299 0.00171508
 0.00178593 0.00166883 0.0007671  0.00172218 0.00124688 0.00176939
 0.00092947 0.00132038 0.00172056 0.00177448 0.00123749 0.00094632
 0.0017153  0.00221979 0.00119217 0.00108563 0.00299125 0.00106773
 0.00101826 0.00169833 0.00172409 0.0102652  0.00108399 0.00711515
 0.00140094 0.0103169  0.00188955 0.0012987  0.00171026 0.00215903
 0.00180679 0.00128286 0.00138068 0.00119814 0.00168641 0.00206987
 0.00187275 0.00108951 0.00169781 0.00179579 0.00134965 0.00830133
 0.001177   0.00099343 0.00167658 0.00160801 0.00157481 0.00107562
 0.00074576 0.00145811 0.00152408 0.01478947 0.0019842  0.00166618
 0.0012587  0.0013565  0.00110912 0.0011563  0.00193814 0.00119457
 0.00156594 0.00110035 0.00253252 0.00177467 0.00126998 0.00107837
 0.00171009 0.00565239 0.00057309]"
77,20240912,6.963225308520974,"[0.0016697  0.00125284 0.0011577  0.00106178 0.00080744 0.00641019
 0.0009238  0.00361361 0.00080916 0.01164662 0.00249619 0.00115828
 0.00352814 0.00181644 0.00195375 0.01260655 0.00098603 0.00123087
 0.00102976 0.00113848 0.00155519 0.00161788 0.00363927 0.00458092
 0.00141994 0.00114988 0.00398697 0.00123519 0.00317916 0.00267059
 0.00162503 0.00116115 0.0015839  0.00410407 0.00302525 0.0022433
 0.00191834 0.00144244 0.00178203 0.00179809 0.00160625 0.00189055
 0.00125282 0.00159275 0.00133855 0.00146589 0.00142517 0.00121733
 0.00143674 0.00076231 0.01025642 0.00183146 0.00084035 0.00128745
 0.00176729 0.00127844 0.00096715 0.00154603 0.00108524 0.00379752
 0.00128257 0.00166792 0.00117639 0.00131605 0.00172488 0.00152938
 0.00071119 0.00108143 0.00105137 0.00086808 0.00109    0.00340149
 0.00168654 0.00111691 0.00157267 0.00168202 0.00300667 0.00288662
 0.00123343 0.00106941 0.00365646 0.00272513 0.00173679 0.00188766
 0.00163032 0.00167708 0.00158027 0.01111997 0.00174507 0.00157302
 0.00126364 0.0016639  0.00223131 0.00147688 0.0015112  0.00257184
 0.00110709 0.00114736 0.00181178 0.00700716 0.00379804 0.0015132
 0.00095845 0.00202187 0.00142663 0.00205841 0.00087633 0.00342832
 0.00157876 0.00093563 0.00212062 0.00231436 0.00120772 0.00503204
 0.00149634 0.00200002 0.00169006 0.00180936 0.0010377  0.00110874
 0.00710713 0.00122241 0.00120166 0.00125897 0.0024682  0.00166437
 0.00169052 0.00121592 0.0017602  0.00270455 0.0017494  0.00178427
 0.00314764 0.00178793 0.00196654 0.00171492 0.00123857 0.0011474
 0.00338242 0.0009579  0.00145169 0.00317013 0.00181786 0.00081518
 0.00229819 0.0012509  0.00157171 0.00154678 0.00157619 0.00262965
 0.00232274 0.00129615 0.00199168 0.00270477 0.00184311 0.00121867
 0.00149283 0.00114176 0.00114483 0.00123923 0.00164679 0.00084394
 0.00181051 0.001207   0.00180263 0.00233228 0.00556281 0.00153285
 0.00232411 0.00324883 0.0050628  0.00193066 0.00085939 0.00124071
 0.00149931 0.00114746 0.00154491 0.00173848 0.00106355 0.00170146
 0.00103535 0.00371205 0.00093369 0.00206633 0.01117624 0.00220046
 0.00161621 0.00172437 0.00165552 0.00090218 0.00152364 0.00161296
 0.00178969 0.00334178 0.00199392 0.00153633 0.00344408 0.00152739
 0.00343577 0.00110931 0.00191763 0.00981705 0.03406147 0.00150881
 0.00139095 0.00178132 0.00713606 0.00150634 0.01025445 0.00170595
 0.00208877 0.00132543 0.00139262 0.00112154 0.00091644 0.00152426
 0.00168762 0.00116267 0.00119251 0.001376   0.00122536 0.00168233
 0.00210293 0.00110659 0.00605169 0.00184415 0.00188503 0.00148918
 0.00100838 0.00150879 0.00179472 0.00251222 0.00185437 0.00191828
 0.00161854 0.00177147 0.00091199 0.00185823 0.00148088 0.0011437
 0.00244145 0.00208971 0.00164918 0.00171428 0.00153579 0.00181525
 0.00123724 0.00305844 0.00164495 0.00513155 0.00326193 0.00339303
 0.00118108 0.00170159 0.09155409 0.00400433 0.001762   0.00145669
 0.00129429 0.00188811 0.00121648 0.00150955 0.00115905 0.00109762
 0.0016246  0.00346908 0.00160341 0.00412304 0.00110726 0.00109639
 0.00103597 0.0013393  0.00159684 0.00069259 0.0015262  0.0031823
 0.00457843 0.00200786 0.00376458 0.00158602 0.00142508 0.00112349
 0.00111638 0.00473563 0.00176049 0.00116189 0.001417   0.00300502
 0.0021778  0.00165029 0.00171096 0.00146559 0.0026112  0.00310722
 0.00083003 0.00287853 0.00198656 0.00217792 0.00263689 0.00092711
 0.00114236 0.00155014 0.00089672 0.00179237 0.00146531 0.00118862
 0.00091917 0.00078786 0.00145168 0.00139971 0.0009448  0.00171088
 0.00384047 0.0057886  0.00224386 0.00292106 0.00148868 0.00102166
 0.0022594  0.00111529 0.0009687  0.00453864 0.00284133 0.0021847
 0.00933996 0.00125692 0.00153366 0.00110264 0.00106377 0.00224138
 0.00234672 0.00125135 0.00233697 0.00355396 0.00121581 0.00290777
 0.00141303 0.00174963 0.00092804 0.00092222 0.00171274 0.00113276
 0.0016216  0.00100213 0.00179532 0.00082453 0.00181325 0.00196304
 0.00177109 0.00165247 0.00118544 0.0016179  0.0012326  0.00104791
 0.00092584 0.00362446 0.00154171 0.00109397 0.0035368  0.00155199
 0.00160841 0.00167234 0.00105888 0.00287912 0.00087854 0.00180605
 0.00468471 0.00159548 0.00212129 0.01101415 0.00124647 0.00376783
 0.00395199 0.00177142 0.00312677 0.00423871 0.00079627 0.00781636
 0.00155874 0.0015277  0.00138567 0.00126526 0.00153482 0.00161072
 0.00150851 0.00113342 0.0015078  0.00159338 0.00159703 0.00199154
 0.00094895 0.00106931 0.00191561 0.00086764 0.00083504 0.00125561
 0.00165299 0.00326857 0.00088396 0.00132498 0.00424741 0.00281132
 0.0010881  0.00143959 0.001258   0.00115237 0.00190748 0.00089786
 0.00266944 0.00123253 0.00162831 0.00158755 0.00100414 0.00118911
 0.00203304 0.00870738 0.00144162]"
78,20241209,7.633257674312749,"[0.00186318 0.00173201 0.00099086 0.00087052 0.00144651 0.00437756
 0.00109976 0.00257933 0.00166722 0.00172271 0.0019606  0.00098592
 0.00177327 0.00183936 0.00197343 0.00210258 0.00091849 0.0009654
 0.00098625 0.00084846 0.00227211 0.00177977 0.00178843 0.00279385
 0.00158665 0.00095668 0.0012445  0.00097865 0.00180532 0.00177817
 0.00179554 0.00166325 0.00185648 0.00191083 0.00161819 0.00195761
 0.00147101 0.00273192 0.0018312  0.00195471 0.00177149 0.0009961
 0.00143638 0.00167719 0.00090122 0.00190097 0.00083388 0.00148079
 0.00186556 0.00117275 0.01745707 0.00130865 0.0014171  0.00133456
 0.00266543 0.00438527 0.00091228 0.00169061 0.00101386 0.00197257
 0.0009421  0.00513765 0.00209886 0.00084969 0.00194109 0.0017665
 0.00186321 0.0009932  0.00143619 0.00105774 0.00097005 0.00674199
 0.0018696  0.00083919 0.00091316 0.00161474 0.00163368 0.00167789
 0.00098598 0.00151683 0.00249505 0.00166932 0.00197614 0.00131978
 0.00100195 0.00187203 0.00241284 0.00982165 0.0010025  0.00172259
 0.00099141 0.00127185 0.00162679 0.00208498 0.0016135  0.00152041
 0.00095196 0.00134928 0.00109854 0.00261459 0.00096365 0.00204247
 0.00194046 0.00197052 0.00214402 0.0009668  0.00146604 0.00238461
 0.00387178 0.00135487 0.00532931 0.00121128 0.00094321 0.00197189
 0.00185763 0.00166552 0.00186696 0.00166554 0.00144067 0.0009969
 0.00157055 0.00092551 0.00090704 0.00088815 0.00116783 0.0039081
 0.00289326 0.00687197 0.00121153 0.00171656 0.00110801 0.00106402
 0.00185363 0.00294294 0.00611626 0.001222   0.00128205 0.00240796
 0.00146756 0.00095304 0.00169088 0.00130914 0.00123902 0.00098472
 0.00227576 0.00092524 0.00165068 0.00100327 0.00178996 0.00223821
 0.00175463 0.00086778 0.00213399 0.0074339  0.0014929  0.00095365
 0.00223291 0.00093126 0.00112193 0.00095089 0.00173693 0.00101139
 0.00178155 0.0009319  0.00190017 0.00188971 0.00103914 0.00175228
 0.00112186 0.00245095 0.00482308 0.00099596 0.00189576 0.00178666
 0.00126675 0.00149804 0.00180489 0.00147552 0.00093821 0.0016363
 0.0012247  0.00163177 0.00089941 0.00118648 0.00165742 0.00144829
 0.00152294 0.00204466 0.00179026 0.00095737 0.0011156  0.00176604
 0.00186702 0.00217782 0.00131559 0.00147119 0.00121048 0.00173346
 0.00422914 0.00094263 0.00195369 0.00474956 0.00242048 0.00403057
 0.00127178 0.00130739 0.00476554 0.00176509 0.00123644 0.00305786
 0.00195395 0.00088292 0.00098019 0.00098921 0.00091782 0.00202837
 0.00184501 0.00130299 0.00095741 0.00112001 0.0010362  0.00192971
 0.00095248 0.00096109 0.00192065 0.00183874 0.00167304 0.01646213
 0.00147424 0.00185059 0.00106505 0.00110153 0.00245291 0.00214094
 0.00171353 0.00094641 0.0009499  0.00200061 0.00125028 0.00104279
 0.00167618 0.00182114 0.00171767 0.00203986 0.00176443 0.00187294
 0.00096741 0.00215405 0.00164135 0.0041492  0.00152518 0.00194134
 0.00083801 0.00260674 0.00168755 0.00183681 0.00192379 0.00184123
 0.000925   0.00105177 0.00085163 0.00176755 0.0014231  0.00100443
 0.00109355 0.00403819 0.0017546  0.00222047 0.0013451  0.00100151
 0.00078225 0.00156596 0.00116431 0.00147424 0.00214254 0.00181471
 0.00646446 0.00649881 0.00192702 0.00115247 0.00112971 0.00240295
 0.00103261 0.00252128 0.00180412 0.00194858 0.00109118 0.00154802
 0.0034014  0.0020606  0.00185582 0.00170977 0.0010734  0.00138864
 0.00106158 0.00161356 0.00289439 0.0010653  0.00185949 0.00099227
 0.00089459 0.00298449 0.00102031 0.00191665 0.00173444 0.00098012
 0.00092959 0.00125372 0.00194077 0.00140562 0.00094866 0.00210004
 0.00226871 0.03416211 0.00087934 0.00362232 0.00189133 0.00092469
 0.00103511 0.00202235 0.0098707  0.0014394  0.00177077 0.00147043
 0.00140806 0.00112288 0.00214198 0.00089229 0.00135978 0.00103962
 0.00668788 0.00076058 0.00196741 0.02050598 0.00102268 0.00125268
 0.00179648 0.00190328 0.00097295 0.0010249  0.00164327 0.00261368
 0.0018218  0.0009269  0.00181959 0.00104952 0.00162918 0.00210475
 0.00191794 0.00185995 0.00162675 0.0015157  0.00092595 0.00236162
 0.00105789 0.00183371 0.0021713  0.00105564 0.00183242 0.00111146
 0.00177944 0.00178329 0.00085663 0.00221354 0.00149633 0.00470615
 0.00178606 0.00177285 0.00210096 0.12044524 0.00091317 0.00662754
 0.00371628 0.0014244  0.0025188  0.05522075 0.00144226 0.0019337
 0.0018755  0.00112435 0.00116724 0.00156316 0.00190645 0.00139655
 0.00206056 0.00092523 0.00181134 0.00177383 0.00110363 0.00266842
 0.00084798 0.0022177  0.00171624 0.00098042 0.00107307 0.00095347
 0.00156205 0.00280074 0.00114914 0.00144776 0.00169304 0.00168245
 0.00095708 0.00111007 0.00087591 0.00077318 0.00185854 0.00095031
 0.00102952 0.00096298 0.0027042  0.00179333 0.00101001 0.00098358
 0.00173556 0.00101258 0.00219782]"
79,20241112,7.562359563509578,"[0.00329318 0.00266493 0.00127052 0.00111481 0.00165052 0.00129127
 0.00093628 0.00715612 0.00135043 0.00440787 0.00144792 0.00106583
 0.00144985 0.0018906  0.00066971 0.00141329 0.0011634  0.00150148
 0.00111647 0.00107735 0.00197785 0.00172806 0.00148373 0.0013205
 0.00278446 0.00125216 0.00183541 0.00156425 0.00136964 0.00130707
 0.00203554 0.00153006 0.00204902 0.00456403 0.00262457 0.00166484
 0.00249216 0.00227693 0.00196595 0.00195138 0.00208285 0.00121276
 0.00302421 0.00189223 0.0012949  0.00177321 0.00105748 0.00297241
 0.00182425 0.00143258 0.0059684  0.00228924 0.00185734 0.0021598
 0.00141318 0.00499525 0.00117499 0.00346776 0.00095067 0.01017825
 0.00105681 0.00413252 0.00130913 0.00133318 0.00193138 0.00251844
 0.0013949  0.00128184 0.0026091  0.00134708 0.00123555 0.01074143
 0.00202827 0.00106429 0.00128085 0.00620609 0.00111104 0.00084871
 0.00116689 0.00125475 0.00324643 0.00100959 0.00224947 0.00106251
 0.00118454 0.00191426 0.00105036 0.01469735 0.00161286 0.00143514
 0.00154764 0.00127562 0.00306151 0.00178819 0.00195407 0.0050491
 0.0011269  0.00135428 0.00198704 0.00118842 0.00201321 0.00205797
 0.00150621 0.00164892 0.00180083 0.00142539 0.0023306  0.00318599
 0.00347459 0.00094675 0.00272215 0.00251601 0.00122152 0.00177629
 0.0019291  0.00157793 0.00215718 0.00218341 0.00123408 0.00135031
 0.00102536 0.00124744 0.00119378 0.00185322 0.00335875 0.00755941
 0.00215507 0.007852   0.002476   0.0021302  0.00115079 0.00191093
 0.00144103 0.00094865 0.01374389 0.00208182 0.00251928 0.00324419
 0.00439976 0.00106453 0.00176594 0.00149552 0.0015567  0.00137595
 0.0015993  0.00136443 0.0039186  0.00180431 0.00172175 0.01509651
 0.00294491 0.00146126 0.00169258 0.00230553 0.00191029 0.005318
 0.00170273 0.00115041 0.00104912 0.00147089 0.00200617 0.00137888
 0.00197923 0.00117788 0.00186863 0.00140561 0.0010738  0.00171075
 0.0021801  0.00087229 0.00516647 0.00116032 0.00146004 0.00598861
 0.00367825 0.0046949  0.0015538  0.00183237 0.00104953 0.00171412
 0.00253438 0.00682539 0.0012818  0.00227391 0.00210207 0.00377814
 0.00778053 0.00194885 0.00182715 0.00125546 0.00090662 0.00195009
 0.00180853 0.0008219  0.00222878 0.0042634  0.00142279 0.00189448
 0.00191224 0.00127754 0.00248784 0.00089202 0.00181656 0.00156529
 0.00207089 0.00215447 0.00541276 0.00168972 0.0019733  0.00210493
 0.00108574 0.00115344 0.00118157 0.00118616 0.00112493 0.00197314
 0.00206635 0.00389263 0.00116556 0.00104683 0.00112215 0.0019586
 0.00136676 0.00111181 0.00149957 0.00192155 0.00192621 0.01119142
 0.00151685 0.00270362 0.00107391 0.00308067 0.0026898  0.0020218
 0.00164998 0.00304105 0.00105778 0.00199502 0.00215973 0.00124953
 0.00164638 0.002014   0.00203006 0.00204807 0.00176    0.00195075
 0.00154386 0.00157017 0.00191443 0.00154356 0.00166475 0.00156531
 0.00176615 0.00561725 0.002345   0.00151522 0.00188308 0.0016711
 0.00113797 0.00445566 0.00118283 0.00240979 0.00346302 0.00116889
 0.00145096 0.00150006 0.00203187 0.00162926 0.00144274 0.00113192
 0.0008472  0.00545642 0.00133351 0.00156049 0.00197786 0.00229104
 0.00250006 0.00293361 0.00119422 0.00331259 0.00241991 0.00305356
 0.00118195 0.0013008  0.00167285 0.00273571 0.00102481 0.00119383
 0.00257829 0.00174786 0.00210598 0.00114356 0.00099333 0.00136053
 0.00130884 0.00134157 0.00100992 0.00098435 0.00124615 0.00100941
 0.00120342 0.00097887 0.00102875 0.00214349 0.00176482 0.00131834
 0.00112595 0.00125163 0.00307846 0.00232902 0.00107242 0.00275648
 0.00193356 0.01170146 0.00352959 0.00071403 0.00260151 0.00118488
 0.00097165 0.00104479 0.00170701 0.00167136 0.00185873 0.00098129
 0.0078432  0.0011352  0.00139252 0.00113494 0.00146745 0.0011632
 0.00212587 0.00144847 0.00127208 0.03876471 0.00152383 0.00244622
 0.00184833 0.00197922 0.00114127 0.00139531 0.00201774 0.00351062
 0.00160585 0.00114399 0.0007902  0.0013281  0.00211245 0.00206786
 0.00201836 0.00211041 0.00384294 0.00193857 0.00112441 0.00179235
 0.00351688 0.0016703  0.00176113 0.00139794 0.00154325 0.00095089
 0.00208978 0.00188863 0.0012651  0.00133762 0.00379846 0.00309746
 0.00126884 0.00171928 0.00120521 0.05015314 0.0015194  0.00225737
 0.00155332 0.00849005 0.00253573 0.00149222 0.00144572 0.00157167
 0.00183842 0.00202486 0.00240953 0.00139585 0.00176968 0.00195134
 0.00236534 0.00109369 0.00205411 0.00174325 0.00183176 0.00861837
 0.00279687 0.00282591 0.00181839 0.00130628 0.00129308 0.00123583
 0.00107839 0.00213935 0.00131028 0.00652552 0.00305851 0.0008095
 0.00101329 0.00184657 0.00134458 0.00112392 0.00212245 0.00120934
 0.00154346 0.00145488 0.00168624 0.0018618  0.00117169 0.00129771
 0.00182238 0.00414423 0.00229674]"
80,20241114,7.818097647631865,"[0.00095783 0.00078778 0.00111895 0.00133885 0.00278755 0.00118272
 0.00100647 0.00346904 0.00106647 0.00097492 0.00071585 0.0014248
 0.00053718 0.00246217 0.0006498  0.01862258 0.00111714 0.00121536
 0.00110602 0.00106162 0.00291151 0.00261578 0.00225801 0.00322533
 0.00187322 0.00123499 0.00206315 0.00132012 0.00059946 0.00054719
 0.00249857 0.00193712 0.00175472 0.00715316 0.00040998 0.00060626
 0.00294063 0.00234909 0.00273259 0.00251414 0.00256023 0.00098281
 0.00150322 0.00261192 0.00126895 0.00225332 0.00113268 0.00093194
 0.0025929  0.00098464 0.00377891 0.00166676 0.00180224 0.00194271
 0.00251139 0.00123188 0.00198555 0.0015867  0.00100754 0.0025007
 0.00106785 0.00168359 0.0009723  0.00095812 0.00259882 0.00257083
 0.0012903  0.00117692 0.00119801 0.00099712 0.0011605  0.00167792
 0.0023926  0.00140196 0.00105046 0.00095171 0.00084233 0.00225635
 0.00139934 0.00109948 0.00072441 0.00088144 0.0023172  0.00325804
 0.00116282 0.00267279 0.00200936 0.00168545 0.00191639 0.00241507
 0.00094726 0.00180226 0.00183696 0.00274704 0.00375657 0.00279625
 0.00144057 0.000904   0.00131862 0.00210192 0.00077914 0.00228298
 0.00235649 0.00164072 0.00253519 0.00098757 0.00222546 0.00081592
 0.00075413 0.00406607 0.0021489  0.00350487 0.00107541 0.00392168
 0.00279919 0.00230779 0.00252932 0.0026253  0.0015562  0.00123482
 0.00282655 0.00173563 0.00136745 0.00193203 0.0007653  0.00261462
 0.00263167 0.00424318 0.0012024  0.00086989 0.0033238  0.00273203
 0.00075994 0.00038752 0.0117884  0.0011103  0.00120943 0.00081211
 0.00076468 0.00105109 0.00267316 0.00224203 0.00106053 0.00105582
 0.00067847 0.00125134 0.00521712 0.00175604 0.0025676  0.00236883
 0.00201622 0.00113645 0.00166446 0.00134603 0.00093459 0.00081119
 0.0024582  0.00146983 0.00133381 0.00147205 0.00258449 0.00227302
 0.00266499 0.00144772 0.00462231 0.00102454 0.00360166 0.00239273
 0.00098078 0.00055843 0.0010305  0.0010799  0.00177658 0.00209447
 0.00136924 0.00143085 0.00251489 0.00127438 0.00134453 0.00230071
 0.00155264 0.00759711 0.0012542  0.00587136 0.00421147 0.0035156
 0.00436424 0.00458395 0.00242738 0.00129385 0.00201035 0.00252178
 0.00244505 0.00077988 0.0012319  0.00173853 0.00104153 0.0025934
 0.00235827 0.00152552 0.00074891 0.00099855 0.00444682 0.00094415
 0.00099163 0.00115823 0.00197769 0.00218401 0.00281741 0.0023849
 0.00048196 0.0011588  0.00112969 0.00131695 0.00145753 0.00271028
 0.00244677 0.00339603 0.00137724 0.00113881 0.00109167 0.00267975
 0.00100659 0.00147362 0.00069746 0.00245731 0.00238371 0.00090244
 0.00213908 0.00238781 0.0011199  0.00454536 0.00113548 0.00273628
 0.00234158 0.00392095 0.00102432 0.00245878 0.00164297 0.0012779
 0.00122708 0.00247376 0.00245285 0.00244031 0.00260511 0.0025155
 0.00127166 0.00063567 0.00254626 0.00261338 0.00051906 0.00065376
 0.00123738 0.0026612  0.00439053 0.00100873 0.00249175 0.00274862
 0.0012286  0.0012061  0.001109   0.00252529 0.00888617 0.00120235
 0.00124292 0.0016306  0.00246278 0.00057135 0.00940555 0.00122792
 0.00087374 0.00868419 0.00102453 0.00189764 0.00257568 0.00082501
 0.00608665 0.00243509 0.00071188 0.0025201  0.00166593 0.00175366
 0.00127767 0.00071654 0.00239224 0.00128529 0.00129461 0.00065476
 0.00301999 0.00260368 0.00251257 0.00100412 0.00134157 0.00088156
 0.0010605  0.00060586 0.00259662 0.00118576 0.00068705 0.00095622
 0.00120534 0.00142648 0.00090273 0.00242084 0.00264705 0.00115499
 0.00160502 0.00114506 0.00154593 0.00114575 0.00102961 0.00062269
 0.00602477 0.01018509 0.00116734 0.00080772 0.0013681  0.00147502
 0.00136253 0.00092596 0.00195756 0.00396536 0.0007297  0.00053767
 0.01028656 0.0015601  0.00247631 0.00117335 0.00213867 0.00123047
 0.00124254 0.00150571 0.00071844 0.01772995 0.00104184 0.00104833
 0.0025499  0.00242319 0.00113008 0.00111011 0.00270013 0.00511493
 0.00243853 0.00135748 0.00061815 0.0010356  0.00258285 0.00232199
 0.00371156 0.0027526  0.00126317 0.00228137 0.0015775  0.00144425
 0.00066178 0.00060139 0.00281256 0.00175549 0.00084751 0.00129414
 0.0024738  0.00254181 0.00135684 0.00068012 0.0012862  0.00172775
 0.00047737 0.00247537 0.00108763 0.16337293 0.00131064 0.00295699
 0.0005943  0.00276353 0.0003495  0.00312953 0.00245467 0.00269324
 0.00264004 0.0013815  0.0012118  0.00129765 0.00334333 0.00202863
 0.00306443 0.00117678 0.00263092 0.00271375 0.00106362 0.00057575
 0.00116966 0.00095325 0.00236359 0.00158075 0.00102803 0.00117308
 0.00084745 0.00035057 0.00102558 0.00243292 0.0034097  0.0007522
 0.00126228 0.00107349 0.00099718 0.0011718  0.00271451 0.00109943
 0.00124755 0.00107824 0.00065199 0.00232481 0.0011629  0.00130516
 0.0023684  0.00089719 0.00329012]"
81,20240916,6.6327073137876775,"[0.00473236 0.00128369 0.0016697  0.00153269 0.00291157 0.00101177
 0.00158098 0.00327522 0.0010607  0.00125664 0.00129044 0.00172262
 0.0019707  0.00148144 0.00093199 0.00101398 0.00156915 0.00162568
 0.00164956 0.00200983 0.00178768 0.00158353 0.00139428 0.00057634
 0.00205342 0.00165092 0.00230526 0.00188444 0.00137173 0.00156469
 0.00180419 0.00228052 0.00206573 0.00199262 0.00063882 0.00146081
 0.00208734 0.0011851  0.00158068 0.00188659 0.00161875 0.002281
 0.00155413 0.00155967 0.00170143 0.00149135 0.00145498 0.00159398
 0.00172476 0.00119487 0.00487895 0.00361593 0.00218413 0.00581719
 0.00151215 0.00960054 0.00142861 0.0060146  0.00205803 0.00155556
 0.00178962 0.00111736 0.00216008 0.00183825 0.00161199 0.00158858
 0.00114033 0.00166603 0.00138699 0.00147458 0.00155097 0.00597525
 0.00174208 0.0017011  0.00157557 0.00207147 0.00092613 0.0009449
 0.0017173  0.0015725  0.00172033 0.00114386 0.00164784 0.00295089
 0.0011935  0.00168692 0.00143817 0.0443205  0.00409984 0.00154323
 0.00106207 0.00208368 0.00352168 0.00189037 0.00346851 0.00390048
 0.0017898  0.00177218 0.00233646 0.00129206 0.00384167 0.00180393
 0.00252941 0.00194162 0.00161815 0.00146721 0.00156345 0.00115688
 0.00134415 0.00357039 0.00140154 0.00148741 0.00189456 0.0044704
 0.00161973 0.00134597 0.00135836 0.00157627 0.0015611  0.00158337
 0.00631283 0.00166249 0.00172474 0.00395499 0.00514126 0.00059569
 0.0015382  0.00151166 0.00189883 0.00180066 0.00246424 0.00173032
 0.00157011 0.00091804 0.00318    0.00110016 0.00406661 0.00169001
 0.00264402 0.00147984 0.00155514 0.00173156 0.00178979 0.00162513
 0.00089392 0.00174383 0.00242376 0.00357718 0.00156651 0.00328556
 0.00343366 0.00192154 0.00166251 0.00361977 0.00145637 0.00122977
 0.00186473 0.00168493 0.0015249  0.00184614 0.00164266 0.0016716
 0.00179043 0.00153891 0.00174544 0.0022889  0.00155713 0.00136175
 0.00066436 0.00139382 0.00459606 0.00326898 0.00264415 0.00315829
 0.00266852 0.00143118 0.0015046  0.00299903 0.0025538  0.00149808
 0.00250396 0.00190919 0.00151158 0.00094414 0.00154645 0.00117568
 0.00133406 0.0020779  0.00164276 0.00135838 0.00426823 0.00163459
 0.00198707 0.0018221  0.00183637 0.00508497 0.0012932  0.00172985
 0.00171989 0.00170971 0.00063675 0.00523076 0.05060136 0.01055251
 0.00134896 0.00326647 0.00937159 0.00159296 0.00269786 0.00152985
 0.00122551 0.00159373 0.00182952 0.00176147 0.00140963 0.00134732
 0.00169674 0.00224532 0.00166464 0.00157585 0.00194413 0.00173204
 0.00116112 0.00179501 0.00121023 0.00166348 0.00158736 0.00329519
 0.0021623  0.00156512 0.00204589 0.00281556 0.00263071 0.00183705
 0.00155468 0.00165968 0.00144618 0.00183594 0.0026002  0.00159813
 0.00111445 0.00183153 0.00161046 0.00155945 0.00159768 0.00165032
 0.00192952 0.00159131 0.00164684 0.00295451 0.00405502 0.00115717
 0.00173321 0.00160009 0.00124011 0.00177337 0.00156108 0.00156543
 0.00154725 0.00172252 0.00177939 0.00158782 0.00103207 0.00166293
 0.00228889 0.00184506 0.00162848 0.0012163  0.00234762 0.0014313
 0.00220824 0.00295251 0.00105081 0.0027637  0.00158433 0.00113062
 0.00185968 0.00465663 0.00206129 0.00460584 0.00137318 0.00133978
 0.00165111 0.00120597 0.00142138 0.00221389 0.00164385 0.00088453
 0.00160177 0.0017543  0.00158291 0.00101939 0.00202071 0.00209599
 0.00152979 0.00172417 0.00074814 0.00189016 0.00095302 0.00144149
 0.00156542 0.00227254 0.00160911 0.00137442 0.00169614 0.00172292
 0.00172847 0.0018488  0.00175584 0.00275323 0.00147894 0.00235768
 0.00555384 0.00509882 0.00143287 0.00125404 0.00198897 0.00152358
 0.00169979 0.00145889 0.00154478 0.01120499 0.00150006 0.00238867
 0.00162462 0.00259648 0.00156967 0.00150583 0.00376401 0.00187757
 0.01101925 0.00151385 0.00241973 0.00545215 0.00171294 0.0033234
 0.00156248 0.00158654 0.0013677  0.00152148 0.00274025 0.002692
 0.00152651 0.00191311 0.0033837  0.00211746 0.0018028  0.00149834
 0.00168818 0.00173274 0.00293952 0.00157937 0.00232046 0.0014877
 0.00175079 0.00121648 0.00155937 0.0091888  0.00111069 0.00173403
 0.0015668  0.00156396 0.00153187 0.00136463 0.00774644 0.00153909
 0.00100059 0.00155349 0.00205854 0.0143249  0.00188667 0.003849
 0.0005632  0.0079104  0.00161308 0.01486838 0.00260915 0.00152691
 0.00153051 0.00177984 0.0019168  0.00118526 0.00157003 0.00163497
 0.00184466 0.00160919 0.00144479 0.00174589 0.00198802 0.00937331
 0.00607675 0.00179228 0.00186756 0.00146394 0.00142153 0.00161736
 0.00146844 0.00124269 0.0016306  0.00168291 0.00661581 0.00103765
 0.00163438 0.00135015 0.00162138 0.00191837 0.00150895 0.00141501
 0.00129709 0.00147772 0.00199738 0.00257095 0.00168108 0.00168435
 0.00164794 0.00121822 0.00298299]"
82,20241007,6.160621803714203,"[0.00626122 0.00361228 0.00135734 0.00118948 0.00318728 0.00172159
 0.00121048 0.00240894 0.00354835 0.00882752 0.00347242 0.00125932
 0.00143909 0.00177662 0.00289935 0.00260935 0.00122561 0.00124562
 0.00120571 0.00112233 0.00180598 0.00167155 0.00190775 0.00148469
 0.00268769 0.00129377 0.00119529 0.0015575  0.00158499 0.0016446
 0.00159952 0.00324596 0.00133892 0.00523227 0.00122391 0.00174953
 0.00174191 0.0026474  0.00192796 0.0018072  0.00188699 0.00176694
 0.00474871 0.0016225  0.00125272 0.00219691 0.0011091  0.00093676
 0.0018746  0.00143307 0.01070825 0.00139517 0.00355544 0.00477628
 0.00184004 0.00282088 0.00128919 0.00173109 0.00202092 0.00517313
 0.00134048 0.00207647 0.00227743 0.00118012 0.00187362 0.00267175
 0.00122321 0.00124745 0.00195026 0.0010182  0.00127702 0.01001294
 0.00180662 0.00117431 0.00114465 0.00145844 0.0017535  0.00095247
 0.00125483 0.0014105  0.00285107 0.00192822 0.00171797 0.00185817
 0.00113721 0.00173833 0.00192565 0.00603251 0.0012362  0.00164545
 0.00119922 0.00899408 0.00144706 0.00197174 0.00221466 0.00124504
 0.00130953 0.00150601 0.00308779 0.00120924 0.0014185  0.00163107
 0.00173755 0.00201966 0.00161174 0.00154244 0.00167852 0.00203288
 0.00152112 0.00291948 0.00170969 0.00257912 0.00117783 0.00257125
 0.00180731 0.0014822  0.00163924 0.00179556 0.0015525  0.0013282
 0.00277458 0.00135018 0.00123189 0.00301879 0.00213812 0.00135244
 0.00159498 0.00158906 0.00378139 0.00085469 0.00319524 0.00136959
 0.00200145 0.00209743 0.004666   0.00163856 0.00159237 0.00130048
 0.00251064 0.00120909 0.00162068 0.00134028 0.00106191 0.00107323
 0.00351764 0.00144767 0.00123543 0.00145443 0.00177794 0.02852172
 0.00243275 0.00134816 0.00259777 0.00717832 0.002843   0.00295583
 0.00175467 0.00124185 0.00130097 0.00156832 0.00166485 0.0011006
 0.0019829  0.00131025 0.00176067 0.00165674 0.00252339 0.00163702
 0.00094197 0.00178483 0.0223987  0.00125684 0.00205259 0.00152505
 0.00125256 0.00255551 0.0015515  0.00173777 0.00155797 0.00181512
 0.00164144 0.00189712 0.00115345 0.00149215 0.0029658  0.01128539
 0.00184657 0.00152864 0.00166859 0.00122624 0.00269392 0.00179443
 0.0023259  0.00161038 0.00170951 0.0014562  0.00125729 0.00168502
 0.00150664 0.00131996 0.00355651 0.00253336 0.00394615 0.00505876
 0.00186588 0.00476251 0.0042133  0.00144685 0.00198393 0.00164762
 0.00195677 0.0014208  0.00127974 0.00121391 0.00151035 0.00156713
 0.00173934 0.0018648  0.00123694 0.00388315 0.00239927 0.00177246
 0.00137663 0.00122242 0.0013163  0.0016913  0.0017488  0.00177766
 0.0027621  0.00309356 0.00228478 0.0063127  0.00266363 0.00200731
 0.00171703 0.0018889  0.00111807 0.00180118 0.00224113 0.00119871
 0.00106776 0.00176291 0.00169238 0.00172295 0.00243948 0.00171901
 0.00156065 0.00188847 0.00170549 0.00204149 0.00148064 0.00199827
 0.00131421 0.00179324 0.00386303 0.00207354 0.00173403 0.00154062
 0.0013802  0.00174448 0.00144426 0.00167144 0.00105804 0.00124198
 0.00362203 0.00218481 0.00157042 0.00221753 0.00159194 0.00124393
 0.00123925 0.00133927 0.00177783 0.00283609 0.00166051 0.00210689
 0.00143711 0.00368657 0.00270275 0.00137146 0.00441051 0.00144989
 0.00119341 0.00223634 0.00160489 0.00275918 0.00131623 0.00301654
 0.00215266 0.00173477 0.00168482 0.00310166 0.00230673 0.00184183
 0.00106964 0.00135176 0.00141877 0.00234541 0.0030867  0.00116483
 0.00124403 0.00261766 0.00117323 0.00169043 0.00174167 0.00118352
 0.00134532 0.00112632 0.00101977 0.00129845 0.00122495 0.00210458
 0.00319585 0.00211388 0.0019997  0.00161218 0.00124148 0.00120917
 0.00251714 0.00233218 0.00234868 0.00166853 0.00180834 0.00170427
 0.00550313 0.00101942 0.00155238 0.00119161 0.00767466 0.00512722
 0.02029271 0.00189368 0.00168332 0.0122187  0.00128001 0.00197138
 0.00169219 0.00203226 0.00123529 0.00104143 0.00158996 0.00133663
 0.00153375 0.00126119 0.00235558 0.00107155 0.0018893  0.00163046
 0.00170198 0.00174149 0.00121195 0.00164362 0.00137819 0.00117456
 0.00313212 0.00141766 0.00155586 0.00137048 0.00108035 0.00203049
 0.00177681 0.0017848  0.00114925 0.00225398 0.00334426 0.00255576
 0.00310483 0.00164157 0.00227788 0.04431064 0.00156003 0.00231015
 0.00231692 0.00150705 0.00099014 0.00640472 0.00268362 0.00195508
 0.00172719 0.00350074 0.00269687 0.00124459 0.00159208 0.0042648
 0.00176408 0.00127977 0.00172509 0.00160247 0.00668012 0.00702385
 0.00128385 0.00153868 0.00193926 0.00100631 0.00093771 0.00126265
 0.00212032 0.00098274 0.00100689 0.00944762 0.00183411 0.00202213
 0.00121006 0.00119826 0.00120573 0.00129277 0.00171042 0.00116465
 0.00120213 0.00115677 0.00962145 0.00181394 0.00133755 0.00131026
 0.00172314 0.00133857 0.00655649]"
83,20241226,9.391968939284261,"[0.00308854 0.00140877 0.00104925 0.00086331 0.00231501 0.00174761
 0.00094082 0.00557859 0.00071473 0.00131058 0.00155381 0.00085534
 0.00110813 0.002079   0.00117627 0.03511284 0.00086141 0.00091481
 0.00088388 0.00107642 0.00203783 0.00208476 0.00210776 0.00173466
 0.00158063 0.00092083 0.00169025 0.00098057 0.00106361 0.00151782
 0.00193262 0.00130989 0.00089059 0.0033104  0.00086058 0.00099887
 0.00232829 0.00141338 0.00200428 0.00208732 0.00200483 0.00164873
 0.00180823 0.00211922 0.00093014 0.00243899 0.00090452 0.00148228
 0.0020808  0.00068231 0.04038187 0.00078763 0.00086735 0.00197866
 0.00155276 0.00591142 0.00090152 0.0018402  0.00104073 0.08125997
 0.00090247 0.00557804 0.00098097 0.00094897 0.00198265 0.00190941
 0.00076545 0.00087234 0.00126886 0.00077659 0.00097654 0.00138454
 0.00210215 0.00092286 0.00087183 0.00114765 0.00117901 0.00369583
 0.00086566 0.00095465 0.00196202 0.00143095 0.0019887  0.00191242
 0.00095101 0.00205419 0.00157323 0.00737599 0.0008228  0.00202508
 0.00087062 0.00170998 0.0010514  0.0019691  0.00279009 0.00347408
 0.00086191 0.00182066 0.00199994 0.02159648 0.00346426 0.00204945
 0.00110274 0.00077074 0.00206998 0.00106065 0.00096326 0.00097523
 0.000741   0.00394832 0.00218938 0.00157036 0.00095521 0.00361055
 0.00204159 0.00136812 0.00195488 0.00208482 0.00103566 0.00093988
 0.00114248 0.00086776 0.00087888 0.00209846 0.00250165 0.00383226
 0.00196872 0.00089756 0.00216379 0.00130183 0.00182118 0.00184361
 0.00100111 0.00198546 0.0095248  0.00201929 0.00087538 0.00081116
 0.00167347 0.00084766 0.00203549 0.00153734 0.00103112 0.00077142
 0.00209006 0.00098109 0.00396883 0.00086548 0.00200273 0.00194103
 0.00080048 0.00097556 0.00167434 0.00328679 0.00132957 0.00145457
 0.00207729 0.00086775 0.00086294 0.00089759 0.00218866 0.00076919
 0.00203723 0.00086355 0.00205436 0.00106256 0.00191859 0.00209465
 0.00521872 0.00110225 0.00261959 0.00111718 0.00175645 0.00071665
 0.00094397 0.0017377  0.0020248  0.00161373 0.00091655 0.00202703
 0.00132935 0.0041056  0.00089222 0.00083783 0.00215505 0.00145103
 0.00176142 0.00206495 0.00221168 0.0008942  0.00509695 0.00211439
 0.00200342 0.00102031 0.00142155 0.00095037 0.00078686 0.00215332
 0.00199078 0.00088446 0.00203632 0.00113447 0.02731337 0.00482534
 0.00179724 0.00218967 0.00424343 0.00203071 0.00143666 0.0019748
 0.00081902 0.00091861 0.00093314 0.00086208 0.00087864 0.00202699
 0.0020732  0.00287709 0.00088857 0.00104683 0.00091951 0.0019848
 0.0010992  0.00090436 0.00087462 0.00207459 0.00206752 0.00085352
 0.00185905 0.00190965 0.00097758 0.00238599 0.00094008 0.00205122
 0.00209765 0.00217521 0.00086064 0.00199709 0.00069348 0.00098119
 0.00078264 0.00208987 0.00197937 0.00204504 0.00205535 0.00206314
 0.00097657 0.00097735 0.002052   0.00210096 0.00098958 0.00107439
 0.00087036 0.00204309 0.00645218 0.00109901 0.00202267 0.00218935
 0.00085481 0.00169261 0.0009177  0.00201149 0.00133603 0.00087304
 0.00101321 0.00178731 0.00213611 0.00102064 0.0021383  0.00086324
 0.00087962 0.00287736 0.00070679 0.0014633  0.00203663 0.00104051
 0.00185377 0.00232338 0.00108773 0.00079881 0.00225491 0.00080409
 0.0008739  0.00088771 0.00205528 0.00157937 0.00091324 0.00182105
 0.00274731 0.00200139 0.00202224 0.0009795  0.00098942 0.00101532
 0.00077383 0.00112899 0.00085201 0.00089819 0.00144585 0.00086778
 0.00090872 0.00600022 0.00087664 0.00200566 0.00204615 0.00087815
 0.00084858 0.0008307  0.00114512 0.0007552  0.00084333 0.00304073
 0.00343345 0.0028226  0.00172208 0.00088632 0.00087834 0.00085964
 0.00096491 0.00096977 0.00162675 0.00193184 0.00124256 0.00118762
 0.0061503  0.00096931 0.00201284 0.00093895 0.00209322 0.00192802
 0.0081963  0.00114298 0.00113237 0.01827573 0.00091614 0.00520895
 0.00204506 0.00202763 0.00088523 0.00080685 0.00207097 0.00176875
 0.0020726  0.00090443 0.00089674 0.00077287 0.0020249  0.00196267
 0.00207782 0.0019795  0.00077826 0.00198622 0.00089487 0.00161004
 0.00139532 0.00092273 0.0020097  0.00124703 0.00228062 0.00101483
 0.002016   0.00211485 0.00087371 0.00121358 0.00729226 0.00163119
 0.0009658  0.00202932 0.00075969 0.06519754 0.00099158 0.00185585
 0.00085483 0.00978959 0.00138107 0.00557413 0.00129692 0.0024298
 0.00205019 0.00195265 0.00168654 0.0008491  0.0020119  0.00439529
 0.00205225 0.00090274 0.00201168 0.00199895 0.00178774 0.00076015
 0.00245218 0.00157717 0.00202096 0.00078369 0.00076979 0.00093
 0.00094642 0.0011104  0.00077637 0.00269624 0.00136059 0.00154723
 0.00086662 0.00111991 0.0009337  0.001052   0.00199288 0.00088406
 0.00084947 0.00088099 0.00204897 0.00192022 0.00132494 0.0009534
 0.00199954 0.00672398 0.00238916]"
84,20241212,7.720814713571001,"[0.00147669 0.00132907 0.00114544 0.00121781 0.00144806 0.0016837
 0.00122093 0.00178041 0.00136928 0.00181655 0.00047806 0.001225
 0.00103578 0.00217179 0.00232007 0.0072555  0.00121116 0.00111404
 0.00126796 0.00123613 0.00180344 0.00213347 0.00184846 0.00119574
 0.00314399 0.001204   0.00137765 0.00134054 0.00096379 0.00077335
 0.00199488 0.00184331 0.00086607 0.00136243 0.00132491 0.00150769
 0.00219005 0.00279734 0.00235945 0.00250834 0.00216043 0.00092098
 0.00246182 0.00225706 0.00118777 0.00191759 0.0011239  0.0048554
 0.00223721 0.0014908  0.00286773 0.00151234 0.00174152 0.00131541
 0.02391906 0.00433163 0.0012302  0.0008971  0.00141822 0.00307315
 0.00106604 0.00745824 0.00171459 0.0011529  0.00221817 0.0020791
 0.00132748 0.00120516 0.00095131 0.00132612 0.00120421 0.00804151
 0.0024427  0.0011577  0.00110943 0.00236312 0.00036996 0.00053144
 0.00123457 0.00122145 0.00444056 0.0004677  0.00200806 0.00102543
 0.00152398 0.00190351 0.00108476 0.03035159 0.0009432  0.00194826
 0.00140518 0.00699268 0.00136184 0.00217711 0.00176173 0.00151285
 0.00124001 0.00851731 0.00261513 0.00222439 0.00146048 0.00188525
 0.00144293 0.00092261 0.00216465 0.00097979 0.0011888  0.0004354
 0.00396628 0.00112845 0.00128763 0.00248715 0.00116469 0.00194207
 0.00221487 0.00193304 0.00203212 0.00215225 0.00233836 0.00120121
 0.00084383 0.00133361 0.00123907 0.0013599  0.00357857 0.00052997
 0.00194127 0.00086117 0.00138391 0.00241497 0.00144139 0.00258895
 0.00076813 0.01178129 0.00118844 0.00367864 0.00122076 0.00144389
 0.00353977 0.00118898 0.00221087 0.00188193 0.0010549  0.00122887
 0.00254905 0.00135928 0.00130315 0.00147572 0.00215538 0.00328961
 0.00126893 0.00126073 0.00158323 0.00539476 0.00102789 0.00154686
 0.00191715 0.00123944 0.00126457 0.00132105 0.00220151 0.00126243
 0.00217207 0.00123424 0.00227286 0.00084314 0.0013681  0.002012
 0.00178427 0.00119514 0.00419323 0.00386538 0.00152825 0.00174454
 0.00137832 0.00317968 0.00201043 0.00151702 0.00124131 0.00181013
 0.00116768 0.00154993 0.00112848 0.00090861 0.00263451 0.00157479
 0.00768307 0.00211414 0.00186458 0.00129269 0.00262204 0.00208905
 0.00215355 0.00085779 0.00113879 0.00106515 0.00169331 0.00204469
 0.00193471 0.00127209 0.00050309 0.00124091 0.04187811 0.00660471
 0.00141671 0.00237199 0.00144505 0.00211598 0.00184354 0.00207813
 0.00146815 0.00125123 0.00129264 0.0011918  0.00121056 0.00196865
 0.00192475 0.00218382 0.00121339 0.00115069 0.00159868 0.00213628
 0.00132418 0.00122676 0.00103251 0.00200146 0.00204256 0.0057899
 0.00156952 0.00214656 0.00156205 0.00230212 0.00146086 0.00219819
 0.0019542  0.00714254 0.00128862 0.00225198 0.00103771 0.00137378
 0.00082964 0.00210686 0.00205204 0.0022431  0.00206213 0.00222567
 0.00128027 0.00076677 0.00214972 0.00192087 0.0013799  0.00090945
 0.00121454 0.00275063 0.00163164 0.00137805 0.00201011 0.00192983
 0.00124904 0.02367063 0.00114763 0.00216214 0.01066211 0.00120706
 0.0014313  0.0122559  0.00203651 0.00047748 0.00260409 0.00116595
 0.00164098 0.0030526  0.00143263 0.00168808 0.00218984 0.00097857
 0.00175132 0.00300927 0.00116691 0.00112275 0.00111215 0.00127807
 0.00120961 0.00111901 0.00209071 0.00213916 0.00152701 0.00044035
 0.00172465 0.00236109 0.00208117 0.00148976 0.00125265 0.00081537
 0.00127366 0.00129328 0.00458757 0.00117675 0.00044538 0.00124836
 0.00114738 0.00129999 0.00130301 0.00210476 0.00218701 0.00116204
 0.00128723 0.0014329  0.00128989 0.00158257 0.00120963 0.0012041
 0.00143697 0.00224327 0.00395005 0.00129232 0.00131358 0.0012442
 0.00185394 0.00129777 0.00177158 0.00133753 0.0007817  0.001416
 0.00454395 0.00104237 0.00215897 0.00135859 0.00403172 0.00084208
 0.00867831 0.00120412 0.00150787 0.0014928  0.00126744 0.00203207
 0.00207251 0.00237703 0.00129161 0.00124603 0.00254413 0.00121817
 0.00205287 0.00124001 0.00075416 0.00122236 0.00202782 0.00311778
 0.00212898 0.00209562 0.00120721 0.00208032 0.0012702  0.0014887
 0.00086648 0.0007844  0.00209563 0.00092676 0.00124181 0.00125668
 0.00198924 0.00269542 0.00111196 0.00072949 0.00448818 0.00184301
 0.00086901 0.00202735 0.00098624 0.07147502 0.00143499 0.00641724
 0.00049168 0.00143587 0.00103875 0.00895588 0.00158483 0.00194799
 0.00211664 0.00178642 0.00396862 0.00117818 0.00219516 0.00195275
 0.00222092 0.0012304  0.00206582 0.00211062 0.00219456 0.01731309
 0.0015999  0.00132288 0.00223313 0.00143822 0.00122687 0.00109786
 0.00132391 0.00096699 0.0012684  0.00165161 0.0014534  0.00084157
 0.00125471 0.0010107  0.00113669 0.00120906 0.00219829 0.00115276
 0.00129258 0.00118308 0.00371881 0.00190347 0.0009926  0.00118557
 0.00210568 0.0023898  0.00413121]"
85,20241006,6.611167991654216,"[0.00158102 0.00191928 0.00114458 0.00116391 0.00122557 0.00428642
 0.00136778 0.00303317 0.00200282 0.00223874 0.00115019 0.00116283
 0.00110239 0.00227408 0.00108998 0.00790306 0.00110542 0.00114263
 0.00111877 0.00114906 0.00178401 0.00165366 0.00202818 0.00111758
 0.00149533 0.00114764 0.00461058 0.00115039 0.00099941 0.00167042
 0.00187668 0.00161114 0.00147848 0.00201996 0.00119994 0.00127397
 0.00195363 0.00159854 0.00194421 0.00191705 0.00191512 0.00126218
 0.00227247 0.00187269 0.00114024 0.00178205 0.00114425 0.00227228
 0.00166313 0.00150909 0.00683955 0.00153001 0.00176629 0.00258486
 0.0032929  0.00530437 0.00110495 0.00092972 0.00142206 0.00484944
 0.00116077 0.00104228 0.00095379 0.00116244 0.00192297 0.00222551
 0.00174044 0.00113355 0.00385655 0.00123199 0.00120185 0.00723596
 0.00200582 0.00117328 0.00114558 0.00245227 0.00101569 0.00110066
 0.00122084 0.00115128 0.00140676 0.00096981 0.0018506  0.00197383
 0.00226395 0.00172197 0.00297809 0.00930982 0.00110805 0.00166282
 0.00127418 0.00894603 0.00095488 0.00271652 0.00153164 0.0020912
 0.00117927 0.00190132 0.00231545 0.00361982 0.00402178 0.00174654
 0.00138767 0.00246847 0.00163175 0.00214714 0.00120824 0.00106713
 0.00266176 0.0017786  0.00133417 0.00427183 0.0011533  0.00152156
 0.00175802 0.00187137 0.00177396 0.00171325 0.00107968 0.00139743
 0.0011841  0.00116914 0.00113144 0.00138018 0.00152439 0.00120434
 0.00178602 0.01508739 0.00176754 0.00101434 0.00413534 0.00088523
 0.00098522 0.00425368 0.01683595 0.00330496 0.0015405  0.00210014
 0.05733842 0.00112264 0.0017343  0.00165023 0.00111888 0.00130117
 0.00134719 0.00116544 0.00237805 0.00191829 0.00190956 0.00496022
 0.00083306 0.00115223 0.00175147 0.0037529  0.00117209 0.00231214
 0.00355932 0.0012442  0.00128691 0.00117278 0.00166212 0.00130221
 0.00205624 0.00122215 0.00200346 0.00103703 0.00193502 0.00169044
 0.00105479 0.00120375 0.00123976 0.0015956  0.00247193 0.00144799
 0.00154875 0.00116276 0.00165535 0.00151701 0.00232877 0.0019353
 0.00464675 0.00160844 0.00121365 0.00311406 0.00178397 0.00547942
 0.00277925 0.00186744 0.00184672 0.00114676 0.00394059 0.00186169
 0.00172859 0.00104237 0.00121082 0.00109801 0.00135742 0.00171764
 0.00176378 0.00116364 0.00117388 0.00108531 0.00521928 0.0013555
 0.00133113 0.00436237 0.00143196 0.00163187 0.00165253 0.00163943
 0.00096737 0.00114129 0.00114996 0.00113197 0.00115676 0.00166112
 0.00178858 0.01682576 0.00111915 0.00130026 0.00155567 0.00188601
 0.00160981 0.00117324 0.0009999  0.00181246 0.0017776  0.00143991
 0.00136618 0.00187413 0.00212417 0.00301627 0.00187596 0.00195268
 0.00162012 0.00186286 0.00113776 0.00197514 0.00141511 0.00120509
 0.0010112  0.00182044 0.0017779  0.00208889 0.00172189 0.00192032
 0.00114985 0.00098444 0.00171566 0.00630663 0.00111157 0.00118235
 0.00115994 0.00176648 0.00184729 0.00100894 0.00186148 0.00168156
 0.00118042 0.00666931 0.00113774 0.00176447 0.00285134 0.00111495
 0.00180286 0.00133985 0.00170554 0.00114059 0.00356905 0.00119826
 0.00179192 0.00314486 0.00168705 0.00178899 0.00199725 0.00107715
 0.01029482 0.00136268 0.00101712 0.00084143 0.00166021 0.00113912
 0.00114304 0.0013501  0.00194207 0.00256374 0.00120832 0.00111628
 0.00226952 0.00243713 0.00173275 0.00148432 0.0016576  0.00261814
 0.00129977 0.00105121 0.00496661 0.00143015 0.00110549 0.00115957
 0.00115612 0.00177293 0.00119806 0.00221585 0.00188564 0.00113777
 0.00125491 0.00130728 0.00149149 0.00111316 0.00111536 0.00223595
 0.00191481 0.0044821  0.00097784 0.00150008 0.00113214 0.00116767
 0.00165999 0.00197094 0.00140671 0.00825427 0.00105109 0.0010702
 0.00335787 0.0011704  0.00170374 0.00114745 0.00204157 0.00251879
 0.00129205 0.00113098 0.00130366 0.04258549 0.00117337 0.00439378
 0.00167532 0.00206397 0.00113269 0.00123264 0.00200281 0.0058365
 0.00173955 0.00123489 0.00149915 0.00125403 0.00171879 0.00197559
 0.00189241 0.00190261 0.00169001 0.00185446 0.00125411 0.00159292
 0.00365868 0.00107432 0.00163355 0.00264414 0.00137512 0.00103931
 0.00186196 0.00181745 0.00113739 0.00118334 0.00361616 0.00406681
 0.00102517 0.00167541 0.00143325 0.03098059 0.00114085 0.00872192
 0.00106904 0.00380306 0.00103081 0.00997772 0.00423223 0.00177184
 0.00171961 0.00196988 0.00194124 0.00196707 0.00179723 0.00176189
 0.00189069 0.00114952 0.00185909 0.0016751  0.00190054 0.00557905
 0.00213406 0.00113329 0.00191137 0.00124435 0.00127481 0.00116991
 0.00111432 0.00133531 0.00124703 0.00132994 0.00321097 0.00103513
 0.00112051 0.00184335 0.00120624 0.00118677 0.00179415 0.00112254
 0.00111027 0.00115103 0.01066344 0.00222484 0.00224469 0.00118292
 0.00200747 0.00820699 0.00706793]"
86,20241208,9.271772326737963,"[0.00357055 0.0007453  0.00118794 0.00131384 0.00126191 0.00233368
 0.00121444 0.00213249 0.00111491 0.00075331 0.00216455 0.00102239
 0.0016887  0.00203442 0.0015958  0.00166837 0.00101859 0.00119691
 0.00097351 0.00111486 0.00174255 0.00185015 0.00209858 0.00342827
 0.00246783 0.00120484 0.00136865 0.0012304  0.00136282 0.00132119
 0.00224362 0.00171661 0.00207144 0.00137429 0.00132242 0.00139305
 0.00193452 0.00263638 0.00192533 0.00189001 0.00189132 0.00168052
 0.00102576 0.00184453 0.0011751  0.00171985 0.00115396 0.00143799
 0.00190953 0.00147454 0.03840419 0.0011779  0.00120978 0.00137601
 0.00307072 0.00668801 0.00096046 0.00225666 0.00092374 0.05815915
 0.00109244 0.00140108 0.00192703 0.00115716 0.00190943 0.0020026
 0.00141363 0.00102383 0.00080782 0.00121774 0.00118432 0.00374797
 0.00196095 0.00108895 0.00115832 0.00403975 0.0013814  0.00267463
 0.00111084 0.0012787  0.00143847 0.00146645 0.00221759 0.00214059
 0.0018879  0.00195111 0.00082435 0.00299864 0.00129541 0.00184018
 0.00109565 0.0038169  0.00147963 0.00174868 0.00431922 0.00281256
 0.00102505 0.00076117 0.00106049 0.00693616 0.00671946 0.00212387
 0.00161881 0.00112242 0.00186276 0.00096063 0.00154889 0.00180903
 0.00264209 0.00093684 0.00140123 0.0044632  0.00101228 0.00290426
 0.00182931 0.00270956 0.00211113 0.00195454 0.00232929 0.00121169
 0.00142876 0.00098464 0.00098482 0.00101055 0.00169313 0.00134561
 0.00203988 0.00171131 0.00106924 0.00115312 0.00339855 0.00083243
 0.00137791 0.00838109 0.0025754  0.00075376 0.00123475 0.0012439
 0.08117644 0.00093672 0.00184849 0.00184194 0.00123026 0.00125057
 0.00224066 0.00117834 0.00486015 0.00088149 0.00187529 0.00501294
 0.00161744 0.00110519 0.00447049 0.00548263 0.00078565 0.00075755
 0.00185253 0.00111249 0.00096074 0.0011724  0.00185175 0.00125792
 0.00200426 0.00103971 0.00188524 0.00146149 0.00329228 0.00190794
 0.0014228  0.00140591 0.0081266  0.00105339 0.00111033 0.0021346
 0.00143205 0.00099185 0.00199864 0.00099348 0.00109852 0.00184083
 0.00113924 0.00436989 0.00111799 0.00113876 0.0024608  0.0017812
 0.00175579 0.0020435  0.00190738 0.00098643 0.0017517  0.0018687
 0.00199435 0.00138335 0.00099304 0.00142187 0.00106342 0.00183407
 0.03637873 0.00100626 0.00191206 0.00143898 0.02048386 0.00353058
 0.00098448 0.00211687 0.00586706 0.0018525  0.00189641 0.00275153
 0.0013293  0.00118653 0.00110788 0.00102672 0.00121022 0.00191723
 0.00181107 0.00115135 0.00098424 0.00103957 0.00106009 0.00190705
 0.00136342 0.00106405 0.00140319 0.00204258 0.0019933  0.00114192
 0.00167338 0.00227409 0.00092019 0.00129451 0.00197139 0.00190055
 0.00184814 0.00122863 0.00094536 0.00208718 0.00113512 0.00127124
 0.00102855 0.00195721 0.00191395 0.00209508 0.00190461 0.00187712
 0.00119579 0.00159594 0.00186987 0.00107174 0.00140408 0.0015024
 0.00104653 0.00224847 0.00210844 0.00147362 0.00191852 0.0017564
 0.0009623  0.01065463 0.00111158 0.00189568 0.0020014  0.00100849
 0.00122784 0.00263172 0.00212756 0.00135311 0.00102826 0.00100334
 0.00129263 0.00162999 0.00123124 0.00205843 0.00195971 0.00161969
 0.0025905  0.00311503 0.00138389 0.00152132 0.00111358 0.00106094
 0.0010123  0.00138912 0.00186444 0.00109701 0.00109821 0.00292756
 0.00232544 0.00192533 0.0020664  0.00110747 0.00088646 0.00136509
 0.00123821 0.0013853  0.00215831 0.00097688 0.00283641 0.00095017
 0.00118026 0.00158663 0.00095493 0.00203899 0.00189667 0.00114537
 0.00097851 0.0011992  0.00115083 0.00126931 0.00094544 0.0007946
 0.00526441 0.0042998  0.00092211 0.00135683 0.00100325 0.00099279
 0.00091789 0.00199608 0.0007651  0.00136675 0.00141324 0.00520076
 0.00152834 0.00561847 0.00185575 0.0011593  0.00116984 0.00127488
 0.00375914 0.00105367 0.00148909 0.00503757 0.00102653 0.00137175
 0.00189515 0.00202383 0.00094663 0.00126167 0.00208883 0.00097847
 0.00193913 0.00099877 0.00134654 0.0012599  0.00209833 0.00212455
 0.00190241 0.00203588 0.00152668 0.00196092 0.0011298  0.00112924
 0.0008375  0.00137224 0.00183978 0.00570251 0.00101206 0.00120523
 0.00202376 0.0018948  0.00109075 0.00138644 0.00357677 0.00463907
 0.00134055 0.00187307 0.00175106 0.00463403 0.00119679 0.00102596
 0.00136603 0.00174246 0.00139969 0.02130357 0.00158441 0.00204721
 0.00190474 0.00139701 0.00103909 0.00104264 0.00188138 0.00178501
 0.00171874 0.00126001 0.00203447 0.00192872 0.00202542 0.00133788
 0.00262909 0.00103127 0.00203809 0.00107958 0.00119706 0.00117358
 0.00105859 0.00128247 0.00117044 0.00593407 0.00136396 0.00141689
 0.00098926 0.00112632 0.0011845  0.00109262 0.00209914 0.00109761
 0.00094085 0.00108127 0.0023019  0.00199265 0.00113636 0.00120344
 0.00193813 0.0043745  0.00117906]"
87,20241008,7.0626748646421165,"[0.00338345 0.00113628 0.00157896 0.00146216 0.00323239 0.00130638
 0.00128303 0.00264774 0.00109783 0.00147445 0.00159646 0.0016033
 0.00245418 0.00186629 0.00132152 0.00082859 0.00149155 0.00158935
 0.00148974 0.00172375 0.00159568 0.0017088  0.002086   0.00169126
 0.00208537 0.00162078 0.00122955 0.00166811 0.00201265 0.00353233
 0.00160248 0.00266594 0.00149912 0.0060397  0.00136524 0.00219362
 0.0037645  0.00166023 0.00190024 0.00189653 0.00160309 0.00104459
 0.00246954 0.00181304 0.00161033 0.00164976 0.00143634 0.00495045
 0.00189492 0.00117882 0.01234933 0.00214848 0.00421465 0.00378189
 0.00183614 0.01034159 0.00163405 0.00248988 0.00116787 0.03209529
 0.00149242 0.00642268 0.00126714 0.00171317 0.00176044 0.00201087
 0.00110968 0.00147201 0.00114107 0.00122712 0.00175969 0.0142953
 0.00171729 0.0012888  0.00148153 0.00075098 0.00233869 0.00107879
 0.00152367 0.0015338  0.00191936 0.00164442 0.00153319 0.00449387
 0.00097208 0.0017934  0.00118817 0.00171322 0.00153087 0.00173048
 0.0010086  0.00176404 0.00211167 0.00240844 0.00485469 0.00204919
 0.00162754 0.00150596 0.00182096 0.00575913 0.00149987 0.00174304
 0.00162951 0.00164782 0.00160531 0.00134371 0.00125428 0.00262297
 0.00132263 0.00269315 0.00238532 0.00339035 0.00160357 0.00240924
 0.00180403 0.00176385 0.00361864 0.00159363 0.00121553 0.00160445
 0.00111819 0.00156299 0.0016067  0.00125806 0.00156548 0.00439113
 0.00183174 0.00630007 0.00181643 0.00189676 0.00427033 0.00154468
 0.00193307 0.00584462 0.0019775  0.00162788 0.00247383 0.00151725
 0.00776652 0.0014365  0.00164162 0.00181866 0.00141706 0.00124053
 0.00168483 0.00163889 0.00314305 0.00092131 0.00160318 0.00185858
 0.00225195 0.00163645 0.00164963 0.0032632  0.00106421 0.00158303
 0.00196314 0.00151739 0.00180636 0.00195151 0.00163333 0.00128487
 0.00207922 0.00171175 0.00181943 0.00218942 0.00128055 0.001867
 0.00361526 0.00089336 0.00450808 0.00196003 0.00263481 0.00254447
 0.00157649 0.00123711 0.00175809 0.00145559 0.00207094 0.00172277
 0.0047359  0.00142835 0.0013737  0.00413454 0.00333881 0.00846882
 0.00175998 0.00189381 0.00175949 0.00162305 0.00109106 0.00178968
 0.00167056 0.00156563 0.00183319 0.00105839 0.00162696 0.00179576
 0.00182703 0.00160333 0.00133659 0.00077011 0.00417763 0.02549031
 0.00175177 0.00230828 0.00344865 0.00148331 0.00202261 0.0013399
 0.0022883  0.00176328 0.00154868 0.00144656 0.00147796 0.00164156
 0.00178311 0.00262142 0.00143722 0.00112961 0.00116001 0.00197543
 0.00117637 0.00155161 0.0025493  0.00151031 0.0014548  0.00273848
 0.00339477 0.00186383 0.00123193 0.00196201 0.00186891 0.00164476
 0.00194817 0.00227817 0.00140015 0.0015655  0.00183665 0.00128228
 0.00161622 0.00169786 0.00159865 0.00164098 0.00173532 0.00171569
 0.00169673 0.00186901 0.00170056 0.00124462 0.00170773 0.00189223
 0.00156967 0.00324202 0.0136986  0.00191538 0.00159294 0.00184115
 0.00147817 0.00234716 0.0016206  0.00186491 0.00195185 0.00144478
 0.00119811 0.00109613 0.00169118 0.00144884 0.00130224 0.00141169
 0.0015347  0.00186177 0.00115602 0.00220992 0.00169534 0.00202126
 0.00164823 0.00220609 0.00129296 0.00239145 0.00158404 0.00166278
 0.00143803 0.00276714 0.00291729 0.00202145 0.00174154 0.00167607
 0.00198262 0.00186273 0.00167661 0.00124572 0.00121494 0.00204299
 0.00122128 0.00242257 0.00250829 0.00119515 0.00170881 0.00138615
 0.00161356 0.00669408 0.00161888 0.00156581 0.00160363 0.00160252
 0.00146338 0.0012835  0.00118102 0.00164334 0.00144155 0.00193592
 0.00246339 0.00324118 0.00164233 0.00351417 0.01004934 0.00161235
 0.00120066 0.00127323 0.00223067 0.00095646 0.00188402 0.00106709
 0.00142968 0.00102867 0.00158658 0.00149044 0.00135446 0.00140757
 0.00284506 0.00185018 0.00204659 0.00884379 0.00160307 0.00121913
 0.00210765 0.00168804 0.00140835 0.00120619 0.00268888 0.00245424
 0.00151915 0.00149774 0.00198062 0.00124221 0.00184649 0.00159257
 0.00170882 0.00187462 0.00483957 0.00152579 0.00166034 0.00132798
 0.0022077  0.00176457 0.00168258 0.00132809 0.00117171 0.00117749
 0.00161752 0.00170361 0.00152119 0.00246297 0.00362996 0.00206482
 0.00137484 0.00166167 0.00078979 0.01051189 0.00165141 0.00420371
 0.005426   0.00183203 0.00230379 0.00998398 0.00222622 0.00166788
 0.00169815 0.0028607  0.00218225 0.00110253 0.00163686 0.00230035
 0.0016732  0.00162232 0.0015839  0.00169484 0.00950658 0.01563493
 0.0016686  0.00164236 0.00175966 0.00130432 0.00125199 0.00157957
 0.0014935  0.002047   0.00124449 0.00156759 0.00236184 0.00115491
 0.00146299 0.00126864 0.00154666 0.00153864 0.00189023 0.00144042
 0.00183966 0.00138966 0.00144279 0.0020634  0.0010394  0.00173077
 0.00156429 0.01641958 0.0291072 ]"
88,20241013,13.599738223410052,"[0.00138182 0.00146485 0.00177415 0.0019243  0.00078815 0.00132524
 0.00211304 0.00098843 0.00218208 0.00152144 0.00098403 0.00231558
 0.00101904 0.00104315 0.00092592 0.01703309 0.00211449 0.00179841
 0.0020686  0.0019414  0.00127538 0.00102082 0.00116906 0.00093439
 0.00059322 0.00178341 0.00102285 0.00177581 0.00152935 0.00094091
 0.00113741 0.00073656 0.00046877 0.0074435  0.00098264 0.00127338
 0.00127963 0.00161409 0.00103309 0.0011886  0.00103672 0.00062201
 0.00135029 0.00101573 0.00185931 0.00127383 0.00183337 0.00091225
 0.00108646 0.00206016 0.30219991 0.00098818 0.00077061 0.00073672
 0.00286769 0.0020328  0.00228461 0.00114349 0.00166719 0.00141296
 0.00181904 0.00077708 0.0019092  0.00179611 0.00106468 0.00101184
 0.0021843  0.00208815 0.00163609 0.00222872 0.00177169 0.00140157
 0.00110255 0.00195715 0.00181934 0.00097862 0.00093772 0.00147842
 0.00230683 0.0006395  0.00242469 0.00110236 0.00107224 0.00263637
 0.00088466 0.00104542 0.00146755 0.00141489 0.00073512 0.00111018
 0.00099197 0.0104507  0.00041803 0.00178807 0.00102658 0.00144194
 0.00230615 0.00193669 0.00075853 0.00097409 0.00154731 0.00102262
 0.00110773 0.00054708 0.00105974 0.00051641 0.00221694 0.0009303
 0.00203304 0.00159288 0.00132932 0.00272061 0.00185542 0.00109883
 0.00103472 0.00101625 0.00104464 0.00101864 0.0017049  0.00177617
 0.0010152  0.00231526 0.00224703 0.00175633 0.00150352 0.0010719
 0.00111313 0.00084924 0.00184942 0.00119039 0.00138694 0.0012971
 0.00117023 0.00225906 0.01541113 0.00214942 0.00045368 0.00222445
 0.00294959 0.00225367 0.00107607 0.00114885 0.00085029 0.00229772
 0.00089355 0.00169727 0.00147368 0.00136991 0.00102102 0.00266324
 0.00055509 0.00178733 0.00225304 0.00164745 0.00142554 0.00157196
 0.00106979 0.00229587 0.00225284 0.00170617 0.00100539 0.00230069
 0.00114094 0.00231328 0.00105153 0.00107825 0.00200095 0.00105105
 0.00094587 0.0009307  0.00251549 0.00058351 0.0010683  0.00064695
 0.00064671 0.00141229 0.00126866 0.00107961 0.00230458 0.00114771
 0.00191912 0.0030103  0.00198007 0.00134289 0.00107866 0.00163711
 0.0025761  0.00107872 0.00109558 0.00228412 0.00226751 0.00107205
 0.00101987 0.00123259 0.00225216 0.00060206 0.0020796  0.00100626
 0.00109133 0.00232114 0.00089974 0.00105522 0.00951056 0.00157492
 0.00116776 0.00049313 0.00127773 0.00103611 0.00131502 0.00099623
 0.00092088 0.00181435 0.00180608 0.00206164 0.00224268 0.00101678
 0.00100223 0.00091539 0.00210819 0.00175305 0.0016645  0.00106346
 0.00091803 0.00229611 0.00096792 0.00106783 0.00110255 0.00199121
 0.00106229 0.00101716 0.00155268 0.00259737 0.00165457 0.00110645
 0.00121539 0.0011665  0.00225173 0.00104991 0.0004301  0.00227942
 0.00052178 0.00102489 0.00106988 0.00101419 0.00111798 0.00108588
 0.00171774 0.00117254 0.00101875 0.00161748 0.000951   0.00120222
 0.00186945 0.00100782 0.00082453 0.00109714 0.00100772 0.00112911
 0.0022574  0.03931213 0.00177653 0.00105332 0.00118786 0.00206199
 0.00142845 0.0009623  0.00104797 0.00093033 0.00231311 0.00194903
 0.00153028 0.0033862  0.0021441  0.00077754 0.00101851 0.00118145
 0.00100719 0.00268503 0.00112858 0.00043477 0.00139379 0.00060539
 0.00207152 0.00126191 0.00108849 0.000625   0.00233139 0.00091784
 0.00091514 0.00104933 0.00109598 0.00069504 0.00179057 0.00097931
 0.00230811 0.00112254 0.00125219 0.00157615 0.00097095 0.00217396
 0.00177643 0.00203131 0.00229938 0.00103508 0.00104152 0.00173814
 0.00233148 0.00222598 0.00238786 0.000662   0.00217882 0.00145295
 0.00087044 0.00184303 0.00121637 0.00095733 0.00240008 0.00228164
 0.00161478 0.00183632 0.00144887 0.00174461 0.00126549 0.00094962
 0.0014774  0.00048869 0.00111477 0.00179059 0.00148211 0.00067982
 0.0040603  0.00183468 0.0011861  0.00598564 0.0017928  0.00200207
 0.00106491 0.00105534 0.0022616  0.00229708 0.00154455 0.00169413
 0.00108522 0.00225867 0.00192467 0.00227898 0.00105912 0.00103296
 0.00099718 0.00111473 0.00075702 0.00104239 0.00233389 0.00204221
 0.00205021 0.00121933 0.001094   0.00191422 0.00078668 0.00164905
 0.00102301 0.00102813 0.00195805 0.00117125 0.00106249 0.00370069
 0.00099969 0.00106569 0.00063014 0.00320851 0.00173153 0.00213117
 0.00095203 0.00159281 0.00105667 0.00143079 0.00082586 0.00103949
 0.00105345 0.00150969 0.00055607 0.00085704 0.00108206 0.00115835
 0.00112321 0.00176736 0.00104943 0.00112007 0.0019101  0.00096511
 0.00191906 0.0018066  0.00112079 0.0022897  0.00229307 0.00179219
 0.0016761  0.00095347 0.00227187 0.00137938 0.00118362 0.00106784
 0.00205103 0.00069933 0.00180144 0.00187883 0.00103809 0.00214958
 0.0021815  0.00186516 0.0018205  0.00113709 0.00064064 0.00177268
 0.00107068 0.00099283 0.00057687]"
89,20241206,6.632291397087885,"[0.00741392 0.00119937 0.00119811 0.00119521 0.00165094 0.00169366
 0.00122975 0.00194595 0.00128763 0.00415733 0.00140597 0.00115132
 0.00090174 0.00174336 0.00089733 0.00131357 0.00115078 0.0011975
 0.00115477 0.00128116 0.00161032 0.00159038 0.00172468 0.00081608
 0.0034033  0.00120313 0.00136469 0.00124129 0.0013399  0.00120586
 0.00171328 0.00153673 0.00129753 0.00205098 0.00152014 0.00122945
 0.00167186 0.00173823 0.00155832 0.00199202 0.00188543 0.00187893
 0.00401904 0.0020489  0.00122729 0.00149635 0.00121587 0.00288342
 0.00165299 0.00123227 0.0100722  0.00143991 0.00185043 0.00351679
 0.0016432  0.00315913 0.00127054 0.00174688 0.00147041 0.00506806
 0.00130764 0.0021898  0.00138287 0.00115741 0.00196004 0.0023157
 0.00112409 0.00117162 0.00157289 0.00114379 0.00124905 0.0193981
 0.00160931 0.00120371 0.00116103 0.00076955 0.0011671  0.00108512
 0.0011309  0.00153865 0.00118682 0.00131171 0.00163573 0.00116357
 0.00206524 0.00181763 0.0012006  0.01413834 0.00217448 0.00183016
 0.00159443 0.00315646 0.00164007 0.00324439 0.00157636 0.00200941
 0.00118274 0.00133823 0.00530316 0.00114968 0.00167987 0.00236939
 0.00176805 0.00186544 0.00185151 0.00157314 0.00114344 0.00099281
 0.00272882 0.00099728 0.0010491  0.00170311 0.00119648 0.00188782
 0.0020421  0.00198083 0.00184874 0.00169941 0.00127482 0.00117521
 0.00168014 0.00111568 0.00113478 0.00198231 0.00218933 0.00152341
 0.00195715 0.00165825 0.00161089 0.00121259 0.00100543 0.0019771
 0.00117105 0.0080563  0.01395008 0.00091865 0.00242154 0.0012486
 0.00169774 0.00115366 0.00169366 0.00145618 0.00149221 0.00113234
 0.00179379 0.00118766 0.00368944 0.00197167 0.00163384 0.00543421
 0.00162349 0.00119737 0.00191889 0.00328483 0.00090053 0.00095298
 0.00162189 0.00118063 0.00121388 0.00125692 0.00171404 0.00112635
 0.00200323 0.00114455 0.00189292 0.00149741 0.00428092 0.00157091
 0.00210942 0.00200404 0.00194178 0.00430909 0.0016943  0.00220043
 0.0016035  0.00104393 0.00236547 0.0013536  0.00131207 0.00176316
 0.00096882 0.02115584 0.00120696 0.00573261 0.00170801 0.00085556
 0.0021355  0.00171449 0.00167163 0.00114982 0.00112962 0.00207363
 0.00216891 0.00167392 0.00172888 0.00161827 0.00181441 0.0019923
 0.00219699 0.00119153 0.00153282 0.00168789 0.00607425 0.02083133
 0.00227337 0.00218224 0.00518846 0.00177096 0.00147539 0.00373308
 0.00126879 0.00117149 0.00124415 0.00116339 0.00125281 0.0024113
 0.00198189 0.00182096 0.00113144 0.00120796 0.00128486 0.00182991
 0.0022351  0.00113907 0.00131507 0.0017453  0.00195731 0.00651332
 0.00183768 0.00161757 0.0014603  0.02121699 0.0013422  0.001893
 0.00546865 0.00179287 0.0011379  0.00170818 0.00236823 0.00116343
 0.00352629 0.00167445 0.00183579 0.00162808 0.00183463 0.00221685
 0.00124549 0.0011982  0.00169911 0.00205906 0.0008453  0.00129643
 0.00115829 0.00160472 0.00252262 0.00150531 0.00170535 0.00173233
 0.00111611 0.00558361 0.00121844 0.00179849 0.00415243 0.00114711
 0.00144088 0.00092565 0.00166856 0.00109059 0.01742557 0.00115865
 0.00119926 0.00192572 0.00122726 0.00326381 0.00171616 0.00123524
 0.00209581 0.0018142  0.0040918  0.00124357 0.00116298 0.00461841
 0.00115198 0.00152304 0.00158386 0.00257124 0.00113182 0.00782004
 0.00213367 0.00195211 0.00188237 0.00236136 0.00139753 0.00099857
 0.00113164 0.00135305 0.00093789 0.00125792 0.00224552 0.00118894
 0.00121789 0.00629359 0.00112066 0.00190421 0.00168282 0.00116126
 0.00111478 0.00121694 0.00138664 0.0014112  0.00115505 0.00121814
 0.00223992 0.00176637 0.00116182 0.00196099 0.00148144 0.0011683
 0.00142386 0.00144828 0.00383517 0.00890732 0.00079094 0.00085034
 0.00634307 0.00163261 0.00183994 0.00117743 0.00442619 0.00168487
 0.00262516 0.00116343 0.00117579 0.03561131 0.00116792 0.001483
 0.00175393 0.00177699 0.00113427 0.00114127 0.00163946 0.00304232
 0.00168971 0.00118065 0.00090291 0.00112863 0.00203127 0.00205641
 0.00171679 0.00171487 0.00355474 0.00205212 0.00109794 0.00114833
 0.00573869 0.00099893 0.00187045 0.0020479  0.00354079 0.00126427
 0.00174297 0.00194225 0.00116885 0.00137312 0.02108317 0.00293958
 0.00080028 0.00161545 0.00163227 0.02094848 0.00122454 0.00152529
 0.00082624 0.00095814 0.00110504 0.00925706 0.00191928 0.00265194
 0.00192055 0.00145411 0.00433569 0.00171679 0.00179511 0.00254886
 0.00250217 0.00116398 0.00194552 0.00175801 0.00925307 0.00849606
 0.0012302  0.00150001 0.00186399 0.00117762 0.00113355 0.00118063
 0.00091555 0.00129415 0.00114302 0.0010889  0.00159046 0.00437184
 0.00116348 0.00198299 0.00116124 0.00117066 0.00185929 0.00113891
 0.00111393 0.00115614 0.00128973 0.0016754  0.00147559 0.00120767
 0.00206644 0.01132956 0.0029204 ]"
90,20240924,8.629994751853214,"[0.00225451 0.00093905 0.00278744 0.0021814  0.00122365 0.00167589
 0.00197454 0.00117233 0.00149186 0.00583816 0.00189561 0.00188874
 0.00115267 0.00120685 0.00048513 0.00457729 0.00214785 0.00281971
 0.00214775 0.0026408  0.00131409 0.00123841 0.00173859 0.00066493
 0.00170562 0.00281817 0.00113515 0.00311787 0.00084752 0.00226757
 0.0011442  0.00129635 0.00087624 0.0013842  0.00374228 0.00106486
 0.00229393 0.00108872 0.00131523 0.00123782 0.00113688 0.00086882
 0.00361259 0.00117836 0.00271718 0.00154498 0.00246284 0.00199107
 0.0012401  0.001429   0.17680734 0.00082697 0.0011973  0.00170393
 0.00442366 0.00512716 0.00220438 0.00127518 0.00189883 0.00388746
 0.00274491 0.00216192 0.0016798  0.00273937 0.00143526 0.00151475
 0.00150176 0.00204972 0.00091711 0.00188737 0.00281228 0.01221005
 0.0011493  0.00236507 0.00268482 0.00129491 0.00121354 0.00379837
 0.00187794 0.00090444 0.00154304 0.00153735 0.00113753 0.00096858
 0.00107212 0.00130125 0.00104853 0.01826853 0.00173757 0.0012787
 0.00096445 0.00311154 0.00095193 0.0016698  0.00152941 0.00209876
 0.00191468 0.0010842  0.0012831  0.00116959 0.00190167 0.00107404
 0.00137571 0.00114228 0.00132787 0.00093913 0.00204331 0.00141535
 0.00676905 0.00159023 0.001608   0.00127494 0.00280613 0.00213324
 0.00112388 0.00109376 0.00499409 0.00112673 0.00159643 0.00291695
 0.00054603 0.00191121 0.00187508 0.00220766 0.00111562 0.00108471
 0.00138416 0.00157819 0.00133328 0.00060112 0.00116326 0.00104917
 0.00108453 0.00226085 0.01643445 0.0010819  0.00084607 0.00371122
 0.01588027 0.0019469  0.00124586 0.00466665 0.00099039 0.00181391
 0.00240883 0.00316943 0.00168108 0.00128074 0.00118591 0.0011347
 0.00126935 0.00277795 0.00110705 0.00159631 0.00103385 0.00099242
 0.00124529 0.00190658 0.00201229 0.0029946  0.00126095 0.00189518
 0.00124135 0.00189924 0.00133434 0.00077094 0.00174446 0.00118133
 0.0036522  0.00060517 0.00317318 0.00098468 0.00116712 0.00092379
 0.0007588  0.00102291 0.00121194 0.00112298 0.00200507 0.00116851
 0.00098338 0.00211204 0.00233153 0.00223558 0.00294983 0.00645919
 0.00167862 0.00123319 0.00121043 0.0018607  0.00100892 0.00118648
 0.00125664 0.00116916 0.00157227 0.00079192 0.00242442 0.00128005
 0.00276646 0.0019132  0.00303585 0.0008873  0.00825681 0.01085897
 0.00123808 0.00227685 0.00521106 0.00128954 0.00127203 0.0011796
 0.00204416 0.00261382 0.00257763 0.0021029  0.00190934 0.00127323
 0.00163062 0.00347499 0.00208676 0.00294006 0.00187549 0.00125322
 0.00112784 0.00188438 0.00186686 0.00116854 0.00114306 0.00304044
 0.00128704 0.00118309 0.00222007 0.00105428 0.00085256 0.00145144
 0.00140544 0.00127153 0.00189493 0.0019026  0.00100559 0.00257696
 0.00100171 0.00122774 0.00116709 0.00119239 0.00117952 0.00107436
 0.00319261 0.00088667 0.00136879 0.00120485 0.00126395 0.00080582
 0.00238693 0.00156209 0.00446335 0.00087498 0.00117792 0.00121085
 0.00194169 0.00342903 0.00267538 0.0011524  0.00145744 0.00207914
 0.00222241 0.00282994 0.00128166 0.0013033  0.00131555 0.00228926
 0.0028755  0.00127784 0.00176492 0.00177815 0.00120536 0.00065311
 0.00123374 0.0009671  0.00141098 0.00103808 0.00196677 0.00176107
 0.00210861 0.00108391 0.00125832 0.00168085 0.0019174  0.00193068
 0.0023807  0.00136634 0.001487   0.00136947 0.00270163 0.00181111
 0.00183977 0.00101578 0.00131858 0.00271299 0.00228158 0.00190552
 0.00270278 0.00275278 0.00188057 0.00121828 0.00128153 0.00273584
 0.0019357  0.00176574 0.00316345 0.00097215 0.00190341 0.00115671
 0.00230394 0.00385402 0.00153985 0.00343678 0.00226587 0.00187436
 0.00190315 0.00157083 0.00350305 0.00210476 0.00110052 0.00056761
 0.00096419 0.00231512 0.00135936 0.0025785  0.00170047 0.00084618
 0.0027812  0.00364392 0.00072879 0.00300358 0.00255625 0.00110502
 0.00118091 0.00116778 0.00187097 0.0018362  0.00261813 0.00099675
 0.00119783 0.00187826 0.00255539 0.00188558 0.00126965 0.00114294
 0.00119378 0.0014384  0.00123767 0.00120828 0.00191628 0.0014633
 0.00139038 0.00097606 0.00129488 0.00153696 0.00111911 0.00158167
 0.00125979 0.00121934 0.00220049 0.00057456 0.00405561 0.00275716
 0.00051274 0.00124966 0.00076221 0.00322539 0.00316292 0.00137487
 0.00147867 0.00293435 0.00123474 0.01264314 0.00121033 0.00122411
 0.00118881 0.00178005 0.00211092 0.00093294 0.00119279 0.00210796
 0.00123176 0.00288729 0.00138986 0.00121147 0.00160782 0.00168522
 0.00165342 0.00130482 0.00116436 0.00180583 0.00181801 0.00266855
 0.00274577 0.001152   0.00185214 0.00126847 0.00121933 0.00166067
 0.00208291 0.00089638 0.00277708 0.00254539 0.00144684 0.00197349
 0.00195203 0.00248396 0.00144534 0.00126849 0.00095231 0.0028861
 0.00123476 0.00147369 0.00153068]"
91,20241103,6.2870839598238994,"[0.00207499 0.00170608 0.00064748 0.00075124 0.00201331 0.00817463
 0.00099032 0.00276269 0.00118917 0.0024756  0.00352504 0.00116512
 0.00074499 0.00234517 0.00335219 0.00418881 0.00081509 0.00064986
 0.0008213  0.00078139 0.00221521 0.0019988  0.00427868 0.00344672
 0.00118858 0.00065035 0.00325386 0.00066112 0.00169572 0.00064185
 0.00269324 0.0020712  0.00133125 0.00187666 0.0006649  0.00136556
 0.00231015 0.0017714  0.00278424 0.00213745 0.00216045 0.00271687
 0.00153561 0.00207163 0.00078389 0.00595995 0.00077231 0.00433788
 0.0021488  0.00115014 0.00743672 0.00092797 0.00131046 0.00143448
 0.00362927 0.00226477 0.00156845 0.00102457 0.00125417 0.00906457
 0.00073417 0.00446241 0.00149067 0.00066082 0.0021109  0.00165658
 0.00157714 0.0008296  0.00184917 0.00098259 0.00064481 0.00241615
 0.00239025 0.00069421 0.00067835 0.00286101 0.00155076 0.00082944
 0.00115352 0.00229742 0.00168405 0.00069659 0.00223564 0.00132448
 0.00250687 0.00220899 0.00118569 0.01436917 0.00216699 0.00197016
 0.00229771 0.00442333 0.00113346 0.00253226 0.00215383 0.00278069
 0.0011647  0.01224359 0.00362796 0.0049725  0.00488909 0.00232983
 0.0025877  0.00110662 0.00178203 0.00225239 0.0010142  0.00233623
 0.00204045 0.00208587 0.00192414 0.00269551 0.00077145 0.01155843
 0.00220544 0.00154357 0.00223908 0.00202054 0.00191241 0.00064487
 0.00093791 0.00112952 0.0010689  0.00246385 0.00538807 0.00119366
 0.00221734 0.00830951 0.00261561 0.00148904 0.00183087 0.00303732
 0.00134636 0.00092052 0.00135971 0.00221639 0.00116157 0.00115614
 0.00117352 0.00126294 0.00206584 0.00812121 0.00206029 0.00098789
 0.00660419 0.00067412 0.00136078 0.00147335 0.00223864 0.00177222
 0.00111657 0.00067081 0.0020704  0.00213587 0.00307246 0.00231776
 0.00198056 0.00106247 0.00118507 0.0006503  0.00214831 0.00101887
 0.00218109 0.00109423 0.00222156 0.00141587 0.00138959 0.00208623
 0.0126648  0.00103585 0.00157557 0.00175623 0.00181607 0.00127095
 0.00106197 0.00974909 0.00176917 0.00325502 0.00105436 0.00305379
 0.00196623 0.00666754 0.00070228 0.00385239 0.0021895  0.0042854
 0.00167668 0.0024678  0.00214071 0.00127314 0.00449396 0.00243441
 0.00261577 0.00115817 0.00149229 0.00130858 0.00118835 0.00238479
 0.00184468 0.00119714 0.00129105 0.00122947 0.00296645 0.00332373
 0.00278183 0.0023722  0.00162012 0.00190829 0.00163932 0.00245157
 0.0010363  0.00070735 0.00077097 0.000827   0.00113826 0.00232223
 0.00223164 0.00196864 0.00081684 0.00201573 0.00115155 0.0019577
 0.00270709 0.00116279 0.00081758 0.00219074 0.00279159 0.00121387
 0.00215905 0.00170464 0.00151544 0.0028101  0.00122096 0.00223961
 0.00204108 0.00361148 0.0009229  0.00222333 0.00091135 0.00168097
 0.00192107 0.00226648 0.00212047 0.0023818  0.00186738 0.00241576
 0.00065683 0.0022966  0.00215478 0.00318296 0.00096171 0.00141492
 0.00087358 0.00164577 0.01076583 0.00134659 0.00239672 0.00177722
 0.00103485 0.00113002 0.00070473 0.00196833 0.00261103 0.00080469
 0.00151355 0.00099302 0.00228813 0.00121709 0.00118972 0.00070363
 0.00073668 0.00141245 0.00121574 0.00191028 0.0025067  0.00155451
 0.00220412 0.00459496 0.00080688 0.00157489 0.00127236 0.00139323
 0.00083083 0.00223482 0.00175523 0.00193764 0.0025772  0.00234615
 0.0021476  0.00216299 0.00237949 0.00157732 0.00129148 0.00085295
 0.00107094 0.00139422 0.000707   0.00129039 0.00217324 0.00089277
 0.0006544  0.0015018  0.00117302 0.00180033 0.00190414 0.00066588
 0.00111428 0.00111999 0.00104349 0.00118149 0.00095121 0.00204234
 0.00963593 0.00153317 0.00436128 0.001129   0.00331338 0.00123204
 0.00110632 0.00196964 0.00704628 0.0012237  0.0013344  0.00638411
 0.00236603 0.00292198 0.0016585  0.00090527 0.00237697 0.00179491
 0.00278447 0.00065579 0.00154804 0.03141636 0.00069684 0.00347485
 0.00183043 0.00230151 0.0010498  0.00102647 0.0027004  0.00156794
 0.00179946 0.00104556 0.00070806 0.00097964 0.00208406 0.00229559
 0.0020253  0.00249265 0.00146908 0.00232305 0.0013104  0.00117265
 0.00158171 0.00247352 0.00185714 0.0016742  0.00269748 0.0016536
 0.00252357 0.00324025 0.00070287 0.0015613  0.00268586 0.00124141
 0.00092861 0.00208985 0.00182897 0.03259675 0.0006885  0.01282057
 0.00190749 0.02781123 0.00179684 0.00297402 0.00181094 0.00287223
 0.00185301 0.00199276 0.00136675 0.00288698 0.00187788 0.00232633
 0.00163774 0.00067949 0.00248826 0.00189922 0.00140933 0.00177432
 0.01068913 0.00155911 0.00192926 0.00109423 0.00101374 0.00067727
 0.00398608 0.00080194 0.00098246 0.00404818 0.00140758 0.00116651
 0.00081229 0.00355342 0.00068637 0.00081176 0.00226654 0.00082752
 0.00119816 0.00069421 0.0028008  0.0018686  0.00229962 0.00064741
 0.00224628 0.00987436 0.0136686 ]"
92,20241011,8.687735258101293,"[0.00228733 0.0015505  0.00131032 0.00122066 0.00144313 0.00145613
 0.00134663 0.00177771 0.00122963 0.00434164 0.00085757 0.00135148
 0.00230864 0.00183014 0.00063502 0.00275741 0.0012295  0.00129834
 0.00129585 0.0012252  0.00155343 0.00156351 0.00155632 0.00133029
 0.00203481 0.00126217 0.00172699 0.00143852 0.00173923 0.00199357
 0.00281732 0.00136891 0.00096312 0.00290294 0.00191764 0.00140086
 0.00316446 0.00157581 0.00207671 0.00178352 0.00166521 0.00111289
 0.00219194 0.00180154 0.00129337 0.00156327 0.00127499 0.00115206
 0.00172013 0.00226147 0.01695742 0.0020246  0.00142069 0.00167157
 0.00173147 0.00469573 0.00130317 0.00147025 0.0010645  0.00867904
 0.00154545 0.0010535  0.00110899 0.00144075 0.00190475 0.00207214
 0.0014859  0.00130122 0.00118603 0.00135358 0.00132567 0.00266845
 0.00191898 0.00118384 0.00134809 0.00092303 0.00192708 0.00072068
 0.00134189 0.00101363 0.00183564 0.00150285 0.00182771 0.00099387
 0.00123485 0.00174092 0.00135405 0.03815285 0.0009318  0.00157863
 0.00103696 0.00237373 0.00101135 0.00162387 0.00164945 0.00074246
 0.00141057 0.00126811 0.00182918 0.00464149 0.00295714 0.0021108
 0.00137799 0.0019714  0.0015357  0.00098625 0.001561   0.00138547
 0.00157211 0.00132367 0.00122546 0.0037803  0.00131874 0.00199736
 0.00205188 0.00162367 0.0018166  0.00220042 0.00102896 0.00128908
 0.00137994 0.00128348 0.00129437 0.00170932 0.00189323 0.0043801
 0.00189695 0.00273898 0.00294339 0.00077946 0.00296882 0.00084537
 0.0020028  0.00246168 0.00353145 0.00147366 0.00126794 0.00209883
 0.08026632 0.00134321 0.00154024 0.00121566 0.00099698 0.00138282
 0.00067139 0.00136544 0.00362451 0.00136899 0.00200546 0.00111382
 0.0013967  0.0014103  0.00225406 0.00187346 0.00114737 0.00129271
 0.00188761 0.00129026 0.00123551 0.00146115 0.00174397 0.00143748
 0.00184837 0.00152027 0.0017793  0.00208591 0.0016408  0.00152371
 0.00297926 0.00193748 0.00226095 0.0010209  0.00139656 0.00118553
 0.00148725 0.00233113 0.00164427 0.00398553 0.00155887 0.0017114
 0.00111023 0.00339978 0.00132204 0.00117921 0.00174846 0.00142577
 0.00186266 0.00166925 0.00156174 0.00121707 0.00561914 0.00176074
 0.00203897 0.00090918 0.00166587 0.00096631 0.00169648 0.0016488
 0.00154862 0.00139691 0.0008124  0.00114276 0.04850528 0.0062846
 0.00121694 0.00583455 0.0021193  0.00156079 0.00210174 0.00169252
 0.00142268 0.0013225  0.00143456 0.00131319 0.00160367 0.00162304
 0.00188327 0.00762415 0.00136241 0.00164027 0.00114328 0.00167851
 0.00100294 0.00134192 0.0013711  0.00164593 0.00187402 0.00123328
 0.00142743 0.00215274 0.00111086 0.00184796 0.00281301 0.00173938
 0.00174432 0.00337746 0.00130785 0.00199929 0.00095192 0.00150117
 0.00153838 0.00200095 0.00179658 0.00181286 0.00188255 0.00181062
 0.001408   0.00201593 0.0017279  0.00151301 0.00213469 0.00168618
 0.00144956 0.00157534 0.00185422 0.00183429 0.00169986 0.00154031
 0.00134238 0.00130302 0.00141541 0.00165406 0.0069151  0.00132218
 0.00220945 0.00103735 0.00175424 0.00197188 0.0135225  0.00130268
 0.0013761  0.00125454 0.00130684 0.00142229 0.00194892 0.00207492
 0.01999167 0.00119652 0.00164974 0.00101247 0.00112089 0.00193272
 0.00134581 0.00199196 0.00168183 0.00209425 0.0013736  0.00094179
 0.00221448 0.00187707 0.00182417 0.0013391  0.00148102 0.00212585
 0.00139911 0.00156445 0.0033222  0.00143165 0.00081156 0.00140099
 0.00117407 0.00109972 0.00132319 0.00164142 0.00192161 0.00125972
 0.00127038 0.00133356 0.00137421 0.0009898  0.00139333 0.00109212
 0.00241981 0.00122818 0.00307429 0.00127231 0.00157803 0.00137332
 0.0010571  0.00114511 0.00361792 0.00828973 0.00236525 0.00123559
 0.00110744 0.00122114 0.00148345 0.00136551 0.00207144 0.00107927
 0.00610262 0.00230773 0.00190685 0.04208343 0.00135339 0.00104714
 0.0017742  0.00208764 0.00133745 0.00133283 0.00229097 0.00216945
 0.00159552 0.00133331 0.00068148 0.00133308 0.00183612 0.00165409
 0.00177756 0.00174452 0.00075223 0.00164387 0.00128562 0.00211795
 0.00180345 0.00209088 0.00162588 0.0012674  0.00219491 0.00099921
 0.00178767 0.001803   0.00126333 0.00209734 0.00170622 0.00253421
 0.00203582 0.00164016 0.00116955 0.01912563 0.00142913 0.00132382
 0.00181509 0.00107796 0.00071537 0.0014439  0.00189709 0.00192734
 0.00149897 0.00327214 0.00205853 0.00105808 0.00173773 0.00746007
 0.00160655 0.00128025 0.00169281 0.00155941 0.00125805 0.00088614
 0.0024469  0.00157407 0.00175412 0.00139847 0.00138123 0.00131699
 0.00135054 0.00111255 0.00137296 0.00095409 0.00167606 0.00137941
 0.00127445 0.00096218 0.00132784 0.00134039 0.00178997 0.00117637
 0.00147851 0.00126983 0.00343702 0.0024886  0.00099526 0.00121854
 0.00207316 0.00159651 0.00142271]"
93,20240921,6.108327671505355,"[0.00144245 0.00302942 0.00110619 0.00117482 0.00250996 0.01100351
 0.00124197 0.00227744 0.00170052 0.01393088 0.00075984 0.00124285
 0.00072547 0.0029059  0.00159938 0.00786914 0.00122013 0.0011504
 0.00121141 0.00112821 0.00173525 0.00216414 0.00184473 0.00087296
 0.00255649 0.00112157 0.00166191 0.00122019 0.00063694 0.0009661
 0.00220535 0.00448503 0.00179277 0.00747225 0.00060619 0.00064674
 0.00174288 0.00139888 0.00183897 0.00187818 0.00184066 0.00119452
 0.00205099 0.00183131 0.00121388 0.00174039 0.00113412 0.00110789
 0.00182909 0.00163527 0.03404639 0.00127875 0.00692384 0.01219181
 0.00637168 0.00110482 0.00121252 0.00099886 0.00172324 0.01312797
 0.00112421 0.00099297 0.00135743 0.00113936 0.00184422 0.00268688
 0.00119958 0.00119186 0.00123928 0.00120796 0.00109257 0.00106112
 0.00179586 0.00116681 0.00113178 0.00187506 0.00074841 0.00207779
 0.00119209 0.00157442 0.00331124 0.00070383 0.00195353 0.00130528
 0.0012834  0.00180348 0.00146766 0.00936789 0.00102002 0.00181543
 0.00139263 0.00533663 0.00124298 0.00186002 0.0018174  0.00109375
 0.00122437 0.01134818 0.00762298 0.01171302 0.00361193 0.00181446
 0.00528784 0.00144848 0.00184377 0.00320622 0.00194016 0.00216635
 0.00245769 0.00202152 0.00134062 0.00144676 0.00111143 0.00246351
 0.00184353 0.00191904 0.00175204 0.00192616 0.00148249 0.00112226
 0.00068003 0.00119938 0.00121556 0.00164206 0.00163828 0.00752654
 0.00181232 0.00524124 0.00325969 0.00068203 0.00185423 0.00138379
 0.00067615 0.00842476 0.00148768 0.00270463 0.00129543 0.00135382
 0.00318015 0.0011665  0.00185292 0.00231286 0.00212944 0.00113848
 0.00097987 0.00116974 0.00107639 0.00131383 0.0018166  0.00196428
 0.0010209  0.00113702 0.00181205 0.00155069 0.00121294 0.00311019
 0.00189062 0.00125169 0.00153697 0.00115985 0.0018573  0.00131535
 0.00182073 0.00120185 0.00184288 0.00064649 0.00203584 0.00188982
 0.01148983 0.00064753 0.00377628 0.00110288 0.00655202 0.00299757
 0.00254519 0.00141666 0.00222358 0.00705311 0.0016218  0.00179742
 0.00181388 0.00291709 0.00125716 0.00223381 0.00332741 0.00249599
 0.001603   0.00193329 0.00232652 0.00155876 0.00245052 0.00194594
 0.00177241 0.00065066 0.00273347 0.00182354 0.00133861 0.00184054
 0.00305966 0.00120156 0.00118411 0.00069309 0.00783041 0.03372922
 0.00244615 0.00154141 0.00806079 0.00184583 0.00256753 0.00193284
 0.00061835 0.00112388 0.00110729 0.00118466 0.00117663 0.00181978
 0.00176433 0.00809074 0.00120145 0.00126363 0.00130672 0.00177828
 0.00116366 0.00122028 0.00065239 0.00180105 0.00181763 0.00395056
 0.00349972 0.0020735  0.00122062 0.00320079 0.0008903  0.00183833
 0.00208642 0.00168301 0.00116363 0.00185898 0.00111917 0.0011812
 0.00213165 0.00176773 0.00209028 0.00190404 0.00190913 0.00186722
 0.00120115 0.00064271 0.00177085 0.00271878 0.00087029 0.00067293
 0.00113479 0.00280697 0.0043431  0.00066563 0.00178135 0.00218563
 0.00118204 0.00289584 0.00115216 0.00189202 0.00128284 0.00119706
 0.00164068 0.0020584  0.00192235 0.00071387 0.00151891 0.00118512
 0.00108518 0.00174706 0.00130434 0.00310286 0.0018625  0.00064331
 0.00335515 0.00107443 0.00065426 0.00112324 0.00121706 0.00186917
 0.00117398 0.00063358 0.00185636 0.00172001 0.0012319  0.00082527
 0.00200863 0.0018415  0.0017795  0.00095802 0.00125281 0.00083114
 0.00124156 0.00099467 0.00074002 0.0012582  0.00079775 0.00117796
 0.00120504 0.00155186 0.00117937 0.00199431 0.00179945 0.0011016
 0.0011994  0.00124564 0.00161752 0.00177522 0.00115779 0.00186222
 0.00312887 0.00195136 0.00148554 0.00062128 0.00188005 0.00121931
 0.0013324  0.00206816 0.00433037 0.00352667 0.00063804 0.00068084
 0.00736954 0.0015313  0.00183229 0.00112465 0.01179218 0.00106619
 0.00316964 0.00117386 0.00069866 0.00294844 0.00111424 0.00191941
 0.00189904 0.00186132 0.0011288  0.00118012 0.00183871 0.00120076
 0.00193714 0.00121745 0.00078111 0.00116775 0.00181999 0.00180819
 0.00199796 0.00189921 0.00148883 0.00238986 0.00118135 0.00115007
 0.00261274 0.00065586 0.00184772 0.00248741 0.00153892 0.00161383
 0.00176732 0.00176783 0.0011516  0.00065976 0.00356126 0.0170252
 0.00065583 0.00239723 0.00138168 0.00635338 0.00120431 0.00918796
 0.00073142 0.0040859  0.00065815 0.02243386 0.00422312 0.002258
 0.0019983  0.00543078 0.00242738 0.00102991 0.0021234  0.00294643
 0.00173784 0.00111591 0.00177491 0.00176102 0.01010357 0.00077503
 0.0017079  0.00131081 0.00182492 0.00120642 0.00117986 0.00114411
 0.00169039 0.00138917 0.0011693  0.01087681 0.00241788 0.00073896
 0.00114924 0.00125074 0.00112503 0.00123175 0.0017795  0.00121031
 0.00113095 0.00113395 0.00259139 0.00211063 0.00251268 0.0011078
 0.00177456 0.00431984 0.00283019]"
94,20241106,8.101211423298611,"[0.00287876 0.00141926 0.0018021  0.00145514 0.0011376  0.0029315
 0.0015526  0.00204928 0.00095675 0.00529026 0.00088524 0.00144805
 0.00111288 0.00183339 0.00182131 0.00824459 0.00140451 0.00168374
 0.00147937 0.0018058  0.00175489 0.00203034 0.00467368 0.00193095
 0.00233026 0.00183054 0.00186054 0.00189109 0.00105388 0.00159801
 0.00180487 0.0010861  0.00343556 0.00568882 0.00187688 0.001569
 0.00171294 0.00186467 0.00183038 0.00214113 0.00190601 0.00097984
 0.00226544 0.00180686 0.00172465 0.00383077 0.00157552 0.00185256
 0.001869   0.00077682 0.00702961 0.00309969 0.00110942 0.00319306
 0.00129147 0.00483056 0.00136923 0.00316147 0.00135512 0.00574961
 0.00165013 0.00375826 0.00150068 0.00171155 0.00192361 0.00223335
 0.00123884 0.00149819 0.00105125 0.00103927 0.00187321 0.03158683
 0.00214892 0.00137714 0.00150867 0.00045474 0.00113832 0.00107579
 0.00136697 0.0010201  0.00145851 0.00093612 0.00184378 0.00171037
 0.00111636 0.00186874 0.00384003 0.00698136 0.00151257 0.00156212
 0.00113385 0.00288864 0.00167765 0.00204786 0.00150077 0.00150689
 0.00133833 0.00194537 0.0025149  0.00102778 0.00100795 0.00187206
 0.00107947 0.00115907 0.00191187 0.00134999 0.00147239 0.00139649
 0.0014978  0.00173696 0.00131474 0.00223891 0.00199837 0.00181844
 0.00211504 0.00180144 0.00164032 0.00208167 0.00148206 0.00183337
 0.00065204 0.00126944 0.00136826 0.00147707 0.00278943 0.00367804
 0.00182418 0.00199964 0.00232413 0.00096748 0.00103046 0.00136415
 0.00209858 0.00526099 0.00175162 0.00210636 0.00238591 0.00102752
 0.00317609 0.00130597 0.00184157 0.00174399 0.00104279 0.001037
 0.00082688 0.00182133 0.00475736 0.00108711 0.00204507 0.05005585
 0.00188729 0.00169122 0.00248722 0.00162322 0.00119527 0.00100654
 0.00170253 0.00130004 0.00131477 0.0018991  0.00185228 0.00108301
 0.00185274 0.00136964 0.00237019 0.00141681 0.00125849 0.00176833
 0.00132293 0.00168676 0.00458147 0.000893   0.00158543 0.00146617
 0.00274418 0.00466268 0.00176613 0.00158634 0.00135566 0.00154393
 0.00111641 0.00138488 0.00129592 0.00093549 0.00202496 0.00938444
 0.00150527 0.00166117 0.00197378 0.00126442 0.00103809 0.00183983
 0.00190273 0.00124481 0.00101914 0.00144662 0.000797   0.00221318
 0.00236574 0.00130919 0.0006013  0.00419115 0.00972526 0.00596694
 0.00169791 0.00342235 0.00230316 0.00188534 0.00219872 0.00194258
 0.00122872 0.00236126 0.00169209 0.00148111 0.0014251  0.00158101
 0.00216492 0.00306582 0.00147512 0.00130131 0.00150415 0.00198427
 0.00108242 0.00129925 0.0015217  0.00187729 0.00189902 0.00113957
 0.00110707 0.00180586 0.0016107  0.00542077 0.00040456 0.00196601
 0.0019339  0.00209523 0.00128014 0.00202569 0.00290797 0.00110226
 0.00122535 0.00204111 0.0018285  0.0021809  0.00192618 0.0018472
 0.00196637 0.00145969 0.00187437 0.00126898 0.00169344 0.00135143
 0.00158079 0.00205682 0.00184264 0.00151597 0.00203003 0.00185939
 0.00132514 0.00164815 0.00180943 0.00199859 0.00090301 0.00145001
 0.00142404 0.00868843 0.00179227 0.00124262 0.0031583  0.0014436
 0.00176558 0.00823952 0.00100168 0.00112111 0.00188331 0.00128573
 0.00188971 0.00471929 0.0012924  0.00188511 0.00203915 0.00224798
 0.00148666 0.00125938 0.00200785 0.00246229 0.00149627 0.00142341
 0.00180353 0.00197114 0.00181874 0.00087092 0.00132828 0.00136296
 0.00108453 0.00105446 0.00100497 0.00144773 0.0007618  0.00130279
 0.00168724 0.00153981 0.00120811 0.00202358 0.0018514  0.00174912
 0.00138467 0.00101728 0.00110143 0.00139737 0.00122181 0.00269633
 0.00172635 0.00903803 0.00161193 0.00128327 0.00414594 0.00141505
 0.00169119 0.00242094 0.00188292 0.00094261 0.00131303 0.00054849
 0.00569239 0.00117504 0.00199345 0.00162366 0.0010097  0.0008443
 0.00324541 0.00162937 0.00127405 0.01149982 0.00176597 0.00449581
 0.00194131 0.00199623 0.00123591 0.00105593 0.0020149  0.0067549
 0.00194149 0.00136328 0.00286222 0.00101125 0.00176168 0.00174836
 0.00200143 0.00212522 0.00221755 0.00177965 0.00146292 0.00106409
 0.00164619 0.0017588  0.00172737 0.00077511 0.00086362 0.00161007
 0.00176141 0.00188661 0.001515   0.00123958 0.00508944 0.0024565
 0.00102954 0.00213109 0.00083699 0.0702871  0.00196537 0.00184233
 0.00139434 0.00100249 0.00069469 0.01934242 0.00111535 0.00161281
 0.00185538 0.00230603 0.0028402  0.00140588 0.00210375 0.00570887
 0.00221396 0.00201905 0.00184665 0.00183261 0.00843027 0.00204572
 0.00156078 0.00415664 0.00227526 0.00110865 0.00105039 0.00166127
 0.00136908 0.00077319 0.00106816 0.00742441 0.00148869 0.00091696
 0.00136751 0.00099525 0.00178173 0.0018978  0.00197078 0.00129204
 0.00138811 0.00164194 0.00169014 0.00150975 0.00096383 0.00182473
 0.00188162 0.00240426 0.00100696]"
95,20241120,7.324222453468102,"[0.0014862  0.00324616 0.00163571 0.00137386 0.00108239 0.00203408
 0.00075475 0.00226786 0.00115808 0.00164744 0.00128029 0.00113907
 0.00092804 0.00218957 0.00518952 0.00050703 0.0012918  0.00138914
 0.00133692 0.00164876 0.00424105 0.00216025 0.00230679 0.00107911
 0.00181823 0.00150393 0.00084427 0.00172822 0.00139777 0.00153868
 0.00214084 0.00104879 0.00170904 0.0058309  0.00144688 0.0020398
 0.0024103  0.00172447 0.00238982 0.00225426 0.00220241 0.00104762
 0.00535443 0.0024023  0.00133556 0.00188097 0.00134006 0.00272605
 0.00218703 0.00083762 0.00732228 0.00256755 0.00115205 0.00172982
 0.00088988 0.00116591 0.00136813 0.00117813 0.00156543 0.00325421
 0.00165177 0.00181908 0.00160399 0.00159511 0.00214293 0.00202096
 0.00083213 0.00140738 0.00164056 0.00101634 0.00150952 0.00962354
 0.00210946 0.00146137 0.00150064 0.00095362 0.00105661 0.00165133
 0.0012261  0.00115377 0.00256555 0.00160022 0.0020776  0.00167358
 0.00104866 0.00197673 0.00155317 0.02091249 0.00125436 0.00243357
 0.00129291 0.0016521  0.00209006 0.00213402 0.00182365 0.00180851
 0.00111501 0.00118741 0.00142325 0.00154243 0.00286106 0.00209857
 0.00148842 0.00170951 0.00212192 0.00100367 0.00211251 0.00077817
 0.00257576 0.00106564 0.00159318 0.00483534 0.00156143 0.00246258
 0.00220664 0.00175831 0.00224013 0.00215379 0.00189566 0.00154176
 0.00287021 0.00131061 0.00119453 0.00213026 0.00167964 0.00467533
 0.00231728 0.00276156 0.00124408 0.00175909 0.0013122  0.00117926
 0.00183472 0.00384369 0.00527407 0.0018076  0.00222138 0.00215902
 0.00117066 0.00126513 0.00211216 0.00303041 0.00111226 0.00090121
 0.00091731 0.00153114 0.00105451 0.0011863  0.00235881 0.00517066
 0.00168144 0.00158306 0.00174675 0.00271292 0.00292436 0.00221987
 0.00373192 0.00107765 0.00117276 0.00155423 0.00226094 0.00107493
 0.00214433 0.00118897 0.00231739 0.00140796 0.00136112 0.00221915
 0.00250657 0.00118363 0.00228906 0.00144957 0.00113091 0.00170503
 0.00244508 0.00113981 0.00216085 0.00085917 0.00372642 0.00238408
 0.00114441 0.00087502 0.00148522 0.00133598 0.00260699 0.00731288
 0.00209044 0.00234661 0.00200736 0.00127624 0.00424932 0.00225157
 0.00219819 0.00098766 0.00264246 0.00135457 0.00127837 0.00206944
 0.00277679 0.00114943 0.00101952 0.00242991 0.00304454 0.002957
 0.00216118 0.00882279 0.00238645 0.00213158 0.00241805 0.00210601
 0.00171141 0.0014072  0.00154859 0.00133873 0.00107122 0.0028166
 0.00213598 0.00164688 0.00133916 0.00364253 0.00183736 0.00223104
 0.00115489 0.00114541 0.0017462  0.00215922 0.00187168 0.00379207
 0.00105265 0.00230638 0.00341105 0.00181898 0.00087425 0.00217176
 0.00207585 0.00183133 0.00143372 0.00207634 0.00250655 0.0024515
 0.00122872 0.0022186  0.00216473 0.00213271 0.00209637 0.00234686
 0.0017216  0.00168909 0.00208154 0.00156242 0.00158097 0.0015881
 0.00173267 0.00219121 0.00333535 0.00135087 0.00215316 0.00206691
 0.00114441 0.06941319 0.00148641 0.00215802 0.00847258 0.00132847
 0.00170981 0.00157262 0.0023699  0.00162584 0.00081431 0.00125765
 0.00165318 0.00460097 0.00080818 0.00112638 0.00210886 0.00189945
 0.00237621 0.00444846 0.0011188  0.00271294 0.00207328 0.00217974
 0.00123495 0.00149915 0.00252534 0.00173315 0.00120355 0.00084551
 0.00616078 0.00222122 0.00238608 0.00217952 0.00304001 0.00149263
 0.00115218 0.00095482 0.0050333  0.00267438 0.00098207 0.00150816
 0.00154862 0.00756613 0.00139782 0.0021864  0.00207499 0.00150719
 0.00122752 0.00106071 0.00083596 0.00130809 0.00145984 0.00163404
 0.00291079 0.00837335 0.00327416 0.0017149  0.00096782 0.00110197
 0.00230442 0.00136104 0.00414756 0.00240528 0.0016323  0.00055642
 0.00870649 0.00117197 0.00260023 0.00168469 0.00917505 0.00124171
 0.00186527 0.0021522  0.00157185 0.0077525  0.00144135 0.00137237
 0.00219301 0.00203768 0.00142511 0.00113965 0.00187459 0.00219839
 0.00220148 0.00112511 0.00297743 0.00086598 0.001964   0.00196965
 0.00237603 0.00212482 0.00276724 0.00242835 0.0011096  0.00078258
 0.00410916 0.00153845 0.00212875 0.00144522 0.0015771  0.00178359
 0.00229233 0.00234069 0.00120675 0.00158827 0.00407948 0.00189556
 0.00163079 0.00212932 0.00142988 0.03181087 0.00170753 0.00875721
 0.00190082 0.01829897 0.00245752 0.00629832 0.00115151 0.00317887
 0.00222713 0.00126074 0.00240398 0.00110294 0.00213784 0.00213134
 0.00222207 0.00148198 0.00232203 0.00215277 0.001813   0.00203875
 0.00099885 0.00077573 0.00206258 0.00123227 0.00141892 0.00144728
 0.00341436 0.00245459 0.00108754 0.00097403 0.00163502 0.00162114
 0.00137008 0.00110827 0.00157    0.00185728 0.00223946 0.001265
 0.00137746 0.00132836 0.00125242 0.00208112 0.00120743 0.00151495
 0.00216146 0.00317913 0.00177121]"
96,20241124,7.9382705843358075,"[0.00140455 0.0015956  0.00142774 0.00135991 0.00122509 0.00312241
 0.00164165 0.00168661 0.0013886  0.00336264 0.0010722  0.0014418
 0.00116411 0.0019279  0.00099919 0.02291464 0.00138055 0.0014599
 0.00140186 0.00173112 0.00239528 0.00183769 0.00294384 0.00101028
 0.00100228 0.00143194 0.0013117  0.00160291 0.00085407 0.00090964
 0.00176294 0.00231494 0.00147267 0.0033371  0.00081256 0.00106203
 0.00159235 0.00128285 0.00202553 0.00186424 0.00170813 0.00126667
 0.00108059 0.0017371  0.0014552  0.00170027 0.00135501 0.00189488
 0.00207761 0.00163773 0.07051538 0.00132823 0.00119604 0.00153197
 0.0007128  0.00167459 0.00137366 0.00118062 0.0021066  0.03827139
 0.00144636 0.00214629 0.00463889 0.00147959 0.00185706 0.00172705
 0.00184324 0.00140336 0.00079649 0.00143893 0.00141418 0.00472669
 0.00184249 0.00137874 0.00144354 0.00748627 0.00087869 0.00092398
 0.00137922 0.00114198 0.00084196 0.00091874 0.00191664 0.00078756
 0.00103317 0.0017809  0.00244174 0.01040858 0.00084401 0.00189522
 0.00099457 0.00358354 0.00128561 0.00168604 0.00134792 0.00094916
 0.00137775 0.00255771 0.00117785 0.00234826 0.0018077  0.00181171
 0.00110852 0.00093397 0.0017133  0.00105435 0.00139847 0.0017395
 0.00150892 0.00099574 0.00083001 0.00559457 0.00146163 0.00199922
 0.00191773 0.00127674 0.00188182 0.00165539 0.00344035 0.00141902
 0.00118075 0.00138438 0.00138912 0.00142091 0.00100256 0.00319614
 0.00193929 0.00178879 0.00090976 0.00119658 0.00458517 0.00447601
 0.00104575 0.00381178 0.00228512 0.00076633 0.00154518 0.00188353
 0.00524241 0.00141754 0.00170774 0.00140964 0.00106612 0.00148543
 0.00106742 0.00148837 0.0008673  0.00138169 0.00172688 0.01069147
 0.00108193 0.00149212 0.00147206 0.00213055 0.00075539 0.0008151
 0.00193534 0.00136832 0.00140142 0.00173592 0.00176228 0.00144896
 0.00186072 0.0014055  0.00200236 0.00100252 0.00475422 0.00169883
 0.00106289 0.00106457 0.0225923  0.00105859 0.00160171 0.00152806
 0.00150698 0.00075649 0.00168495 0.0009897  0.00187358 0.0017895
 0.00092703 0.00175721 0.00136676 0.00122905 0.00366993 0.00303887
 0.00168562 0.0019399  0.00176055 0.00139576 0.00101409 0.00181146
 0.00174088 0.00084296 0.00113807 0.00118727 0.00154829 0.00179538
 0.00175019 0.00137363 0.00107601 0.00154144 0.01043199 0.00197718
 0.00166272 0.00084214 0.00397744 0.00183135 0.00141338 0.0020809
 0.00084955 0.00145099 0.00152301 0.00139165 0.00144858 0.00175334
 0.00178311 0.00514658 0.00139248 0.00164318 0.00224789 0.00182625
 0.00105606 0.00140314 0.00109618 0.00210138 0.00172025 0.00971773
 0.00144529 0.00164762 0.00122259 0.00572406 0.00164284 0.00180232
 0.00170589 0.00187915 0.00141352 0.00181468 0.00143992 0.00140702
 0.00115577 0.00190074 0.0017772  0.00211151 0.00233898 0.00194812
 0.00157078 0.00103896 0.0017989  0.001791   0.00150002 0.00095172
 0.00139779 0.00235164 0.00199463 0.00125684 0.00176285 0.00195929
 0.00141319 0.03072224 0.00150529 0.00169577 0.00297213 0.00139881
 0.00152216 0.00193941 0.00209286 0.00102851 0.00124468 0.00135782
 0.00140815 0.0055977  0.00142267 0.0012174  0.00184793 0.00094867
 0.00678771 0.0035747  0.00085818 0.00116743 0.00117741 0.00099206
 0.00140134 0.00107361 0.00177317 0.0008197  0.00148449 0.00135264
 0.00457582 0.00193553 0.00186612 0.00102938 0.00121657 0.00090007
 0.00152198 0.00091279 0.00127059 0.00130768 0.00117696 0.00143272
 0.00142805 0.00210226 0.00142532 0.0017775  0.00194355 0.00144367
 0.00140379 0.00152341 0.00230309 0.00115048 0.00145382 0.00173819
 0.00167208 0.00427708 0.00121584 0.00240016 0.00176603 0.00141585
 0.0017436  0.00246071 0.01076648 0.00144108 0.00109423 0.00105732
 0.00167175 0.00101497 0.00174014 0.00144553 0.00390823 0.00106163
 0.00703152 0.001704   0.00108046 0.03129921 0.00149573 0.00097542
 0.00175685 0.00191295 0.00140333 0.00149468 0.00168499 0.00418206
 0.00171407 0.00137494 0.0010643  0.00145846 0.00186141 0.00185282
 0.00178182 0.00204478 0.00141735 0.00190792 0.00140955 0.00136447
 0.00094732 0.0010963  0.0016849  0.00085153 0.00109481 0.00251149
 0.00185686 0.00181996 0.00137251 0.00093768 0.00301704 0.00114286
 0.00087017 0.00174201 0.00103511 0.00843912 0.0015553  0.00356978
 0.00089206 0.00669756 0.0011029  0.02040016 0.00188807 0.00192381
 0.00173345 0.00146552 0.0013433  0.00106604 0.00181949 0.00483819
 0.00168019 0.00146691 0.00192765 0.00173098 0.00150089 0.0008131
 0.00081404 0.00088459 0.00198741 0.00144004 0.001467   0.00149758
 0.00206843 0.00078243 0.00143585 0.00178689 0.00287124 0.00097618
 0.00140916 0.00115977 0.00145845 0.00157315 0.00178803 0.00141988
 0.00145767 0.00141284 0.00072686 0.00189389 0.00098968 0.001423
 0.00180319 0.0041575  0.00385681]"
97,20241214,7.260414896180703,"[0.00301302 0.00099048 0.00101762 0.00107397 0.00198024 0.00508555
 0.0011351  0.00213534 0.00127143 0.00196495 0.00068453 0.00125893
 0.00074276 0.00188462 0.00116576 0.00061383 0.00116637 0.00102417
 0.00106536 0.00111501 0.00196721 0.00186407 0.00186105 0.00283504
 0.00369369 0.00099532 0.00290844 0.00102274 0.00064658 0.00112549
 0.00203103 0.00145068 0.00196664 0.00349087 0.00107492 0.00086292
 0.00215504 0.00315012 0.00189481 0.00193702 0.00186388 0.00253423
 0.00427314 0.00189579 0.00101296 0.0017708  0.00105679 0.00099197
 0.00222339 0.00137    0.0404504  0.00235485 0.00214684 0.00211303
 0.0069823  0.00451281 0.00122013 0.00138003 0.0010748  0.00360583
 0.00105    0.00115402 0.00110404 0.00100206 0.0018752  0.00393555
 0.00125171 0.00112044 0.00105019 0.00103195 0.00100225 0.00178984
 0.00189193 0.00103523 0.00107012 0.00076204 0.00079886 0.00311503
 0.00125839 0.00115759 0.00107331 0.00060414 0.00193248 0.00108408
 0.0017073  0.00196135 0.00237675 0.03110914 0.00182527 0.00180234
 0.00121211 0.01101117 0.0018814  0.00559341 0.00255011 0.00188217
 0.00119057 0.0011388  0.00250699 0.00602363 0.00173181 0.00188805
 0.00211102 0.00440655 0.00183232 0.00128217 0.0015207  0.00070557
 0.00224964 0.00235488 0.00147255 0.00200709 0.00108338 0.00171512
 0.00188457 0.00347424 0.00186101 0.00209743 0.00135074 0.00099509
 0.00075978 0.00122592 0.0012148  0.00162493 0.00359913 0.00474218
 0.00187011 0.00166832 0.0036287  0.00072587 0.00090222 0.00351703
 0.00102965 0.00097997 0.01800475 0.00153828 0.0032784  0.00126047
 0.00794719 0.00113556 0.00181141 0.00248042 0.00155496 0.00102263
 0.00067933 0.00098485 0.01317803 0.00122496 0.00191268 0.001416
 0.00256539 0.00105003 0.00567343 0.00173183 0.00108404 0.00292235
 0.00224052 0.00118264 0.00112786 0.00098413 0.00186714 0.00101155
 0.00193388 0.0012603  0.00186691 0.00059885 0.00225648 0.00196457
 0.0016256  0.00112076 0.00135212 0.00191784 0.00166295 0.00550561
 0.00233225 0.00275799 0.00180566 0.00135066 0.00139603 0.00185595
 0.00111718 0.01163968 0.00103973 0.00473973 0.00210573 0.0013215
 0.00377474 0.00188398 0.00184258 0.00119292 0.00119786 0.00187938
 0.00188689 0.00083839 0.0010343  0.00278739 0.00149317 0.00199171
 0.00188554 0.00123288 0.00068672 0.00161128 0.01085438 0.01074539
 0.00166942 0.00556364 0.00243637 0.00184454 0.00403021 0.00193522
 0.00095838 0.00102407 0.00105265 0.00108246 0.0011184  0.00190123
 0.00189895 0.00317939 0.00107891 0.001258   0.00097269 0.00187814
 0.00131623 0.00118211 0.0005863  0.0018852  0.00195161 0.00169198
 0.00158896 0.00229144 0.00098451 0.00380053 0.00092829 0.00191855
 0.00177977 0.00384571 0.00109609 0.00194638 0.00180575 0.001654
 0.00323796 0.00219391 0.00183531 0.00188657 0.00184744 0.00186649
 0.00100741 0.0006373  0.00187437 0.00318378 0.00066972 0.00069067
 0.00101819 0.00211495 0.00164895 0.00063191 0.00190036 0.00198723
 0.00132813 0.01286109 0.0010328  0.00183221 0.00275123 0.00102657
 0.00107099 0.0007748  0.00184073 0.00058658 0.00112261 0.00107163
 0.00105293 0.00137473 0.00128586 0.00162105 0.00188401 0.00062634
 0.00191237 0.00261091 0.00676447 0.00211074 0.00138638 0.00159642
 0.00106263 0.00060928 0.00186093 0.00239618 0.00124253 0.00063206
 0.00220671 0.00201228 0.00188804 0.00124393 0.00095224 0.00064801
 0.00101885 0.00064718 0.00097321 0.00096042 0.0006048  0.00108695
 0.00100382 0.00331587 0.00115705 0.00238047 0.00197676 0.00099939
 0.00122414 0.0010545  0.00125035 0.00320221 0.00117486 0.00111312
 0.00221536 0.00333085 0.00299883 0.00148566 0.00159228 0.00111687
 0.001027   0.00136868 0.00430542 0.00642753 0.00058552 0.00114731
 0.00105977 0.00167819 0.00186152 0.00100329 0.01066999 0.00181048
 0.01068626 0.00099647 0.00095359 0.02041138 0.00102044 0.0014185
 0.00182621 0.00186866 0.00127215 0.00101222 0.00253862 0.00252167
 0.0018933  0.00135241 0.00062492 0.00102134 0.00199493 0.00189211
 0.00190898 0.00186514 0.00151455 0.00199731 0.00126529 0.00130247
 0.00133203 0.0006267  0.00189736 0.00141298 0.00093892 0.00110721
 0.00203402 0.0018486  0.00104083 0.0006212  0.00188585 0.00234224
 0.00071141 0.00181727 0.00100192 0.05195873 0.0010058  0.01820436
 0.00062134 0.00724594 0.00124171 0.01467522 0.00170647 0.0018532
 0.00183183 0.00372924 0.00196858 0.00123995 0.0018544  0.00213145
 0.00285268 0.00100401 0.00199774 0.00180733 0.00219206 0.00328218
 0.00150345 0.00128949 0.00191703 0.00152678 0.00101408 0.00100941
 0.00144793 0.00076851 0.00101164 0.00133261 0.00306553 0.0005788
 0.00109804 0.00099408 0.00100357 0.00104214 0.00189397 0.00110801
 0.00104669 0.0010402  0.00136873 0.00181628 0.00112561 0.00101757
 0.00193981 0.00149616 0.00207427]"
98,20240905,6.979799628136462,"[0.00347148 0.00396297 0.00154489 0.00152993 0.00314858 0.00201902
 0.00144801 0.00145054 0.0012754  0.0015145  0.00163599 0.00161389
 0.00184082 0.00133495 0.002807   0.00682244 0.00139889 0.0014709
 0.00154872 0.00150495 0.00174972 0.00143449 0.00257873 0.00120766
 0.00222448 0.00149558 0.00114992 0.00151791 0.00214701 0.00220901
 0.00196269 0.001191   0.00188431 0.00214776 0.00244623 0.00206672
 0.00231633 0.00118924 0.00150674 0.00191273 0.0019426  0.00105055
 0.00234415 0.00144986 0.00149531 0.00174011 0.00147768 0.00192686
 0.00118547 0.00105867 0.04063394 0.00278096 0.00129172 0.00248323
 0.00217225 0.00170356 0.00160342 0.0023026  0.00092005 0.00131287
 0.0015526  0.0022694  0.00098856 0.00145189 0.00152975 0.0011701
 0.00118605 0.00142222 0.00343847 0.001367   0.00150495 0.00814568
 0.00172214 0.00141525 0.00163682 0.00130342 0.00191029 0.00124272
 0.00161519 0.00103052 0.00213627 0.00204096 0.00286883 0.00110998
 0.0009111  0.00153929 0.00122808 0.00420665 0.00264721 0.00134058
 0.0011562  0.00736815 0.00242429 0.00177933 0.00755693 0.00106487
 0.00152563 0.00134199 0.00317174 0.00148083 0.00159526 0.00129261
 0.00142844 0.00292533 0.00129213 0.00102693 0.00189103 0.00294813
 0.00132318 0.00217323 0.00330344 0.00361556 0.00145787 0.00117773
 0.00154121 0.00117626 0.0020888  0.00174912 0.00198145 0.00162324
 0.00145617 0.00151682 0.00147265 0.00155963 0.00334057 0.0011272
 0.00142088 0.002499   0.00183248 0.00111985 0.00123603 0.00149519
 0.00233932 0.00444306 0.00422999 0.0012188  0.00106464 0.00214776
 0.00524312 0.00144277 0.0012825  0.00126785 0.00110979 0.00139541
 0.00230031 0.00155334 0.00242001 0.00315236 0.00140718 0.00214792
 0.00224515 0.00147072 0.00275883 0.00394731 0.00168202 0.00109883
 0.00149753 0.0015807  0.0017064  0.00148327 0.00143863 0.00139352
 0.00156799 0.00149313 0.00157353 0.00194339 0.00115452 0.00148691
 0.00301075 0.00114367 0.00150296 0.00153608 0.00094814 0.00232627
 0.00322013 0.00193866 0.00136946 0.00114774 0.00127783 0.00137897
 0.00213061 0.00124095 0.00142052 0.0016065  0.0012129  0.00260275
 0.00161462 0.00197055 0.0015026  0.00135698 0.00416866 0.00133922
 0.00153308 0.00375152 0.0011724  0.00506701 0.00105208 0.00160103
 0.00225461 0.00152472 0.00308339 0.00183339 0.04305378 0.022591
 0.00170084 0.00816925 0.0054468  0.00140874 0.00114086 0.0015172
 0.00228679 0.00149039 0.00147353 0.00153513 0.00167843 0.0013702
 0.00153673 0.00175101 0.00143454 0.0010203  0.00090233 0.0014954
 0.0010192  0.00145407 0.00204419 0.00129259 0.00203926 0.0011208
 0.00112682 0.00258399 0.00088081 0.00429355 0.00150848 0.00204147
 0.00144067 0.0013587  0.00146623 0.00136928 0.00222171 0.00300697
 0.00241704 0.00151923 0.00142855 0.00180601 0.0014498  0.00134837
 0.00155678 0.00215714 0.00141652 0.00129535 0.00219374 0.00188214
 0.00147822 0.00184022 0.00119818 0.00172138 0.00152602 0.00136522
 0.00142894 0.01769575 0.00148263 0.00142491 0.00383202 0.00150787
 0.00097442 0.00315967 0.0011354  0.00305814 0.00284693 0.00194308
 0.00144285 0.00178858 0.00163213 0.00116731 0.00159757 0.00205186
 0.00140216 0.00248908 0.00177489 0.00234301 0.00178002 0.0032559
 0.00143885 0.00205423 0.00137984 0.00329011 0.00191871 0.00160825
 0.00192713 0.0012566  0.00135345 0.00109248 0.00094361 0.00272816
 0.00132314 0.00141484 0.00307479 0.00091073 0.00215715 0.00142643
 0.00152968 0.00225166 0.0015653  0.0019777  0.00138759 0.001554
 0.00147308 0.00142281 0.00333875 0.00294782 0.00141027 0.00157857
 0.00146769 0.00405221 0.00116632 0.00204672 0.00135013 0.0015245
 0.00111849 0.00106606 0.00175498 0.00139924 0.00252867 0.00209733
 0.0015561  0.00099506 0.00148913 0.00147588 0.00321751 0.00139816
 0.01019396 0.00152631 0.00162709 0.0095286  0.001536   0.00328784
 0.00140482 0.00162896 0.00140471 0.00136043 0.00341447 0.00230869
 0.00125717 0.00153283 0.00227916 0.00136599 0.0017046  0.00187535
 0.00200774 0.00162913 0.00251277 0.00133367 0.00150263 0.00110442
 0.00142017 0.00256112 0.00133934 0.00210371 0.00126637 0.00092333
 0.00143023 0.00191069 0.00144469 0.00165344 0.00275848 0.00191936
 0.00222597 0.00167881 0.00085505 0.0748103  0.00152016 0.0036428
 0.00168938 0.00325031 0.00138681 0.0017791  0.0011303  0.00159099
 0.00132602 0.00728    0.00250411 0.00223326 0.00168289 0.00397153
 0.00192908 0.00149585 0.00146604 0.00132269 0.00200292 0.00320469
 0.00293775 0.00151747 0.00145635 0.00130439 0.00136831 0.00151893
 0.00106285 0.00146513 0.00133253 0.00245728 0.001245   0.00239644
 0.00153617 0.00115865 0.00151321 0.00144622 0.001637   0.00136246
 0.00160656 0.00154668 0.00138957 0.00142714 0.00106383 0.0015009
 0.0016807  0.00259805 0.00432947]"
99,20241205,7.743468319471666,"[0.00180347 0.0014186  0.0017272  0.00133382 0.00172152 0.00130035
 0.00129207 0.00150223 0.00138197 0.00280215 0.00046272 0.00146794
 0.00167721 0.00163723 0.00297528 0.00349194 0.0014197  0.00143122
 0.00138074 0.00166636 0.00173364 0.00170133 0.00501597 0.00622704
 0.00200491 0.00150873 0.00147263 0.00158486 0.00140677 0.00162997
 0.00167223 0.00184607 0.0018345  0.00202079 0.00165642 0.00230769
 0.00164377 0.00218151 0.00187963 0.00173275 0.00166757 0.00106942
 0.00215906 0.00152963 0.00135948 0.00186052 0.00142352 0.00147627
 0.00149339 0.00155676 0.02779147 0.00158535 0.00173683 0.00175113
 0.00688318 0.01673359 0.00144844 0.00322263 0.00115433 0.00595111
 0.00133836 0.00087977 0.00177805 0.00144574 0.00175963 0.00173756
 0.00214397 0.00140188 0.00136842 0.00131561 0.00153363 0.01071271
 0.00236425 0.0015234  0.00148734 0.00054568 0.00232974 0.00133508
 0.00149722 0.00120568 0.00123559 0.0019311  0.00269541 0.00178284
 0.00163815 0.00152236 0.00166548 0.04644588 0.00106883 0.00174318
 0.00117595 0.00190659 0.00207488 0.00217318 0.00137443 0.00143444
 0.0014363  0.00180203 0.00190781 0.00113114 0.00246914 0.00149849
 0.00206962 0.00243364 0.00165566 0.00103448 0.00162491 0.00061834
 0.00204021 0.00181158 0.0022104  0.00234095 0.00147461 0.00154718
 0.00172077 0.00325924 0.00150915 0.00133531 0.00116473 0.00151679
 0.001184   0.00150145 0.00147673 0.00132977 0.0023497  0.00117858
 0.00149147 0.00102613 0.00238361 0.00081527 0.00160407 0.0013572
 0.00211233 0.00217789 0.00210237 0.00181386 0.00188394 0.00168615
 0.00877379 0.00140798 0.00175293 0.00232548 0.00256012 0.00129206
 0.00158643 0.00159689 0.00094103 0.00100267 0.00166446 0.00159856
 0.00291582 0.00145261 0.00369819 0.01421771 0.00228445 0.00221779
 0.00324986 0.00145893 0.00149199 0.0015866  0.00158332 0.00133423
 0.00158508 0.00145825 0.00173942 0.00245582 0.0014915  0.00162673
 0.00052501 0.00351429 0.00794915 0.00095389 0.00216689 0.00131821
 0.00212151 0.00249554 0.00152622 0.00131619 0.00153584 0.00188011
 0.00220985 0.00340462 0.00156208 0.0016854  0.00271198 0.00353929
 0.00467293 0.00174854 0.00170587 0.00146707 0.00189178 0.00166026
 0.00152914 0.00179206 0.00158787 0.00128128 0.00167156 0.00155698
 0.00345511 0.00144502 0.00039536 0.00203645 0.03024249 0.02479526
 0.00129265 0.00448307 0.00190867 0.00165986 0.00241861 0.00140156
 0.00117137 0.00142818 0.0013999  0.00136597 0.00171252 0.00142453
 0.00197026 0.00480573 0.00138716 0.00110942 0.00117117 0.00195974
 0.00175975 0.00143084 0.00113312 0.00173261 0.00163164 0.0010054
 0.00246746 0.00212519 0.00120065 0.00442855 0.00170769 0.00149549
 0.00181147 0.00437421 0.00142515 0.00179758 0.00170576 0.00150632
 0.00118518 0.00169188 0.00152062 0.00166038 0.00169634 0.00196535
 0.00158612 0.00186208 0.00161722 0.0020754  0.00109099 0.00207356
 0.00136907 0.00199508 0.00361105 0.00258016 0.00177417 0.0018603
 0.00144758 0.00464726 0.00138569 0.00159631 0.00171592 0.00138009
 0.00123259 0.00106087 0.00147287 0.00194226 0.00306195 0.00146955
 0.00145657 0.00248074 0.00144163 0.00170277 0.0016814  0.00216099
 0.00181315 0.00403514 0.00333435 0.00188466 0.00199847 0.00160033
 0.00140773 0.00139006 0.00166392 0.0022277  0.00159262 0.00100008
 0.00242337 0.00235346 0.00141798 0.00133162 0.00113817 0.00157756
 0.00135564 0.00251587 0.0005851  0.00121259 0.00061566 0.0014332
 0.00141919 0.0022553  0.00147885 0.00192078 0.00158214 0.001659
 0.00146191 0.00152609 0.00239515 0.00203572 0.00138288 0.00225092
 0.00167333 0.00188767 0.00121546 0.002631   0.00146342 0.00146908
 0.00128629 0.00177725 0.00156998 0.00182315 0.00150442 0.00039491
 0.00195071 0.00110828 0.0017057  0.00143877 0.00185332 0.00144628
 0.0055711  0.00147962 0.00187046 0.02832284 0.00135642 0.00240315
 0.00162691 0.00158675 0.00145203 0.00132275 0.00206383 0.00149357
 0.00174912 0.00149377 0.00107992 0.00133261 0.00164492 0.00155847
 0.00172196 0.00162028 0.00168281 0.001722   0.0015042  0.00199732
 0.00162254 0.00185912 0.00181794 0.00121125 0.00147794 0.00130478
 0.00167769 0.00178551 0.00134864 0.00198625 0.01023575 0.00174053
 0.00195841 0.00166538 0.00142436 0.03795503 0.00162938 0.00165294
 0.00224994 0.00558038 0.00225075 0.00485233 0.00194272 0.00210316
 0.00176003 0.00193421 0.00196748 0.00135194 0.00155086 0.00226215
 0.00158852 0.00156864 0.0014202  0.00162893 0.00226817 0.00041343
 0.00138393 0.00167765 0.00190112 0.00135262 0.00138983 0.00149926
 0.00110266 0.00074965 0.00140188 0.00162649 0.00301573 0.00226957
 0.00134641 0.00136639 0.00141652 0.00146392 0.00149691 0.00140403
 0.00140545 0.00142011 0.00210416 0.00180084 0.00116606 0.0014003
 0.00203519 0.0011619  0.00493131]"
100,20241115,8.0882703011525,"[0.00222214 0.00145307 0.0015063  0.00134799 0.00237669 0.00126078
 0.00116251 0.00150863 0.00104821 0.0014301  0.00117367 0.001408
 0.00173935 0.00153908 0.00068816 0.01393879 0.00137029 0.0014071
 0.00134573 0.00132687 0.00170401 0.00162345 0.00156299 0.0023041
 0.00180947 0.00150367 0.00181838 0.00154929 0.00150485 0.00181547
 0.0018605  0.00171211 0.00226474 0.00388777 0.00204964 0.00140403
 0.00200767 0.00181448 0.00150265 0.00158884 0.00151613 0.00185915
 0.00293472 0.00169695 0.00151716 0.00180016 0.00130819 0.00157153
 0.00158992 0.00116491 0.00429886 0.00178372 0.00243981 0.00366791
 0.00329297 0.0018297  0.00139583 0.00165751 0.00190439 0.00069581
 0.001415   0.00923638 0.00200304 0.00154812 0.00205994 0.00120928
 0.00152785 0.00141774 0.00136277 0.00098669 0.0014171  0.02514945
 0.00171337 0.00115854 0.00151887 0.00166098 0.00140254 0.00198678
 0.00147105 0.00131962 0.00103252 0.00117261 0.00123239 0.00109087
 0.00131673 0.0014013  0.00109775 0.01810857 0.00216044 0.00173425
 0.00134533 0.00704487 0.00218288 0.00431921 0.00114061 0.00565685
 0.00142781 0.00157458 0.00172446 0.00170337 0.00129519 0.00568996
 0.00158407 0.00246359 0.00158101 0.00135932 0.00124362 0.00190494
 0.00217637 0.00126501 0.0033368  0.00160436 0.00139809 0.00153042
 0.00173138 0.00172875 0.00139631 0.00115367 0.00182605 0.0014149
 0.00312273 0.00141192 0.00121208 0.00141812 0.00251072 0.00079071
 0.00137085 0.00503875 0.00221867 0.00198811 0.00350716 0.00174342
 0.00181932 0.0006252  0.00562572 0.00191308 0.00219196 0.00080747
 0.01790122 0.0011983  0.00152778 0.00308912 0.00197162 0.00164939
 0.00316615 0.00144046 0.00190509 0.00233505 0.00150771 0.00155543
 0.00202853 0.00140533 0.00096987 0.00659426 0.00288478 0.0011662
 0.00138632 0.00146362 0.00133776 0.00143939 0.00173024 0.00099923
 0.00164476 0.00125172 0.00148691 0.00188661 0.00175546 0.00147302
 0.00094747 0.00312276 0.057141   0.00157845 0.0012129  0.00329569
 0.00357321 0.00244636 0.00159354 0.0016545  0.0012338  0.00155014
 0.00146162 0.00133556 0.00129799 0.00363765 0.00126759 0.00422613
 0.00099217 0.00160878 0.0015849  0.00107026 0.00222098 0.0016601
 0.00136745 0.00227823 0.00282718 0.00282948 0.00076618 0.00153973
 0.00169102 0.00139711 0.00282885 0.00314342 0.01127532 0.01515344
 0.00152331 0.00254845 0.0018145  0.00163134 0.00273772 0.0012881
 0.00217937 0.00143752 0.00142974 0.00143948 0.00120651 0.00127009
 0.00159124 0.00942894 0.00152878 0.00220954 0.00193318 0.00146748
 0.00143901 0.00130954 0.00215946 0.00138465 0.00125489 0.01404681
 0.00217183 0.00144047 0.00196954 0.00321223 0.00866791 0.00172812
 0.00226365 0.00165005 0.00119532 0.00134485 0.00191016 0.00125639
 0.00149414 0.00145104 0.00162924 0.00154178 0.00149959 0.00184064
 0.00155196 0.00182554 0.00162746 0.00158528 0.00160903 0.00162063
 0.00146085 0.00152215 0.00254618 0.00169409 0.00140782 0.00142862
 0.00146165 0.00892724 0.00142604 0.00168472 0.00840608 0.0013354
 0.00279071 0.00174017 0.00136342 0.0026437  0.00374825 0.00151376
 0.00130963 0.00192861 0.00109814 0.00159814 0.0012474  0.00238185
 0.00169073 0.00132213 0.00218563 0.00210548 0.00113573 0.00409631
 0.00136378 0.00167386 0.00155778 0.00202365 0.00126115 0.00134652
 0.00151072 0.00153242 0.00143149 0.00263125 0.00233666 0.00149836
 0.00101002 0.00118445 0.00304193 0.00218943 0.00112142 0.00123087
 0.0014552  0.00154635 0.00109084 0.00127799 0.00161213 0.00148671
 0.00130277 0.00093177 0.00087574 0.0026591  0.00118467 0.00141611
 0.00155325 0.0066345  0.00174094 0.00108404 0.00111092 0.00131115
 0.00212017 0.00188431 0.00140052 0.00582712 0.00161539 0.00145828
 0.00396596 0.00233603 0.00217172 0.00147143 0.00172795 0.00155109
 0.00268502 0.00176327 0.00208922 0.00598538 0.00178224 0.00115703
 0.00171253 0.00140547 0.00120982 0.00095002 0.00149691 0.001524
 0.00142948 0.00134182 0.0018956  0.00094124 0.00164731 0.00131934
 0.00158082 0.00171315 0.00331582 0.00144334 0.00152498 0.00080206
 0.00103996 0.00171498 0.00155659 0.00198522 0.00139592 0.00232143
 0.00144404 0.00159906 0.00130684 0.00208495 0.00313814 0.00514677
 0.00256589 0.0016415  0.00196848 0.03602199 0.00148477 0.00138855
 0.001804   0.00184359 0.00091864 0.0047249  0.00126404 0.00157585
 0.00161312 0.00143741 0.00173413 0.00147028 0.0015116  0.00108262
 0.00356693 0.00147607 0.00139645 0.0015878  0.00351533 0.00177468
 0.00271176 0.00301376 0.00171589 0.00099037 0.00100595 0.00155357
 0.00234387 0.00108766 0.0010062  0.00657598 0.0048176  0.00123779
 0.00140714 0.00144645 0.0013801  0.00130021 0.00141411 0.00140244
 0.00138115 0.00142691 0.00317923 0.00144694 0.0014025  0.00140689
 0.00151603 0.00069073 0.00256176]"
101,20241224,9.602990484438331,"[0.00611651 0.00306828 0.00067555 0.00066433 0.00130171 0.00486984
 0.00071872 0.00228278 0.00103677 0.00152436 0.00140502 0.00076399
 0.00270353 0.00228776 0.0013701  0.00603947 0.00073216 0.00069661
 0.00068172 0.0006577  0.00221929 0.00316937 0.00525022 0.00147282
 0.00114171 0.00070607 0.00178531 0.00071397 0.00139991 0.00291043
 0.0023505  0.00149982 0.00186731 0.0030171  0.00155378 0.00131725
 0.00193594 0.00190056 0.00419583 0.00239489 0.00244606 0.00146011
 0.00166439 0.00222891 0.00074193 0.00207846 0.00069109 0.0009791
 0.00300409 0.00099116 0.00383558 0.00104845 0.00112727 0.00150918
 0.00100879 0.00100466 0.00074319 0.0011006  0.00078193 0.02189409
 0.00072579 0.0011255  0.000799   0.00067131 0.00231324 0.00289288
 0.00127772 0.00069034 0.00181548 0.00075037 0.00080919 0.00422417
 0.0023752  0.00068395 0.00070311 0.01120911 0.00134993 0.02002075
 0.00073058 0.0010341  0.00109635 0.001537   0.00231951 0.00092465
 0.00110068 0.0021272  0.00136796 0.00591833 0.00087436 0.0023398
 0.001643   0.00391595 0.00124602 0.00215587 0.00412835 0.00118026
 0.00073547 0.0015291  0.00304019 0.01107764 0.00293482 0.00233394
 0.00087515 0.00128987 0.0021906  0.00237693 0.00116309 0.00154457
 0.00173375 0.00115521 0.0019532  0.00289033 0.00074001 0.00215241
 0.00233335 0.00170279 0.00233107 0.00191774 0.00087865 0.00066625
 0.00149749 0.00073916 0.00070607 0.00444776 0.0012179  0.00332113
 0.00244153 0.00439198 0.00151675 0.00109304 0.00110883 0.00098772
 0.00162688 0.00898369 0.00180658 0.00388584 0.00109136 0.00141399
 0.04516787 0.00072983 0.00219735 0.00535105 0.00102255 0.00074097
 0.0013257  0.00069589 0.00199966 0.00075655 0.00208178 0.00285758
 0.0008829  0.00066178 0.00159211 0.00137663 0.00371558 0.00434588
 0.00362918 0.00091833 0.00078684 0.00071828 0.00205423 0.00078301
 0.00223411 0.00077501 0.00241562 0.00167804 0.00096359 0.0020754
 0.0020658  0.00130563 0.00081495 0.00207035 0.00113262 0.00155169
 0.00107198 0.00103412 0.00214445 0.00108554 0.00089307 0.00231149
 0.00100951 0.00329123 0.00069026 0.00196827 0.00211484 0.00200188
 0.00190878 0.00220599 0.00199788 0.00075514 0.00146677 0.00231281
 0.0025914  0.00129456 0.00092931 0.00146879 0.00385985 0.00247632
 0.00238908 0.00077275 0.00140511 0.00126585 0.00178189 0.0126138
 0.00192238 0.00185636 0.00403998 0.00211554 0.00156568 0.00264109
 0.00189461 0.00077488 0.00066532 0.00071588 0.00074787 0.00208549
 0.00194158 0.02341219 0.00073226 0.00078662 0.00082038 0.00199835
 0.00106051 0.00072599 0.0014204  0.00247556 0.0025977  0.00677328
 0.00101724 0.00242044 0.00127458 0.00377133 0.00134121 0.00210197
 0.00238631 0.00101479 0.00071468 0.00218097 0.00099021 0.00091682
 0.0011277  0.00259014 0.00229002 0.00259902 0.00229169 0.002154
 0.00073028 0.00177029 0.0021068  0.0017152  0.00212852 0.00169625
 0.00069852 0.00232172 0.00238974 0.0012755  0.00274314 0.00258994
 0.00072483 0.00568257 0.00066581 0.00273858 0.00148479 0.0006764
 0.00074912 0.00129498 0.00226088 0.00153539 0.00300292 0.00067379
 0.00063202 0.00646036 0.00091489 0.00142931 0.00214873 0.00173421
 0.00217625 0.00289586 0.00125658 0.0011397  0.00267688 0.00139153
 0.00068849 0.00194741 0.00214726 0.00107783 0.00094132 0.00133696
 0.00278137 0.00223225 0.00229791 0.00316127 0.00081941 0.00127111
 0.00080149 0.00186948 0.00113064 0.00075897 0.00168579 0.00072375
 0.00068675 0.00113784 0.00078191 0.00232812 0.00221305 0.00065639
 0.00076579 0.00080078 0.00085346 0.00185773 0.00071692 0.00141859
 0.00203742 0.00123917 0.00457494 0.0013802  0.00082264 0.00076722
 0.00079705 0.00084288 0.00082202 0.00886165 0.00184863 0.00128909
 0.03296924 0.00228186 0.00217776 0.00081663 0.00312091 0.001069
 0.01608344 0.00100818 0.00182115 0.00358363 0.00064263 0.00546232
 0.00263358 0.00229604 0.00082926 0.0007968  0.00223608 0.00202034
 0.00224232 0.00070478 0.0016355  0.00077704 0.00223874 0.0020971
 0.00430222 0.00218078 0.00111561 0.00316485 0.00073609 0.00103684
 0.0012545  0.0019457  0.0021293  0.00177201 0.00163401 0.00077196
 0.00207952 0.00214767 0.00066942 0.00139296 0.00825617 0.00278208
 0.00121406 0.00197849 0.00107483 0.04089838 0.00071959 0.00310941
 0.01208089 0.00646569 0.00085582 0.00501112 0.00139093 0.00198722
 0.00225406 0.00243996 0.00109141 0.0018656  0.00213778 0.00237363
 0.00210284 0.00070121 0.00274905 0.00233147 0.00126829 0.00286978
 0.00183253 0.00468349 0.00209813 0.00075685 0.00070563 0.0006929
 0.00080897 0.00157439 0.00077886 0.00205269 0.00288026 0.00136161
 0.00070831 0.00198344 0.00073989 0.00066071 0.00237002 0.00070537
 0.00078137 0.00065503 0.00236574 0.0023248  0.00188081 0.00066992
 0.00220522 0.00901859 0.00095271]"
102,20240903,7.2334205845578285,"[0.00173118 0.00133334 0.00106597 0.00099494 0.00476322 0.00148215
 0.00122576 0.00185239 0.001326   0.00138414 0.0011786  0.0011185
 0.00124843 0.00245322 0.00103325 0.03200729 0.00093302 0.00108976
 0.00098887 0.00109929 0.00195404 0.00224034 0.00272743 0.00165861
 0.00133758 0.00110341 0.00254206 0.00104805 0.00204896 0.00115079
 0.00209659 0.00431175 0.00092396 0.00162318 0.0011702  0.00171101
 0.00186326 0.00155776 0.00238092 0.00218953 0.00198465 0.00101216
 0.00130644 0.00209616 0.00094031 0.00222468 0.00094913 0.00251966
 0.00216456 0.0011712  0.00981828 0.0010622  0.00222871 0.00167035
 0.01248646 0.01101351 0.00117985 0.00121235 0.0010503  0.01198603
 0.0010101  0.00252315 0.00105364 0.00101287 0.00239144 0.0022971
 0.00105025 0.00100675 0.00132942 0.00090637 0.00103477 0.00204685
 0.00223729 0.00094125 0.00109546 0.00162107 0.00175199 0.00211083
 0.00111649 0.00215187 0.00157943 0.00154722 0.00201555 0.00155911
 0.0017082  0.00220136 0.00137831 0.00363801 0.00096328 0.00192467
 0.00134146 0.00501851 0.00081515 0.00202571 0.0031267  0.0019915
 0.0011281  0.00486082 0.00231576 0.00305353 0.00264342 0.00228725
 0.00382075 0.00091636 0.00211218 0.00124589 0.00095052 0.00197728
 0.00144515 0.00154261 0.00146859 0.00209059 0.00102872 0.00323234
 0.00205274 0.00167925 0.00227584 0.00181926 0.00101667 0.00103353
 0.00342205 0.00111909 0.00108708 0.00144461 0.00149655 0.0006443
 0.00233666 0.00631904 0.00136077 0.00105005 0.00196201 0.00106905
 0.00152996 0.01027994 0.00154516 0.0011011  0.0010856  0.00141366
 0.02947425 0.00095456 0.00222352 0.00316975 0.00126957 0.00091407
 0.00101455 0.00102595 0.00114252 0.00091702 0.00205474 0.00513981
 0.00092482 0.00116772 0.00152014 0.00556942 0.00189226 0.00114476
 0.0024142  0.00111672 0.00115536 0.00103566 0.00213516 0.00092038
 0.00217473 0.00111223 0.00235534 0.00162576 0.00225435 0.0020023
 0.00132237 0.00146211 0.00164521 0.01020417 0.00160235 0.00094507
 0.00108599 0.00245377 0.00199463 0.00126727 0.00130871 0.00213514
 0.00130397 0.00173694 0.00089248 0.00393763 0.0020205  0.00159102
 0.00168335 0.00228763 0.0020309  0.00099815 0.00343363 0.00215351
 0.00223706 0.00205743 0.0013474  0.00184913 0.00127866 0.0020913
 0.00217595 0.00112476 0.00100858 0.00369932 0.00410135 0.01248343
 0.00158556 0.00180452 0.00129134 0.00201602 0.00159728 0.00214204
 0.00108908 0.00113863 0.00098165 0.00099343 0.00090746 0.00242827
 0.00265737 0.003892   0.00107927 0.0016888  0.00114032 0.00260419
 0.00112709 0.00111889 0.00115969 0.00219787 0.00277383 0.01876384
 0.00313502 0.00260305 0.001047   0.00259143 0.00076005 0.00213187
 0.00196987 0.00142638 0.00106274 0.00222663 0.00113375 0.00119963
 0.00227968 0.00201863 0.00219028 0.00228394 0.00200146 0.00221707
 0.00105594 0.00182143 0.0022031  0.00202914 0.00169176 0.00180045
 0.0012185  0.00185816 0.01311225 0.00129851 0.00210428 0.00202956
 0.00122137 0.01093909 0.00109492 0.00229382 0.00600607 0.00097763
 0.00133365 0.00289996 0.00218876 0.00241731 0.00216111 0.00091913
 0.00100113 0.00455241 0.00107993 0.00489848 0.00225425 0.0015494
 0.00193009 0.00161934 0.00150764 0.00089699 0.00162884 0.00097579
 0.00095202 0.0017645  0.00185842 0.00129727 0.00147268 0.00124349
 0.00252409 0.00204496 0.00212221 0.00110352 0.00118341 0.00198319
 0.00088986 0.00191388 0.00184443 0.00114902 0.00127905 0.00105389
 0.00103965 0.00175577 0.00100112 0.00222646 0.00205212 0.00097456
 0.00109589 0.00100762 0.00151987 0.00159033 0.00099442 0.00122206
 0.00422286 0.03202831 0.00171272 0.00155909 0.00208508 0.00110125
 0.00094847 0.00174959 0.00343314 0.01884731 0.00184823 0.00097505
 0.00425845 0.0013252  0.00243532 0.00090783 0.00134317 0.00315736
 0.00318473 0.00093296 0.00097744 0.00917259 0.00097235 0.00259942
 0.00202688 0.00204116 0.00112678 0.00090994 0.00222492 0.00376115
 0.00205767 0.00109167 0.00108996 0.00092529 0.0021273  0.00239507
 0.00226933 0.00225218 0.0009498  0.00191623 0.00127627 0.00260776
 0.00209212 0.001707   0.00203842 0.0011687  0.00172449 0.00109846
 0.00215858 0.00211946 0.00091635 0.00162421 0.00274582 0.00218943
 0.00154212 0.00204521 0.00110101 0.02254718 0.00106642 0.00261434
 0.00197574 0.00201867 0.00098639 0.0034654  0.00390714 0.0018192
 0.00195389 0.00121053 0.00132053 0.00121642 0.00316345 0.00204028
 0.0034061  0.00112583 0.00226144 0.00203985 0.0014717  0.00213296
 0.00380533 0.00105281 0.00232517 0.00091891 0.00088918 0.00108784
 0.0013492  0.00055989 0.00091636 0.01137921 0.00451291 0.00202057
 0.00094473 0.00095802 0.00092534 0.00103055 0.00216472 0.0009479
 0.0009759  0.0009527  0.00442755 0.00195271 0.00103262 0.00107406
 0.00220304 0.00432388 0.00465475]"
103,20241125,7.222614977064468,"[0.00156952 0.00131712 0.00150004 0.00121766 0.00118799 0.00091264
 0.00106701 0.00153203 0.00113495 0.00127166 0.00122418 0.00141331
 0.00134397 0.0016415  0.00113241 0.00049399 0.00123075 0.00152563
 0.00142242 0.00165752 0.0019211  0.00191446 0.00181862 0.00254795
 0.00141161 0.0015527  0.00115218 0.00157263 0.00123544 0.00142416
 0.00138693 0.00128715 0.00155365 0.00419366 0.00161474 0.00146089
 0.00269158 0.0014616  0.00170675 0.00190854 0.00164516 0.0015806
 0.00224704 0.00211665 0.00174784 0.00161442 0.00154147 0.00170809
 0.00179192 0.00115632 0.01100525 0.00307544 0.00124522 0.0013872
 0.00129872 0.01243388 0.00155834 0.00241256 0.00183951 0.02420672
 0.00139037 0.00298515 0.0015218  0.00144988 0.00166789 0.00141989
 0.00199362 0.0013959  0.00170382 0.00101348 0.00148933 0.0070254
 0.00193936 0.00141838 0.0013265  0.00707172 0.00171534 0.00262331
 0.0015051  0.00170197 0.00120153 0.000778   0.00183335 0.00225246
 0.00140748 0.00173636 0.00181109 0.0035476  0.00247147 0.00148948
 0.00157163 0.01629756 0.00333492 0.00171615 0.00128656 0.00570268
 0.00150129 0.00234126 0.00139729 0.00084033 0.0024252  0.00160635
 0.00121471 0.00521749 0.00142324 0.00130597 0.00105082 0.00148971
 0.00781027 0.00154383 0.00164044 0.00857432 0.00132814 0.00374117
 0.0016292  0.0031463  0.00160799 0.00143972 0.00154112 0.00147435
 0.00107606 0.00150574 0.00152787 0.0019037  0.00305058 0.00501882
 0.00158141 0.00586151 0.00176024 0.0006887  0.00296931 0.00206141
 0.00139692 0.00081745 0.00348869 0.00325095 0.00355568 0.00131926
 0.03165747 0.00120711 0.00172281 0.00165119 0.00124191 0.00102289
 0.00606756 0.00157792 0.00892665 0.00487149 0.00164644 0.0019615
 0.00286009 0.0017659  0.00365128 0.00263363 0.00265304 0.00133366
 0.00181952 0.00147689 0.00168312 0.00134831 0.0016966  0.0010362
 0.00179733 0.00128082 0.00175018 0.00116344 0.00156891 0.00208472
 0.00069443 0.00181502 0.00597206 0.00141841 0.00119776 0.00227531
 0.00418332 0.00116803 0.00194704 0.00134796 0.00155924 0.00163207
 0.00126837 0.00203122 0.00139774 0.00273273 0.00157589 0.00868199
 0.00135175 0.00147514 0.00175946 0.0020421  0.00227243 0.00172176
 0.00168208 0.00152195 0.00188513 0.00837582 0.0016305  0.00177392
 0.00151479 0.00155855 0.00140953 0.00265324 0.01672028 0.00164373
 0.0012501  0.00131512 0.00125433 0.00175958 0.00126198 0.00163999
 0.001383   0.00157367 0.0014703  0.00140448 0.00153035 0.00151623
 0.00176424 0.00223654 0.00143194 0.00235386 0.00164262 0.00188239
 0.0017918  0.00144145 0.00183964 0.00157194 0.00157832 0.00268138
 0.00123733 0.0013626  0.0028314  0.00531133 0.00479486 0.00163907
 0.00180126 0.00505482 0.00120796 0.0017821  0.00433725 0.00184738
 0.00128928 0.00189367 0.00160545 0.00168222 0.001761   0.00174847
 0.00166353 0.00144748 0.00175727 0.00244958 0.00140615 0.00129264
 0.00132043 0.00168065 0.00311785 0.00125336 0.00167159 0.00217431
 0.001568   0.04569537 0.00137199 0.00173725 0.00720456 0.00139567
 0.00303457 0.00341686 0.00163973 0.00119309 0.00635347 0.00153994
 0.0015737  0.0024339  0.00115527 0.00118945 0.00165896 0.00121152
 0.0027758  0.00753806 0.00177669 0.00297557 0.00191133 0.00478131
 0.00142022 0.00124561 0.00176838 0.00153201 0.001676   0.00156905
 0.00342879 0.00165199 0.00169474 0.0016467  0.00170364 0.00131859
 0.00103191 0.00138301 0.00432633 0.00201012 0.00160698 0.00127673
 0.0015673  0.0034412  0.00127458 0.0016267  0.00167345 0.0015504
 0.00154834 0.00100637 0.00412255 0.00265635 0.00125356 0.00129747
 0.00370529 0.00309949 0.00421449 0.00156761 0.00230607 0.00132624
 0.00178964 0.00168356 0.00128617 0.00203069 0.00136925 0.00274885
 0.00159366 0.00135419 0.00179027 0.00146823 0.00135227 0.00160911
 0.00312686 0.0009307  0.00099038 0.01171112 0.00143283 0.00147489
 0.00169294 0.00164034 0.00114841 0.00104237 0.00196493 0.00225834
 0.00177316 0.00151679 0.0015001  0.00096199 0.00169574 0.00144488
 0.00147837 0.00186551 0.00280505 0.00174313 0.00153261 0.00118245
 0.00124701 0.00141884 0.00170831 0.00258283 0.00165906 0.00163928
 0.00158991 0.00181234 0.00137901 0.00056567 0.00174118 0.00224849
 0.00167725 0.00183232 0.00184156 0.00415142 0.00170745 0.00759191
 0.00184046 0.00170134 0.00128886 0.01152738 0.00122388 0.00135309
 0.00165305 0.0014517  0.00127739 0.00170659 0.00217273 0.00148822
 0.00177908 0.00146602 0.00162655 0.0016435  0.00182991 0.00054858
 0.00244812 0.00115106 0.00189315 0.00094252 0.00104136 0.00179779
 0.0025845  0.00081569 0.00101561 0.00359477 0.00146299 0.00153603
 0.00134705 0.00179145 0.00151697 0.00145624 0.00151012 0.00124661
 0.00148226 0.00146228 0.00323956 0.00176345 0.00144001 0.00150503
 0.00165727 0.00329151 0.0021911 ]"
104,20241213,8.0837416618207,"[0.00126785 0.00269475 0.00125382 0.00127765 0.00150356 0.00462602
 0.0013816  0.00240752 0.00124167 0.00173352 0.00194807 0.00133643
 0.0014655  0.0018503  0.00106153 0.01372806 0.00126224 0.00125446
 0.00131422 0.00141406 0.00150842 0.00164338 0.00206552 0.00167523
 0.00145801 0.00124703 0.00140632 0.00139968 0.00107352 0.00102896
 0.00160873 0.00139773 0.00112832 0.00282242 0.00113534 0.00127837
 0.00164614 0.00156133 0.0017202  0.00181213 0.00153257 0.00160698
 0.00218022 0.00172001 0.0013286  0.00183263 0.0013041  0.00530634
 0.00174443 0.00131722 0.01565447 0.00094199 0.0014586  0.00250996
 0.03020429 0.00181619 0.00131047 0.00082163 0.00081004 0.00139741
 0.00126812 0.00209305 0.00097999 0.00126059 0.00165946 0.00188408
 0.00145426 0.00129719 0.00171418 0.00131677 0.00132428 0.00135799
 0.00178983 0.00135008 0.00129739 0.00102957 0.00164921 0.0011945
 0.00128218 0.00154728 0.00137978 0.00130138 0.00195342 0.00305964
 0.00126788 0.00170514 0.00157331 0.07499639 0.00077616 0.00160032
 0.00143882 0.00377262 0.00078883 0.00222221 0.0020241  0.00132593
 0.00133989 0.00147896 0.00224899 0.00218519 0.00303874 0.00164482
 0.00145806 0.00076268 0.00172308 0.001557   0.00137399 0.0009272
 0.00171686 0.0083687  0.00290361 0.00178019 0.0012797  0.00194909
 0.00177707 0.00149186 0.00168578 0.00174594 0.00087558 0.00124826
 0.00214144 0.00131153 0.00139114 0.00253064 0.00649707 0.00161526
 0.00170988 0.00112613 0.00204815 0.00155759 0.00145529 0.00060599
 0.00129747 0.00205377 0.00126945 0.00130605 0.00108468 0.00128696
 0.00129644 0.00133983 0.00172447 0.00333491 0.00142434 0.00139208
 0.00206423 0.00130664 0.00066356 0.00060044 0.00168478 0.00771508
 0.00090259 0.00139884 0.00150412 0.00138589 0.00339849 0.00170018
 0.00292854 0.00133747 0.00134073 0.00126202 0.00170807 0.00139536
 0.00173376 0.0012636  0.00177476 0.00181206 0.00114959 0.00166491
 0.00207351 0.00095101 0.00150666 0.00161338 0.00248663 0.00093045
 0.00129378 0.00731919 0.00168672 0.00176032 0.00169585 0.0021154
 0.00357047 0.00754595 0.0013316  0.00148223 0.00170618 0.00109909
 0.00173461 0.00165437 0.0017398  0.00128802 0.00164809 0.00166361
 0.00165402 0.00135321 0.00257095 0.00113246 0.0014004  0.00168455
 0.00333227 0.00126162 0.00228953 0.00187311 0.0237107  0.01159265
 0.00126987 0.00221108 0.00468946 0.00163201 0.0017568  0.00168196
 0.00126466 0.00134548 0.00125682 0.00130502 0.0013064  0.00174709
 0.0016401  0.00678439 0.00127514 0.00144086 0.00091327 0.00166953
 0.00126093 0.00136915 0.00113905 0.00167685 0.0016913  0.01805683
 0.00141423 0.00158375 0.00114614 0.00161025 0.00123145 0.00177532
 0.00161871 0.00120665 0.00133655 0.00159167 0.00104927 0.00138306
 0.00145295 0.00177284 0.00165678 0.00165125 0.00177411 0.00188236
 0.00138581 0.00186877 0.00164868 0.00202948 0.00172555 0.00141897
 0.00125888 0.00166464 0.00169378 0.00182444 0.00167081 0.00164074
 0.00132312 0.01376245 0.00133554 0.00158025 0.00083885 0.00129886
 0.00139454 0.00346206 0.00183063 0.00107297 0.00432631 0.00126256
 0.00115122 0.0097823  0.00125388 0.00134687 0.00172285 0.00117886
 0.00438674 0.00191394 0.00147889 0.00081319 0.00240728 0.00125867
 0.00135508 0.00122593 0.00168839 0.00176501 0.0012659  0.0029405
 0.00161304 0.00172366 0.0015452  0.00194955 0.0007394  0.00146694
 0.00136825 0.00120662 0.00230326 0.0010702  0.0016897  0.00132339
 0.00123569 0.00399179 0.00124486 0.00176368 0.00185749 0.00135446
 0.00134126 0.00139015 0.00267543 0.00148512 0.00128383 0.00237705
 0.00181946 0.00517305 0.00148058 0.00119581 0.00131735 0.00130703
 0.00075389 0.00148409 0.00146602 0.00288941 0.00159371 0.0017176
 0.00502328 0.00135976 0.00173643 0.0012784  0.00158406 0.00200545
 0.00190587 0.00136253 0.00133389 0.0040672  0.00122508 0.00577877
 0.00167208 0.00166608 0.0013117  0.00142258 0.0023093  0.00800837
 0.0017141  0.00125994 0.00089164 0.0013579  0.00174734 0.00173637
 0.00154878 0.0017419  0.00074186 0.00177429 0.00124286 0.0015356
 0.00155562 0.00146891 0.00168869 0.00315579 0.00230503 0.00078004
 0.0016483  0.00178651 0.00132233 0.00138922 0.0022006  0.00202349
 0.00148145 0.00165191 0.0013211  0.04693891 0.00138553 0.00159702
 0.00111471 0.00850089 0.00403783 0.00923017 0.00147388 0.00215065
 0.00164521 0.00133236 0.00162456 0.00137991 0.0016718  0.00193445
 0.00170985 0.00130915 0.00175463 0.00177213 0.00687522 0.00103
 0.00169483 0.00115789 0.00183033 0.00148814 0.00153469 0.00116207
 0.00153197 0.00389427 0.00133167 0.00454538 0.00153552 0.00107308
 0.00134799 0.00143215 0.00137153 0.00159982 0.00165014 0.00132612
 0.00134699 0.00122177 0.00177867 0.0015969  0.00129503 0.00124257
 0.00169375 0.00399572 0.00157259]"
105,20241123,7.1597206472981645,"[0.00274123 0.00118453 0.00078432 0.00091756 0.00277824 0.00177334
 0.00095941 0.00533775 0.00135965 0.00541527 0.00173571 0.00102473
 0.00150769 0.00164534 0.0015175  0.01944151 0.00092005 0.00078347
 0.00093471 0.00082188 0.00159233 0.00162858 0.00170074 0.00213957
 0.00173837 0.00080143 0.00186687 0.00075785 0.00154635 0.00152084
 0.00165732 0.00205137 0.00085445 0.00199736 0.0015749  0.00155534
 0.00170088 0.00173471 0.00176299 0.00164961 0.00174956 0.0017128
 0.00331033 0.00165429 0.00079078 0.00155536 0.00084794 0.00182427
 0.00171791 0.00116857 0.03591572 0.0008149  0.00280915 0.00271974
 0.00096816 0.00273292 0.00107677 0.00075843 0.0017754  0.00269313
 0.00077607 0.00289954 0.00107923 0.00077813 0.00166656 0.00166385
 0.00117445 0.00091902 0.00089087 0.00102985 0.0007713  0.01153388
 0.00176191 0.00089874 0.00082371 0.00154287 0.00246151 0.00255266
 0.00100574 0.00160341 0.0028597  0.00153993 0.00166465 0.0009914
 0.00172712 0.00164184 0.00117611 0.01100843 0.00079653 0.0019672
 0.00170033 0.00676353 0.00105006 0.00192643 0.00192671 0.00091737
 0.00101118 0.00419496 0.0013421  0.00170057 0.00804191 0.00230942
 0.00312051 0.00071145 0.00158858 0.0015773  0.00148547 0.00182649
 0.00181283 0.00100525 0.00379573 0.00785369 0.00084818 0.00186236
 0.00174883 0.00172835 0.00165636 0.00167842 0.00203285 0.00079235
 0.00159135 0.00105724 0.00098626 0.00112696 0.00128111 0.00359711
 0.003056   0.00852157 0.00124578 0.00155234 0.00118385 0.00383729
 0.00153409 0.00239469 0.02020077 0.00148412 0.00087692 0.00143778
 0.02243083 0.00098843 0.00159123 0.01232282 0.00186404 0.00098377
 0.00162038 0.00074588 0.00115233 0.00177307 0.00161977 0.00096791
 0.00155977 0.00077269 0.00165293 0.00096954 0.0008833  0.00175923
 0.00216646 0.00104993 0.00101132 0.00075339 0.00165583 0.00102143
 0.00171523 0.00103951 0.00162854 0.00156129 0.00200937 0.00159633
 0.00156813 0.00173464 0.00191112 0.00126844 0.00330577 0.00121271
 0.00090342 0.00284437 0.00162371 0.00259372 0.00105097 0.00160594
 0.00279398 0.02826725 0.00081895 0.00109527 0.00264546 0.0012878
 0.00369711 0.00164731 0.0015709  0.00102291 0.00208072 0.00163475
 0.00173107 0.00164282 0.00141368 0.00099815 0.00111422 0.00162468
 0.00165354 0.00101697 0.0014992  0.00242557 0.00191278 0.01665756
 0.00161311 0.00148176 0.00538547 0.00165829 0.00200675 0.00302124
 0.00168047 0.00076613 0.0007711  0.00090161 0.00139542 0.00162077
 0.00167152 0.00193029 0.00090821 0.00169182 0.00179503 0.00162001
 0.00175837 0.00100672 0.00164523 0.00169511 0.00172865 0.00285588
 0.0034955  0.00168438 0.00126425 0.00174886 0.00187623 0.00168952
 0.00175388 0.00163581 0.00096395 0.00162913 0.00093749 0.0009852
 0.00162602 0.00169781 0.00160857 0.00171676 0.01260392 0.00163423
 0.00075561 0.00160781 0.00161303 0.00143999 0.00163968 0.00153404
 0.00078747 0.00192636 0.00450252 0.00164261 0.00168011 0.00177691
 0.00100929 0.00757915 0.00076592 0.00159768 0.00356654 0.00091263
 0.0010361  0.0024306  0.00162155 0.00181023 0.00992539 0.00087986
 0.00081654 0.00236293 0.00126762 0.0017521  0.00221694 0.00155825
 0.00170482 0.00167447 0.00151896 0.00157496 0.00144371 0.00087336
 0.00091386 0.00157    0.0016867  0.00157997 0.00099673 0.00188226
 0.00178648 0.00162824 0.00169068 0.00134377 0.00149823 0.00155271
 0.0009883  0.00153999 0.00150252 0.0012688  0.00177005 0.00096124
 0.00080053 0.00112459 0.00096223 0.00171275 0.00163258 0.00077668
 0.00101143 0.00101378 0.00153683 0.00100314 0.00095928 0.00117134
 0.00244188 0.01713468 0.00099568 0.00219439 0.00126329 0.00098782
 0.00171539 0.00150862 0.00161292 0.00247738 0.00153769 0.00155889
 0.00141441 0.00254606 0.00159486 0.00089304 0.00108426 0.00152451
 0.00333823 0.0007542  0.00155363 0.0339858  0.00088079 0.0023386
 0.00197641 0.00163689 0.00096466 0.00100336 0.00166129 0.00150729
 0.00164235 0.00102403 0.00263604 0.00098298 0.00163694 0.00169851
 0.00167006 0.00163564 0.00105184 0.00167695 0.00099536 0.00133237
 0.00085437 0.00156002 0.00158536 0.00275828 0.00150082 0.00221821
 0.00169489 0.00176209 0.00087592 0.00164048 0.00693157 0.00167949
 0.00187425 0.00161002 0.00149692 0.04897979 0.00074921 0.00329389
 0.00161368 0.00673206 0.00272065 0.00207269 0.00325824 0.00182783
 0.00162205 0.00121191 0.00133689 0.00172383 0.0016162  0.00177442
 0.00161872 0.00080663 0.00168118 0.00165245 0.00172774 0.00205212
 0.00304225 0.00112302 0.00168757 0.00106735 0.00097347 0.00077518
 0.00082855 0.00165733 0.00099398 0.00448783 0.00261578 0.00154063
 0.00088449 0.0024759  0.00077426 0.00079663 0.00170373 0.00092058
 0.00098895 0.00089891 0.00320726 0.00179154 0.00206768 0.00078567
 0.00166932 0.00643929 0.00285118]"
106,20241031,10.421612723680843,"[0.00143481 0.00078356 0.00157186 0.00152169 0.00133907 0.00183238
 0.00155877 0.00217215 0.00155449 0.00068269 0.00269333 0.00154034
 0.00101059 0.00218315 0.00148079 0.04028484 0.0016308  0.00157781
 0.00158376 0.00164391 0.00154846 0.00168454 0.00132838 0.00102451
 0.00132249 0.0016601  0.0010734  0.00173945 0.00084642 0.0008587
 0.00205891 0.00157659 0.00269053 0.00218717 0.0019567  0.00103867
 0.00211965 0.00215419 0.0020198  0.00201645 0.00194509 0.00105596
 0.0014552  0.00196888 0.0016777  0.00149847 0.00155692 0.00164746
 0.00199164 0.00156592 0.04156393 0.00225035 0.00136102 0.00250994
 0.00096601 0.00245675 0.00143109 0.00467515 0.00092778 0.00157952
 0.00158009 0.00282471 0.00102103 0.001711   0.00201218 0.00213439
 0.0017673  0.00156124 0.00109356 0.0016263  0.00159365 0.00474153
 0.00209432 0.00155915 0.00186328 0.00411793 0.00075782 0.00090652
 0.00157931 0.00080596 0.00091087 0.00087995 0.00203386 0.00074918
 0.00081693 0.00192138 0.00060999 0.00163624 0.00212816 0.00169571
 0.0009209  0.00353855 0.00343483 0.0015459  0.00200659 0.00326304
 0.00156382 0.00056446 0.00123126 0.00176873 0.00343979 0.00206116
 0.00133557 0.00219117 0.00174743 0.00080243 0.00169452 0.00100798
 0.00238876 0.00135821 0.00075397 0.0026973  0.00162005 0.00500044
 0.00204131 0.00226352 0.00210261 0.00212917 0.00090609 0.00161164
 0.00064542 0.00157415 0.00152159 0.00101437 0.00137965 0.00126503
 0.00205559 0.00283851 0.0011551  0.00237187 0.00068971 0.00131537
 0.00108866 0.00127271 0.00101294 0.00097078 0.00193129 0.00144387
 0.00176604 0.00156209 0.00170189 0.00221093 0.00074205 0.00168303
 0.00294898 0.00170248 0.00417861 0.00244515 0.00206734 0.02260455
 0.00275152 0.00167038 0.00229658 0.00125236 0.00074648 0.00072717
 0.01080888 0.00153913 0.00151153 0.00186319 0.00197641 0.00161783
 0.00199824 0.00148887 0.0020492  0.00092358 0.0013361  0.00181518
 0.00706378 0.00111622 0.00442879 0.00089984 0.00135713 0.00446428
 0.00257729 0.00196338 0.00160299 0.00101638 0.00144495 0.001685
 0.0006975  0.00065029 0.00159627 0.00601111 0.00244486 0.00069224
 0.00406163 0.00195609 0.00195026 0.00147442 0.00077362 0.00198022
 0.00206232 0.0008671  0.00088381 0.00204511 0.00182161 0.00182949
 0.00198968 0.00157577 0.00310955 0.00093833 0.00349517 0.00282364
 0.00103302 0.00354259 0.00220854 0.00217052 0.00215626 0.00202544
 0.00091352 0.00176618 0.00175307 0.00157129 0.00171514 0.00193486
 0.00211702 0.00142637 0.00159008 0.00110828 0.00104869 0.00200274
 0.00086495 0.00153373 0.00123729 0.00196182 0.00203135 0.0133314
 0.00142859 0.00192001 0.00099705 0.00217262 0.00165746 0.0020058
 0.00149559 0.00091626 0.00154355 0.00198472 0.0028992  0.00164803
 0.00120747 0.00199128 0.00199546 0.0020079  0.0017937  0.0019344
 0.00167786 0.00102645 0.00188748 0.00436051 0.00115721 0.00100075
 0.00175038 0.00183686 0.00423455 0.00119359 0.00196947 0.00166292
 0.00148365 0.00096999 0.00166304 0.00186339 0.0016042  0.00152218
 0.00157842 0.00129582 0.00193039 0.00117687 0.00056061 0.00157964
 0.00166184 0.00611208 0.00154022 0.00114292 0.00206581 0.0009451
 0.00162184 0.00137896 0.0009866  0.00338619 0.00063575 0.00259822
 0.00159918 0.00104591 0.0016408  0.00128677 0.00147343 0.00298642
 0.00145984 0.00198275 0.00249307 0.00082772 0.0011215  0.00115838
 0.00164118 0.00105158 0.0010186  0.00086559 0.00286746 0.00149541
 0.00158851 0.00304434 0.00154197 0.00197311 0.00193948 0.0015924
 0.00152868 0.00184967 0.00140477 0.00210029 0.00154509 0.0009291
 0.00404596 0.00359218 0.00121985 0.00098966 0.00211461 0.00152559
 0.00101785 0.00102773 0.00118594 0.00075625 0.0011131  0.0006511
 0.00054461 0.00097535 0.0014329  0.00153983 0.00125579 0.0008509
 0.00168195 0.00212752 0.00095192 0.00579563 0.00166593 0.00053643
 0.00188062 0.00198807 0.00156566 0.00155461 0.00229481 0.00055558
 0.00162608 0.00160723 0.00111575 0.00155475 0.00203172 0.00193071
 0.0020041  0.00199405 0.0032718  0.00200611 0.00155907 0.00228456
 0.00136557 0.00127256 0.00164636 0.00304855 0.0012809  0.00093282
 0.0020302  0.00197717 0.00153067 0.0012786  0.00114587 0.0011492
 0.00151351 0.00161714 0.00093861 0.13408565 0.00172484 0.00146051
 0.00129624 0.01760428 0.00231125 0.00190067 0.00135073 0.00237746
 0.00185938 0.00140947 0.00135331 0.00095718 0.0016205  0.00246964
 0.00156905 0.00165756 0.00202631 0.00175561 0.00125155 0.00111702
 0.00126302 0.00086861 0.00197786 0.00150606 0.00158475 0.00161288
 0.00079723 0.00208668 0.00161381 0.0005257  0.00192926 0.00092027
 0.00158143 0.00087141 0.00162946 0.0016659  0.0020795  0.00161618
 0.00161026 0.00165732 0.00095494 0.00989338 0.00092599 0.00163612
 0.00203034 0.00164701 0.00176893]"
107,20241102,7.0168450025168605,"[0.00233403 0.00100212 0.00118394 0.00138619 0.00249963 0.00137855
 0.00133872 0.00209871 0.00141259 0.00714891 0.00079208 0.00146822
 0.00182038 0.00232031 0.00062758 0.00663556 0.00132315 0.00119142
 0.00131044 0.00122281 0.00158274 0.00196827 0.00353315 0.00310248
 0.00292212 0.00118628 0.00080946 0.00117524 0.0006912  0.00105221
 0.00177249 0.00152287 0.00304846 0.00125252 0.00129762 0.0010065
 0.00225901 0.00158267 0.00175905 0.0017058  0.00159534 0.00202103
 0.00175611 0.00161169 0.00127229 0.00168154 0.0012219  0.00442651
 0.00167304 0.00155281 0.02644099 0.00193115 0.0022669  0.00191124
 0.00109929 0.00430729 0.00166547 0.00374168 0.00253922 0.00644236
 0.00119423 0.00114907 0.00330545 0.00125991 0.00169775 0.00174613
 0.00168759 0.00132179 0.0014516  0.00161941 0.00118384 0.0103553
 0.00179799 0.00125205 0.00120141 0.00071695 0.00072196 0.00115584
 0.00151273 0.00160596 0.00132312 0.00076875 0.00208784 0.00098224
 0.00181019 0.00173963 0.00098132 0.01293762 0.00140384 0.00153996
 0.00208873 0.00121666 0.0014059  0.00156993 0.00220564 0.00345461
 0.00147975 0.00828232 0.00254007 0.00151606 0.00200406 0.00166376
 0.00149628 0.00126386 0.00161902 0.00287148 0.00673541 0.00111789
 0.00187457 0.00304488 0.00145701 0.00544806 0.00119127 0.00162834
 0.00180317 0.00203162 0.00180084 0.00161329 0.00529427 0.00123636
 0.00107094 0.00159329 0.00135428 0.00101063 0.00143769 0.00081212
 0.00169917 0.00105837 0.00435849 0.00143041 0.00082501 0.00120145
 0.00083923 0.00165133 0.00274203 0.00160526 0.00225363 0.00268474
 0.01796538 0.00157697 0.00156257 0.00135829 0.001811   0.00187432
 0.00208816 0.00116333 0.00215173 0.00134547 0.00158419 0.00707454
 0.00137298 0.00117769 0.00143019 0.0018864  0.00146841 0.00100323
 0.00197845 0.00151921 0.00173013 0.00144324 0.00163757 0.00167304
 0.00170227 0.00144066 0.00168189 0.00119072 0.00193485 0.00161869
 0.00392794 0.00083975 0.02282872 0.00186836 0.00145838 0.00135377
 0.00305753 0.00118585 0.00190385 0.00142196 0.00168604 0.00149999
 0.00089093 0.01845693 0.00124744 0.00126212 0.00158819 0.00087842
 0.00154935 0.00187999 0.00170196 0.00168265 0.00111129 0.00162801
 0.00176937 0.00119415 0.00161075 0.00251587 0.00175896 0.00173804
 0.00283209 0.00149278 0.00068271 0.00423254 0.00511649 0.00230401
 0.00091034 0.00149779 0.00478446 0.00176314 0.00143322 0.00179083
 0.00067413 0.00116836 0.00116768 0.00132275 0.00127662 0.0015929
 0.00355477 0.00152447 0.00134994 0.00164455 0.00250404 0.00169057
 0.00130918 0.00149154 0.00071505 0.0019016  0.00168528 0.00161344
 0.00163889 0.00160699 0.00205452 0.00158573 0.00060914 0.00181204
 0.00150362 0.00099713 0.00140701 0.00173038 0.0019521  0.00151473
 0.00149647 0.00172028 0.00161982 0.00190713 0.00157811 0.00174795
 0.00117172 0.00117141 0.00173132 0.0011756  0.0007478  0.00117894
 0.00129411 0.001776   0.00191564 0.00187411 0.00166118 0.0018361
 0.00160971 0.05048888 0.00126271 0.00155623 0.00107144 0.00128388
 0.00168061 0.00108582 0.00167719 0.00072003 0.00746442 0.00127682
 0.00112558 0.00263717 0.00150141 0.00169476 0.00179389 0.00109131
 0.00209822 0.00110533 0.00168005 0.00143886 0.00178116 0.00122296
 0.00133475 0.00132209 0.00153468 0.00155382 0.00186962 0.00087546
 0.0057542  0.00175082 0.00174317 0.00260203 0.00210978 0.0010288
 0.0016659  0.00130933 0.00287039 0.00261033 0.00085143 0.00169038
 0.00121438 0.00177856 0.00139694 0.00177229 0.00163887 0.00124134
 0.00164553 0.00149822 0.00260834 0.00146062 0.00138371 0.00146963
 0.00218287 0.01860361 0.0008547  0.00135014 0.00157558 0.00143655
 0.0025286  0.00351665 0.00283077 0.00945498 0.00101385 0.00095913
 0.00621655 0.00271751 0.00169287 0.00117028 0.00082971 0.00161081
 0.00153787 0.00125015 0.00134133 0.0121818  0.0012951  0.00130573
 0.00154164 0.00181628 0.00147647 0.00161043 0.00193426 0.00438734
 0.00165545 0.00149781 0.00132661 0.00155455 0.00176684 0.00167707
 0.00161442 0.00179488 0.00216048 0.0019279  0.00140616 0.00142996
 0.00173731 0.00101568 0.00156143 0.00217033 0.00379062 0.00245447
 0.00160828 0.00166553 0.00127477 0.00125371 0.00217645 0.00102956
 0.00113304 0.00169379 0.00301447 0.01450976 0.00115891 0.02870526
 0.00076201 0.00559782 0.00095162 0.0020116  0.00164013 0.00179946
 0.00158367 0.00146624 0.00108668 0.0019575  0.00157477 0.00155254
 0.00230882 0.00119059 0.00165048 0.00157086 0.00967608 0.00168042
 0.00107081 0.00125157 0.0016346  0.00148442 0.00156204 0.00122031
 0.00407584 0.00076908 0.00160321 0.00128941 0.00503586 0.00071857
 0.00128934 0.00187694 0.00118553 0.00131808 0.00202378 0.00146987
 0.00148821 0.00120935 0.00265139 0.00205851 0.00198461 0.00118857
 0.00164277 0.0015355  0.01441424]"
108,20241108,6.929186103609351,"[0.00408266 0.00104417 0.00100766 0.00116884 0.00132142 0.0019621
 0.00147033 0.00193062 0.00231634 0.00130141 0.00056205 0.00100041
 0.00094474 0.0021833  0.00339808 0.00072443 0.00108737 0.00091806
 0.00115442 0.0010454  0.00368005 0.00206989 0.00268568 0.00047661
 0.0018244  0.00097226 0.00188155 0.0010377  0.00191665 0.0010576
 0.00226387 0.00171136 0.00161747 0.00863416 0.00138903 0.00148545
 0.00203449 0.00170453 0.0022074  0.00208791 0.0021265  0.00146246
 0.0015203  0.00201367 0.00092867 0.00244659 0.0009708  0.00177672
 0.00235111 0.00126422 0.01034398 0.00190832 0.00129493 0.00186574
 0.00114717 0.01928239 0.00099303 0.0026185  0.00187878 0.00260455
 0.00095281 0.00468534 0.00114426 0.00099209 0.00225401 0.00190222
 0.00118293 0.00126361 0.0009296  0.00111778 0.00089541 0.00501602
 0.0022082  0.00097521 0.00092723 0.00071049 0.00100253 0.00038114
 0.00109011 0.00163784 0.0025238  0.00074774 0.00210303 0.00109374
 0.00182166 0.00242258 0.00094119 0.00744693 0.00163226 0.0019433
 0.00176766 0.01350262 0.00207099 0.00194181 0.00223627 0.00231481
 0.0010186  0.01199483 0.00295405 0.00170687 0.00190304 0.00244077
 0.00124852 0.00232615 0.00206479 0.00145876 0.00117843 0.00117477
 0.00136981 0.00131349 0.00090057 0.00235935 0.00105967 0.00212406
 0.00240391 0.00168405 0.00239785 0.00283095 0.0009708  0.00092383
 0.00080397 0.00102962 0.0009692  0.00212268 0.00153293 0.00855717
 0.00241814 0.00250891 0.00190172 0.0034665  0.00171077 0.0031615
 0.00163106 0.00074983 0.0014618  0.0011488  0.00288347 0.00135738
 0.00306852 0.00104343 0.00205861 0.00212748 0.00149956 0.00111715
 0.00067752 0.00096277 0.00608654 0.00207119 0.00209546 0.00222824
 0.00200136 0.00103032 0.00173271 0.0028219  0.00105077 0.00292756
 0.00188974 0.001106   0.00111304 0.00098576 0.00220076 0.00111352
 0.00223433 0.00104732 0.00244613 0.00175475 0.00145896 0.00186931
 0.000614   0.00288689 0.00645125 0.00148362 0.00140836 0.00167553
 0.00221286 0.0009897  0.00195781 0.00139387 0.00106733 0.00194457
 0.00122718 0.00200509 0.00113471 0.00134936 0.0022524  0.00119329
 0.00593587 0.00216675 0.00215725 0.00109335 0.00193553 0.00235831
 0.00203519 0.00148419 0.00726129 0.0027299  0.00117304 0.00236468
 0.00297029 0.00111896 0.00074059 0.00179076 0.00325281 0.00812073
 0.00188746 0.00204084 0.00462336 0.0021568  0.00226218 0.00247129
 0.00104797 0.00091887 0.00116248 0.00127625 0.00112354 0.00217268
 0.00229128 0.00167954 0.00125347 0.00235437 0.00204911 0.00229403
 0.00146974 0.0011401  0.00125303 0.0022968  0.00216551 0.00477435
 0.00209058 0.00230518 0.00178774 0.00178135 0.00116422 0.00222242
 0.00269102 0.00298648 0.00105371 0.00211502 0.00179804 0.00156397
 0.00179505 0.00217005 0.00209676 0.00242727 0.00226826 0.00208595
 0.0009736  0.00169346 0.00223838 0.00164215 0.00127227 0.00214378
 0.0009246  0.0022882  0.00405151 0.00228771 0.00212257 0.00265048
 0.00126445 0.00115105 0.00098782 0.00224614 0.00378294 0.0010852
 0.00276006 0.00035891 0.00205501 0.00058774 0.00733728 0.00098823
 0.00079739 0.00757964 0.00117944 0.0013865  0.00219653 0.00133899
 0.00230997 0.00543846 0.00141714 0.00287421 0.00087528 0.00245796
 0.00117313 0.00202503 0.00205545 0.00188005 0.001152   0.00080792
 0.00315755 0.00238754 0.00211367 0.00146907 0.00261396 0.00102766
 0.00133288 0.00158495 0.00435106 0.00215867 0.00073433 0.00155056
 0.00094243 0.0010967  0.00102661 0.00203568 0.00224398 0.00085714
 0.00115171 0.00097673 0.00134424 0.0018673  0.00109246 0.00203403
 0.00332137 0.01369368 0.00300739 0.00100333 0.00124283 0.00103235
 0.00203289 0.00095169 0.00180021 0.00175538 0.00080023 0.00061776
 0.00145124 0.0016055  0.00194981 0.0009514  0.00339041 0.00178107
 0.00400279 0.00096303 0.00197411 0.00914973 0.00085996 0.00117107
 0.00202923 0.00211029 0.0011963  0.00115327 0.00229457 0.00549531
 0.0019791  0.00104927 0.00107284 0.00108025 0.00235656 0.00222949
 0.00223717 0.00209056 0.00278292 0.00190088 0.00117941 0.0012921
 0.00188381 0.00157386 0.00213485 0.0029265  0.00178374 0.00199548
 0.00222414 0.00222598 0.00103005 0.00248036 0.00548781 0.0023318
 0.00107677 0.00202193 0.00144166 0.07156451 0.00095219 0.00493345
 0.00139495 0.062926   0.0015679  0.00187397 0.00202641 0.00210499
 0.00210439 0.00197508 0.00326202 0.00302755 0.00219326 0.00209496
 0.00184338 0.00090704 0.00226933 0.00208853 0.00246595 0.00033792
 0.00137813 0.00264641 0.00221586 0.00112976 0.00114317 0.0009905
 0.00116365 0.00166193 0.00111889 0.00088897 0.00157825 0.00074999
 0.00103655 0.0013884  0.00087614 0.00089114 0.00239382 0.00094341
 0.00097151 0.00104651 0.0053779  0.00190864 0.00144806 0.00089793
 0.00233346 0.00079469 0.00197649]"
109,20241015,6.422414677313162,"[0.00278567 0.00132845 0.00166867 0.00115564 0.00218781 0.00094291
 0.0007751  0.00193332 0.00139454 0.00143718 0.00195455 0.00117899
 0.0023083  0.00236552 0.0075903  0.00078202 0.00106873 0.00147479
 0.00102702 0.00112462 0.00218277 0.00175044 0.00199915 0.00080728
 0.0018008  0.00152943 0.00090978 0.00197854 0.00224289 0.00177736
 0.00224072 0.00177539 0.00143359 0.00350215 0.00246863 0.00260023
 0.00169223 0.00162804 0.00208158 0.00237212 0.00168735 0.00614007
 0.00158533 0.0019394  0.00148874 0.00172845 0.00130197 0.00117284
 0.00186621 0.00101583 0.00518636 0.00181016 0.00186797 0.00237885
 0.00572764 0.00301609 0.00115825 0.0019808  0.00151907 0.05147611
 0.00135086 0.00532827 0.00141807 0.00175838 0.00212915 0.00178536
 0.00088602 0.00106294 0.00102952 0.00111905 0.00154037 0.01156996
 0.00205666 0.00119425 0.00162379 0.00190871 0.00220843 0.00167036
 0.00108318 0.00201639 0.00175131 0.00250643 0.00200168 0.00154009
 0.00151729 0.00186421 0.00606828 0.0257064  0.00224258 0.00170741
 0.00175846 0.00599746 0.00208036 0.00203328 0.00163675 0.00283231
 0.00111608 0.0040112  0.00284831 0.00186146 0.00259463 0.00183207
 0.00220561 0.00212721 0.00185391 0.00214808 0.00095881 0.00242983
 0.00546265 0.00140272 0.00184632 0.0076667  0.00171422 0.00262652
 0.00209798 0.00269952 0.00198201 0.00184428 0.00184308 0.001381
 0.00071761 0.00117907 0.00107936 0.00105287 0.00214666 0.00178763
 0.00169804 0.0088101  0.00279485 0.00264227 0.00346016 0.00244365
 0.00176372 0.00107798 0.00123736 0.00193651 0.00123801 0.00098419
 0.00853747 0.00159993 0.00192341 0.00188997 0.00130228 0.00111172
 0.00363141 0.00187226 0.00764579 0.00322302 0.0020315  0.00370476
 0.00283436 0.0016758  0.00156164 0.00171798 0.00198759 0.00132853
 0.00216054 0.00112952 0.00107975 0.00188283 0.00192174 0.00106696
 0.00268004 0.00100197 0.00231838 0.00204633 0.00187317 0.00190437
 0.00196346 0.00174196 0.00237889 0.00120037 0.00293434 0.00145434
 0.00125182 0.0013267  0.00220249 0.00095963 0.00118863 0.00169108
 0.00514064 0.00355312 0.00129396 0.00212371 0.00152092 0.00848897
 0.00145134 0.00258029 0.00222119 0.00097338 0.00679004 0.00180855
 0.00155144 0.00184878 0.0025898  0.00131156 0.00102905 0.00199253
 0.00241489 0.00112596 0.00261208 0.00183636 0.00100649 0.00513797
 0.0013881  0.00531947 0.00394393 0.00182152 0.00170352 0.00174499
 0.00145375 0.00149857 0.00138107 0.00109542 0.00117564 0.00191629
 0.00214554 0.00147719 0.00105561 0.00219789 0.00190898 0.00253801
 0.00187145 0.00109044 0.00161495 0.00202186 0.0021197  0.00660481
 0.00273782 0.00185069 0.00218766 0.00309602 0.00100773 0.00223856
 0.00181819 0.00123029 0.00094267 0.00193823 0.00138547 0.00120461
 0.00168823 0.00207642 0.00208961 0.00202252 0.00179591 0.00213709
 0.00209247 0.0015004  0.00207042 0.00158224 0.00184739 0.00241919
 0.00134352 0.0019094  0.00392198 0.0025296  0.00205048 0.00179077
 0.00127487 0.00257644 0.00188728 0.00177168 0.00588168 0.00101835
 0.00366234 0.00449469 0.0017975  0.00242131 0.00148615 0.00138428
 0.00140796 0.0028896  0.00147988 0.00264202 0.00215321 0.00203384
 0.00297829 0.00184215 0.00167037 0.00207833 0.00313967 0.00224944
 0.00103649 0.00310775 0.00174905 0.00166796 0.00108606 0.00175968
 0.00709118 0.00285411 0.0018965  0.00152373 0.00228074 0.00155363
 0.00099325 0.00186439 0.00288473 0.00288014 0.00175128 0.00105457
 0.00159833 0.0016406  0.00085747 0.00197096 0.00178366 0.00147952
 0.00098537 0.00150368 0.00108198 0.00134629 0.00092282 0.00196073
 0.00277723 0.00430258 0.00108782 0.00148943 0.00951018 0.00112479
 0.00150598 0.00144653 0.00103354 0.00253739 0.00187991 0.0014919
 0.0030798  0.00177123 0.00166524 0.00177314 0.00190929 0.00144037
 0.00261504 0.00143523 0.00266175 0.00612271 0.00167308 0.00158954
 0.00175808 0.00194353 0.00093408 0.00109118 0.00206369 0.00133483
 0.00179186 0.00111172 0.00172129 0.00106831 0.00236064 0.00174472
 0.00191841 0.00224386 0.00181558 0.00164035 0.00120452 0.00095682
 0.00177399 0.0011915  0.00208498 0.00160677 0.00114505 0.00142717
 0.00153722 0.00194537 0.0010651  0.00222009 0.00859327 0.00261512
 0.00220884 0.00179928 0.00144057 0.03414226 0.00196564 0.00152767
 0.00298752 0.00129663 0.00070777 0.00584774 0.0016938  0.00181644
 0.00183598 0.00151846 0.00197516 0.00220749 0.00182757 0.00228085
 0.00142157 0.00157115 0.00179466 0.00190857 0.00186709 0.00077701
 0.00537763 0.00404589 0.00212165 0.00095911 0.0011263  0.00152714
 0.00410104 0.00088319 0.00112399 0.00136833 0.00125095 0.00225705
 0.00106505 0.00146678 0.00129843 0.00161655 0.00210934 0.00093004
 0.0009559  0.00131987 0.00104024 0.00182983 0.00132736 0.0015377
 0.00213168 0.00254664 0.00921279]"
110,20240930,8.527832002335007,"[0.001273   0.00238967 0.00152403 0.00129263 0.00161168 0.00139557
 0.00117338 0.00449879 0.00120907 0.00157195 0.001404   0.00127216
 0.00196414 0.00204055 0.00564599 0.00483974 0.00132052 0.00139481
 0.00140976 0.00126493 0.00192057 0.00201115 0.00177001 0.08608807
 0.00481829 0.00147351 0.00143165 0.00162155 0.00181893 0.00199719
 0.00173285 0.00181289 0.00131279 0.00761176 0.00191135 0.00213684
 0.00336116 0.00138963 0.00243981 0.00222902 0.00207124 0.00058518
 0.00327949 0.0018904  0.00141139 0.00179644 0.00126691 0.00223049
 0.00241528 0.00139026 0.02575833 0.00111174 0.00165788 0.00149026
 0.00074642 0.00111215 0.00128956 0.00160344 0.00138286 0.00267447
 0.00130503 0.00107176 0.00170364 0.00132951 0.00211579 0.00236608
 0.0021567  0.00132604 0.00139582 0.00111563 0.0014431  0.00361276
 0.00249024 0.00153787 0.00137286 0.00151312 0.00242062 0.0020332
 0.00125104 0.00111839 0.001037   0.0020285  0.00186646 0.00116218
 0.00093136 0.00204892 0.00152711 0.03215383 0.00120157 0.00223285
 0.00120314 0.00259811 0.00121596 0.0017839  0.0035552  0.00259348
 0.00127616 0.00168737 0.00250079 0.00311652 0.00118514 0.01968303
 0.00146841 0.00102074 0.00197951 0.00094371 0.00124191 0.00180677
 0.00163847 0.00189942 0.00236958 0.00755849 0.00135781 0.00496542
 0.00208496 0.00152407 0.00200631 0.00195942 0.00132878 0.00152201
 0.00105528 0.00127459 0.00126969 0.00090117 0.00185287 0.00137184
 0.00568677 0.00088433 0.00133674 0.00106271 0.00280728 0.00192833
 0.00222843 0.00585403 0.00753311 0.00138075 0.00187558 0.00142483
 0.00113258 0.00114396 0.00230078 0.00228371 0.00072351 0.00115919
 0.00164723 0.00163764 0.00214677 0.00106195 0.00198686 0.00287386
 0.0010915  0.00149385 0.00174261 0.00087381 0.00214888 0.00123736
 0.00234232 0.0012762  0.0012231  0.0016534  0.00206991 0.00115215
 0.00217486 0.00131198 0.0022148  0.00224071 0.00238117 0.00211392
 0.00510503 0.00084289 0.00292445 0.00107443 0.00155495 0.0014775
 0.00126889 0.0010714  0.00216036 0.00240769 0.00184564 0.00213369
 0.00173292 0.00199506 0.00125808 0.00151717 0.00356544 0.0085156
 0.00153647 0.0020495  0.00216021 0.00121144 0.00184811 0.00204843
 0.00201797 0.00177783 0.00125032 0.00229026 0.00148294 0.00206084
 0.00211867 0.00124555 0.0011619  0.00120447 0.00134138 0.01169373
 0.00102234 0.00391335 0.00150632 0.00199697 0.00194537 0.00175944
 0.00194047 0.00151116 0.0014264  0.00136778 0.00122032 0.00209026
 0.00186241 0.00150472 0.00135722 0.00166654 0.00141942 0.00216533
 0.00070052 0.00127493 0.00145262 0.0037651  0.00189279 0.00303126
 0.00161457 0.00171947 0.00135272 0.0026936  0.00098954 0.00202491
 0.00205994 0.00247484 0.00121772 0.00278164 0.00166311 0.00117845
 0.00065922 0.00217641 0.00198071 0.00265116 0.00196378 0.00204059
 0.00164965 0.00192549 0.00209562 0.00401951 0.00254897 0.00208569
 0.00133321 0.00170565 0.00150585 0.00233917 0.00213833 0.00216444
 0.00128681 0.00301193 0.0014057  0.00193086 0.00148215 0.00132656
 0.00126373 0.00142753 0.00201308 0.00276599 0.00158488 0.00113882
 0.00146435 0.00219974 0.00159967 0.0014851  0.0021642  0.00208548
 0.00210908 0.00060377 0.00141295 0.0014831  0.00159191 0.00127285
 0.00133248 0.00169781 0.00199877 0.00347004 0.00130854 0.00123821
 0.00221447 0.00239522 0.00212731 0.00105067 0.00146641 0.00229104
 0.00116298 0.00218492 0.00121119 0.00166976 0.0014706  0.00122658
 0.00148677 0.00304155 0.00113059 0.00200797 0.00200731 0.00173464
 0.00126892 0.00108419 0.00113127 0.00105124 0.00122116 0.00092598
 0.00461821 0.00442129 0.00074456 0.00187088 0.00174794 0.00125872
 0.00149119 0.0014129  0.00361933 0.00432154 0.00209583 0.00166791
 0.00709912 0.00063075 0.00189961 0.00143579 0.00325647 0.00143372
 0.00172738 0.0016384  0.00191856 0.01190239 0.00137617 0.00337133
 0.00190258 0.00204398 0.00118604 0.00114124 0.00211457 0.00338531
 0.00190311 0.00122993 0.00163614 0.00116083 0.00223367 0.00200958
 0.0020203  0.00238978 0.00124702 0.00190469 0.00126488 0.00180725
 0.00100479 0.00202184 0.00218717 0.00094701 0.00126848 0.00135588
 0.00224465 0.00443686 0.00122338 0.00198129 0.00237426 0.00227089
 0.00164058 0.00212791 0.00148108 0.01486413 0.00161954 0.00261011
 0.00239275 0.0017667  0.00099178 0.00101079 0.00179255 0.00190035
 0.00186329 0.00150663 0.00225653 0.00112312 0.00208377 0.00238359
 0.00204523 0.00143254 0.00201603 0.0020494  0.00104489 0.00236239
 0.0048142  0.00196956 0.00218467 0.00109224 0.00112789 0.00143075
 0.00125007 0.00127298 0.00115574 0.00171817 0.00129961 0.00224436
 0.00132349 0.0006714  0.00147414 0.00141445 0.00204894 0.0011954
 0.00129206 0.00131737 0.0007835  0.00190892 0.00174324 0.00149648
 0.00246206 0.00298161 0.01882437]"
111,20241216,8.744960345687733,"[0.00409002 0.00251405 0.0011686  0.00111062 0.00162397 0.00550523
 0.00123785 0.001833   0.00166057 0.00243508 0.00049943 0.00125938
 0.00101812 0.00198277 0.00043734 0.00476295 0.00111963 0.00123118
 0.00116394 0.00119634 0.00197775 0.00189011 0.00293354 0.00067151
 0.00155909 0.00119763 0.00107553 0.00127081 0.00071623 0.00087766
 0.0018169  0.00142398 0.00238891 0.00255696 0.00109507 0.00068287
 0.00220927 0.00215627 0.00189058 0.00217824 0.0017702  0.00152429
 0.00166113 0.00176797 0.00116934 0.00253079 0.00109982 0.0012333
 0.00230857 0.00132412 0.00584971 0.00319968 0.00221871 0.00170448
 0.03638953 0.00231347 0.00125368 0.00212591 0.00118066 0.0023864
 0.00114678 0.00357232 0.00118841 0.00127735 0.00188468 0.00198511
 0.00127114 0.00116652 0.00108095 0.00116491 0.00119814 0.0073545
 0.00232187 0.00123013 0.00110359 0.00286653 0.00063049 0.0006978
 0.00129795 0.00151966 0.00082337 0.00069468 0.00202829 0.00276468
 0.00179722 0.00208914 0.0017919  0.10027564 0.00115846 0.00176761
 0.00201668 0.00353465 0.002084   0.00201081 0.00276773 0.00124049
 0.00125045 0.00355409 0.00164029 0.0050712  0.00129398 0.00180472
 0.00129568 0.00210782 0.00185177 0.00169977 0.00116246 0.00070187
 0.00213321 0.00277139 0.00113325 0.00174056 0.00128466 0.00210476
 0.00193568 0.00184781 0.00184171 0.00198387 0.00117048 0.00121596
 0.00140101 0.0011861  0.00117868 0.00157105 0.01102586 0.00362938
 0.00208223 0.00121096 0.00156028 0.00041383 0.00657858 0.00142554
 0.00081772 0.00203271 0.00664152 0.00161246 0.00319627 0.00148035
 0.00218882 0.00115064 0.00189875 0.00237522 0.00150187 0.00113367
 0.00048413 0.0013203  0.00133964 0.00132656 0.00184645 0.0074302
 0.00170021 0.00115829 0.00382349 0.00364404 0.00126107 0.00122485
 0.00199646 0.00126377 0.00116933 0.00124782 0.00193997 0.00113231
 0.00203394 0.00141851 0.00190328 0.0007827  0.0023263  0.00196892
 0.00875034 0.00043538 0.02057767 0.00147234 0.00168404 0.00212943
 0.00202777 0.00113037 0.00180291 0.00098618 0.00113456 0.001859
 0.00393502 0.00611236 0.00149932 0.00122803 0.00175973 0.00131408
 0.0017486  0.00189999 0.00183689 0.00117656 0.00246146 0.00186644
 0.00186263 0.00090756 0.00133011 0.00187767 0.00152781 0.00191066
 0.00177064 0.00129494 0.00045527 0.00110203 0.00183738 0.00569033
 0.00152998 0.00177325 0.001918   0.00183234 0.00291913 0.00179845
 0.00082457 0.00111922 0.00111786 0.00114382 0.00117946 0.00178653
 0.00193207 0.00171965 0.00120801 0.00117078 0.00126146 0.00202855
 0.00308366 0.00119911 0.00101738 0.00192417 0.00188476 0.00104271
 0.00129161 0.00189706 0.00122682 0.00644449 0.00046997 0.00203123
 0.00183296 0.00084518 0.00117672 0.00187962 0.00493532 0.00125046
 0.00138918 0.00185976 0.00181539 0.00193993 0.00179486 0.00197453
 0.00129556 0.0006707  0.00194222 0.00259759 0.0009227  0.00077307
 0.00128469 0.00283034 0.00270857 0.00067116 0.00181303 0.00201144
 0.00126774 0.00773676 0.00123395 0.00179256 0.00250846 0.00112887
 0.00128368 0.00058291 0.00184319 0.00084422 0.00149903 0.00107728
 0.00116193 0.0026911  0.00113856 0.00223867 0.00171913 0.00087877
 0.00180781 0.0013778  0.0009407  0.00143324 0.00183118 0.00209723
 0.00122127 0.000427   0.00189907 0.00155517 0.00119754 0.00069153
 0.00333849 0.00189643 0.00180818 0.00134141 0.00144766 0.00074453
 0.00110398 0.00062588 0.00074419 0.00132682 0.00055006 0.00119313
 0.00118535 0.00387081 0.00115791 0.00180345 0.00176278 0.00122405
 0.0011846  0.00109988 0.00147703 0.00311076 0.00113945 0.00192117
 0.00261463 0.02104491 0.00100575 0.00054632 0.00223468 0.00117114
 0.0015991  0.00113145 0.01205633 0.03381633 0.00079442 0.00050094
 0.0042267  0.00141166 0.00195891 0.00111638 0.00155339 0.00129774
 0.00189628 0.00163476 0.00068402 0.00532169 0.00122103 0.00235517
 0.0017845  0.00184137 0.00116063 0.00119601 0.00190054 0.00209463
 0.00192945 0.00125252 0.0016504  0.00116325 0.00200203 0.0017961
 0.00179102 0.00178162 0.00250975 0.00185428 0.00142149 0.00140979
 0.00080266 0.00084677 0.00184816 0.00125321 0.00184062 0.00113511
 0.00179042 0.00184632 0.00108344 0.00087192 0.00542082 0.00129775
 0.00085549 0.00199477 0.00189415 0.01271719 0.0012896  0.00482394
 0.00062476 0.0023644  0.00086805 0.00311177 0.00128876 0.00183843
 0.00185851 0.00323538 0.00180718 0.00161792 0.00191165 0.00297628
 0.00206355 0.00117524 0.00185356 0.00184251 0.00123805 0.00268095
 0.0016926  0.00082103 0.00209122 0.001182   0.0011367  0.00115513
 0.00151372 0.00087659 0.00124544 0.00260943 0.00300109 0.00096835
 0.00111933 0.00174652 0.00108198 0.00112752 0.00186948 0.00114303
 0.00132061 0.00120917 0.00148575 0.00186298 0.00143788 0.00123767
 0.00190397 0.01363284 0.00540614]"
112,20241227,7.616369354102804,"[0.00114204 0.00200615 0.00097795 0.00094784 0.00117452 0.01444948
 0.00124117 0.00172603 0.00094489 0.00158956 0.00178238 0.00129007
 0.0012195  0.00342717 0.00233836 0.00090148 0.00110269 0.00098176
 0.00109166 0.00101757 0.00340183 0.00254505 0.00201635 0.00260205
 0.00159582 0.00097834 0.00099123 0.0009552  0.0013308  0.00093248
 0.00294266 0.00076925 0.00344207 0.00212133 0.00111021 0.0013948
 0.00339829 0.00144737 0.00240719 0.00231239 0.0021868  0.00108517
 0.00157453 0.00231018 0.00098233 0.00190308 0.00092233 0.0013646
 0.0022493  0.00095638 0.01221508 0.00319087 0.00142788 0.00094495
 0.00132625 0.00300944 0.00163497 0.00289573 0.00125925 0.03889113
 0.00097018 0.00470229 0.00187408 0.00098843 0.00231969 0.002011
 0.00089672 0.00110056 0.00158197 0.00107661 0.00113042 0.0015136
 0.0023477  0.00101307 0.0009598  0.00090587 0.00155697 0.00226867
 0.00119119 0.0011623  0.00147699 0.00140032 0.00221301 0.00192925
 0.00110426 0.00177772 0.00147145 0.00393585 0.00320038 0.00161845
 0.00129397 0.00195477 0.00218865 0.00187651 0.0015459  0.00642105
 0.00126573 0.00251212 0.00105575 0.00938777 0.01191599 0.00187456
 0.00098337 0.00210233 0.00184514 0.0019706  0.00113225 0.00114147
 0.00199008 0.00219335 0.00163941 0.00203742 0.00093756 0.00112506
 0.00234735 0.00160464 0.00211306 0.00190743 0.00127837 0.00096736
 0.00144581 0.0013103  0.00136076 0.00255988 0.00297939 0.00091876
 0.00238484 0.00961462 0.00086824 0.00139563 0.00120808 0.00116426
 0.00156841 0.00346209 0.00104291 0.00175866 0.00390881 0.00111629
 0.00302492 0.00113074 0.00209823 0.00258787 0.00149719 0.00104622
 0.00349332 0.00097943 0.00625794 0.00265628 0.00229305 0.00209075
 0.00299184 0.00095436 0.00356231 0.00103399 0.00161012 0.00263526
 0.00293312 0.00137988 0.00149263 0.00105333 0.00212858 0.00103668
 0.00227068 0.00123822 0.00253657 0.00178404 0.0016261  0.00231056
 0.00084027 0.00165204 0.001287   0.0011007  0.00088813 0.00406975
 0.00299978 0.00327172 0.00194914 0.00127166 0.00173839 0.00212579
 0.0013618  0.02098539 0.00098712 0.0066406  0.00197574 0.00334558
 0.00148399 0.00238092 0.00203426 0.00149234 0.00211354 0.0027101
 0.00168546 0.00158758 0.00129095 0.00529445 0.00117784 0.00210664
 0.00212252 0.00136551 0.00174118 0.00123252 0.00126423 0.00147199
 0.00143928 0.00187769 0.00293804 0.001823   0.00248703 0.00265402
 0.00118755 0.00092134 0.00094052 0.00114541 0.00113337 0.0020069
 0.00273595 0.00157999 0.00112239 0.00178723 0.00112001 0.00237142
 0.00400068 0.00132395 0.00178352 0.00251321 0.00173145 0.00251084
 0.00196573 0.00205931 0.00100892 0.00426153 0.00293072 0.00250417
 0.00196211 0.0015014  0.00111468 0.0030743  0.00311772 0.00109794
 0.00138157 0.00243318 0.00225032 0.00236222 0.00220355 0.00227617
 0.00096005 0.00157177 0.00226067 0.00171264 0.00130655 0.00150889
 0.00100741 0.0023517  0.0011481  0.00175194 0.00204535 0.00215666
 0.00134838 0.00087725 0.00102041 0.00217907 0.00311478 0.00110677
 0.00118851 0.00374247 0.00216578 0.0014596  0.00187751 0.00097924
 0.00100017 0.00410064 0.00102067 0.00072246 0.00282252 0.00147542
 0.00185671 0.0045203  0.00145184 0.00224637 0.00139877 0.0013153
 0.00104212 0.00163756 0.0022529  0.00136174 0.0017399  0.00184149
 0.00145613 0.00204023 0.0022786  0.00113892 0.00107123 0.00130092
 0.00108252 0.00158064 0.0021957  0.00107224 0.00162848 0.00116748
 0.00096429 0.00263297 0.00120689 0.00214472 0.00216903 0.00090965
 0.00126381 0.00110529 0.00531126 0.00325981 0.00109281 0.00133354
 0.00117849 0.00439714 0.00085412 0.00097783 0.00118929 0.0014939
 0.00107741 0.00153346 0.00161336 0.01178854 0.00197906 0.00253978
 0.00194247 0.00237683 0.00270512 0.0010168  0.00149324 0.00152278
 0.00229815 0.00100732 0.00120783 0.0036272  0.00098137 0.00182386
 0.00217419 0.00176834 0.00115863 0.00110613 0.00326964 0.00191261
 0.00229817 0.00123546 0.00094482 0.00109664 0.00214443 0.00241405
 0.00198372 0.00207339 0.00331088 0.00210864 0.00124474 0.00136754
 0.00118077 0.00134885 0.00186891 0.00898795 0.00193707 0.00127484
 0.00215364 0.0018723  0.0009825  0.00188894 0.00415171 0.00151659
 0.00188185 0.00222765 0.00118931 0.0727044  0.0009755  0.00227516
 0.0012526  0.00644518 0.00280737 0.00208878 0.00076309 0.00356812
 0.00230898 0.00084655 0.00171788 0.00166456 0.00274828 0.00171828
 0.00190267 0.00093935 0.00193438 0.00190707 0.0018141  0.0011959
 0.00497941 0.00305987 0.00236447 0.00118407 0.00107619 0.00099248
 0.00098176 0.00177178 0.00103197 0.00150534 0.00342035 0.00126564
 0.00101674 0.00169926 0.00096261 0.0008823  0.00239432 0.00104094
 0.00112019 0.00100304 0.0084325  0.00191561 0.00122206 0.0009829
 0.00253595 0.02818219 0.00446808]"
113,20241017,7.620216472195989,"[0.00170131 0.00124667 0.00121218 0.00104803 0.00200289 0.0012448
 0.00093526 0.00132614 0.00172824 0.00184795 0.00211667 0.00096858
 0.00114958 0.00126524 0.00290219 0.00754842 0.00123039 0.00121914
 0.00113961 0.00115299 0.00118044 0.00119513 0.00120891 0.00197555
 0.00202554 0.00132308 0.00146911 0.00144557 0.00172864 0.00107279
 0.00173979 0.00140851 0.00236038 0.00349006 0.00098009 0.00181487
 0.00324708 0.00212698 0.00128109 0.00141269 0.00123188 0.00236989
 0.00351763 0.00124174 0.00123905 0.00186544 0.00114692 0.00260218
 0.00146377 0.00181994 0.07613787 0.00231105 0.00134128 0.00374667
 0.00137828 0.01081125 0.00103374 0.00281704 0.0014798  0.00316482
 0.00118757 0.00270038 0.00133359 0.0012658  0.00130384 0.00210355
 0.00127849 0.00109874 0.00179705 0.00092831 0.00127977 0.00129696
 0.00118609 0.00118964 0.00116318 0.00094199 0.00150637 0.00105769
 0.00111769 0.00236973 0.00147312 0.00147584 0.001356   0.00121439
 0.0021778  0.00120352 0.00224352 0.00351332 0.00353789 0.00123719
 0.00212716 0.01048979 0.00281393 0.00118899 0.0012822  0.00248294
 0.00101368 0.00111653 0.0023135  0.00100383 0.00632345 0.00180982
 0.0014458  0.00307408 0.00124805 0.00239361 0.00093205 0.00136373
 0.00158711 0.00170822 0.00159132 0.00829639 0.00114304 0.00330871
 0.00124133 0.00102419 0.00127503 0.00144362 0.00136295 0.00131329
 0.00131411 0.00105988 0.0010907  0.00186828 0.0053309  0.0010233
 0.00117714 0.00359647 0.00246144 0.0008551  0.0011458  0.00226705
 0.0021895  0.0084103  0.00199874 0.00182436 0.00226714 0.00134644
 0.01003826 0.00097172 0.001214   0.00326686 0.00226996 0.00094226
 0.00118451 0.00131129 0.00206945 0.00245768 0.00129072 0.00129055
 0.00272635 0.00119818 0.00291297 0.00206895 0.00114108 0.0024439
 0.00119054 0.00099455 0.00105262 0.00146466 0.00124155 0.00089084
 0.00123859 0.00113299 0.0013519  0.0015743  0.00224607 0.00119834
 0.00117589 0.00152172 0.00487899 0.00233001 0.00133364 0.00217375
 0.00241193 0.00161428 0.00123443 0.00139751 0.00084265 0.00121165
 0.00139976 0.00127974 0.00119557 0.00348607 0.00121553 0.00128117
 0.00456347 0.00120259 0.00136564 0.00114433 0.00326103 0.00132633
 0.00120325 0.00151074 0.00139211 0.00254988 0.00163467 0.00122642
 0.0024786  0.00105144 0.00179224 0.00238043 0.03830583 0.00757538
 0.00193075 0.00244744 0.00359616 0.00121796 0.00138843 0.00152721
 0.00124141 0.0012192  0.00119033 0.00113613 0.00124067 0.00124102
 0.00143995 0.01233657 0.00110131 0.00207666 0.00150742 0.00129556
 0.00236779 0.0010136  0.00134005 0.00135779 0.00190658 0.00676447
 0.00217223 0.00123304 0.00148151 0.00145189 0.00586344 0.00121415
 0.00155303 0.00166272 0.00096479 0.00131419 0.00232448 0.00131524
 0.00228207 0.00140745 0.0011883  0.00128608 0.00117681 0.00125624
 0.0013796  0.00192891 0.0013807  0.00173701 0.00184306 0.0015825
 0.00120378 0.00167454 0.038523   0.00222756 0.00127346 0.00121343
 0.00112056 0.00593175 0.00120002 0.00117977 0.00450419 0.00113427
 0.00226881 0.00157552 0.00123724 0.00138747 0.00198347 0.00115502
 0.00125264 0.00165758 0.00106774 0.00145721 0.00125168 0.00161521
 0.0012179  0.00258503 0.00187657 0.0025543  0.0017607  0.00247563
 0.00111452 0.00186279 0.00118229 0.00242512 0.00095681 0.0016293
 0.00107414 0.00140935 0.00125535 0.002326   0.00208015 0.00140617
 0.00090897 0.00195396 0.00317598 0.00174771 0.00226915 0.00096877
 0.00118666 0.01564112 0.00099162 0.00129287 0.00124781 0.00113114
 0.00110594 0.00091397 0.00154795 0.00251034 0.00095843 0.00171763
 0.00265438 0.00357224 0.00151257 0.00147361 0.00522584 0.00097592
 0.00162555 0.00128153 0.00158141 0.00539776 0.00152082 0.00096807
 0.00364606 0.002329   0.00125862 0.00133027 0.00132171 0.00274786
 0.00772446 0.00114646 0.00122344 0.01149714 0.00111671 0.00307963
 0.00124902 0.00124555 0.00094258 0.00092513 0.00126985 0.00463116
 0.00131244 0.00096347 0.00111229 0.00092933 0.00140001 0.00147871
 0.00142327 0.00123306 0.00263182 0.00123887 0.00103767 0.00101993
 0.00550181 0.00159035 0.00127237 0.00261418 0.00242389 0.00136553
 0.00130601 0.0013008  0.00123356 0.00157955 0.00155118 0.00230705
 0.00148323 0.00118343 0.00317238 0.0127254  0.00140394 0.00133968
 0.00153131 0.0012664  0.00090053 0.01893416 0.00140975 0.00458882
 0.0012501  0.00242876 0.0019098  0.00224267 0.0012186  0.00271545
 0.00120549 0.00126595 0.00119436 0.00123638 0.00326909 0.00099443
 0.00283683 0.0013773  0.00135867 0.00092332 0.00092441 0.00127921
 0.00151977 0.00085393 0.00094251 0.00397202 0.00132253 0.00175929
 0.00106835 0.00214785 0.00122759 0.0014062  0.00136198 0.00110782
 0.00104837 0.00117197 0.00241857 0.0011615  0.00214855 0.00128208
 0.00152959 0.00612233 0.00711277]"
114,20241121,11.256480704397552,"[0.00115386 0.00103409 0.00186159 0.00194874 0.0017893  0.00115668
 0.00197938 0.00546007 0.00164421 0.00122868 0.00049801 0.00202706
 0.00065166 0.00175792 0.00040492 0.00283735 0.00198637 0.00187587
 0.00201844 0.00199291 0.00174139 0.00177774 0.00168921 0.00123775
 0.001857   0.00183409 0.00124847 0.00177616 0.0004835  0.00064061
 0.00177369 0.00116616 0.00167089 0.00237555 0.00045374 0.0006382
 0.00216763 0.00134986 0.00175569 0.00181176 0.00176485 0.00060209
 0.00133583 0.00174714 0.00186631 0.00197482 0.00174941 0.00303256
 0.00173651 0.00187835 0.23704533 0.00116161 0.00131637 0.00125338
 0.00433292 0.00261963 0.00204556 0.00079719 0.00164145 0.0089965
 0.00179576 0.00111598 0.00162382 0.00178565 0.0017936  0.00178628
 0.00164506 0.00198906 0.00103991 0.0018584  0.00184673 0.00186809
 0.00173542 0.00175257 0.00183808 0.00041247 0.00051824 0.00085067
 0.00199099 0.00063477 0.001674   0.00078802 0.00189405 0.00100959
 0.00071928 0.00175988 0.00109644 0.00894122 0.00195435 0.00180237
 0.00074923 0.00112082 0.00146019 0.0017614  0.00207371 0.00392057
 0.00206568 0.00114268 0.00109173 0.00087305 0.00326857 0.00173649
 0.00101903 0.00126018 0.00177014 0.00085897 0.00182187 0.00077013
 0.00191195 0.0013421  0.00175751 0.00211141 0.0018026  0.00158889
 0.00179152 0.00180399 0.00167074 0.00174127 0.0016392  0.00188402
 0.00044991 0.00210829 0.00192363 0.00146834 0.00212799 0.00083609
 0.00197414 0.00340819 0.00149974 0.00059114 0.00104841 0.00134593
 0.00061805 0.0030775  0.00120732 0.00100709 0.00106303 0.00151825
 0.00236124 0.00196189 0.00176512 0.00160029 0.00098498 0.00180176
 0.00039771 0.00179708 0.00133143 0.0011072  0.0017561  0.00223602
 0.00130899 0.00175721 0.00240732 0.00104959 0.00093015 0.00115069
 0.00242592 0.00204024 0.00204609 0.00183808 0.00174652 0.00171757
 0.00178369 0.00197415 0.00177256 0.00062712 0.00213538 0.00169245
 0.00057727 0.00096083 0.00655816 0.00078348 0.00102996 0.00141659
 0.00122596 0.00101605 0.00230448 0.00143803 0.00177412 0.00185605
 0.00105711 0.00203023 0.0018594  0.00175728 0.00292324 0.00117208
 0.00243132 0.00177583 0.00167252 0.00200657 0.0025523  0.00177521
 0.00171075 0.00071906 0.00141432 0.00087859 0.00198095 0.00175328
 0.0017241  0.00209666 0.0004987  0.00054432 0.00310559 0.0014156
 0.0024033  0.00373657 0.00102175 0.00166486 0.00139246 0.00174211
 0.00049669 0.00178098 0.00179931 0.00202648 0.00183527 0.00182441
 0.0017569  0.00128403 0.00205725 0.00183339 0.00174066 0.00176207
 0.00083671 0.00203931 0.00048962 0.00172926 0.00176784 0.00101427
 0.00110894 0.00184141 0.00153936 0.00151967 0.00091392 0.00179443
 0.00171794 0.00090071 0.00197173 0.00174822 0.00093545 0.00187852
 0.00093813 0.00175506 0.00176387 0.00173585 0.0017318  0.00177748
 0.0017905  0.00061136 0.00174943 0.00291177 0.0005717  0.00062384
 0.00178911 0.00172314 0.0016358  0.00080351 0.00177189 0.00173682
 0.00199261 0.00173095 0.00186582 0.00170503 0.0010283  0.00196337
 0.00156921 0.00070987 0.0017418  0.00075642 0.00122342 0.00195822
 0.00168399 0.00157797 0.00162392 0.00104951 0.00173613 0.00060504
 0.00161596 0.00233033 0.00055734 0.00148935 0.00122563 0.00192158
 0.00196868 0.00084961 0.0017531  0.00148873 0.00194325 0.00055837
 0.00186071 0.00180447 0.00173142 0.00105788 0.00153721 0.00063046
 0.00182233 0.00067953 0.00043081 0.00168344 0.00048738 0.00193221
 0.00188456 0.0014102  0.00192031 0.00173571 0.00175038 0.00182383
 0.00210596 0.00186087 0.0017399  0.0007531  0.00193485 0.00108657
 0.00202468 0.00394655 0.00142689 0.00051051 0.00195138 0.00198234
 0.00166682 0.00164757 0.00160957 0.00495141 0.00061504 0.00061021
 0.00120471 0.00064101 0.00169669 0.00188176 0.00292987 0.00072953
 0.00283462 0.00175503 0.00062164 0.00908787 0.00177635 0.0020296
 0.00172903 0.00179998 0.00202744 0.00179994 0.00171191 0.00138343
 0.0017455  0.00199892 0.00039685 0.00189478 0.00177675 0.00177832
 0.00178281 0.00178455 0.00164557 0.00169525 0.00198285 0.00169203
 0.0009087  0.00072268 0.00174828 0.0023563  0.00079952 0.0016922
 0.00174813 0.00177166 0.00188305 0.00061897 0.00164687 0.00201341
 0.00051221 0.00172243 0.00069507 0.0629481  0.00178345 0.00151339
 0.00062304 0.00234876 0.00063023 0.01493216 0.00102273 0.00186728
 0.00172076 0.00090769 0.00137693 0.00075228 0.00175396 0.00205905
 0.00178347 0.00183629 0.00173161 0.00173497 0.00316301 0.00085881
 0.00120074 0.00125119 0.00177728 0.00187586 0.00181149 0.00180958
 0.00175282 0.00059508 0.0018143  0.00139397 0.00153467 0.0005325
 0.00200852 0.00078827 0.0018717  0.00176558 0.00175989 0.00195208
 0.00196988 0.00181767 0.00166524 0.00190152 0.00071104 0.001809
 0.00174251 0.00255655 0.00061351]"
115,20240906,8.820219614726241,"[0.00091431 0.00115092 0.00088939 0.00089166 0.00069546 0.00132538
 0.00087679 0.00186165 0.00192706 0.00297434 0.00198523 0.00096941
 0.00252403 0.00195097 0.00208532 0.00325467 0.00086766 0.00093148
 0.00092658 0.00089946 0.00201516 0.00179854 0.005825   0.01013613
 0.00146031 0.00093563 0.00091497 0.00090333 0.00341115 0.00254426
 0.00183882 0.00058688 0.00075658 0.00068063 0.00205663 0.00219535
 0.00424006 0.00082596 0.00163878 0.00206622 0.00200609 0.00067214
 0.00253828 0.00200258 0.00090437 0.00221961 0.00082296 0.00119102
 0.0019528  0.00127106 0.05765729 0.0008414  0.00105023 0.00102759
 0.00106862 0.0013559  0.00097481 0.00145048 0.00088492 0.04292429
 0.00091454 0.00165786 0.00082436 0.00085741 0.00197417 0.00176201
 0.00121884 0.00090272 0.00119553 0.0010447  0.00096568 0.00228497
 0.00225869 0.00102445 0.00098429 0.00541044 0.00266191 0.00198914
 0.00092957 0.00070711 0.00110962 0.00302312 0.00189751 0.0015403
 0.00066711 0.00202777 0.00307269 0.00188436 0.00149588 0.00193444
 0.00102983 0.00203214 0.00108762 0.00196773 0.00078281 0.00084724
 0.00092729 0.00218594 0.00405635 0.00074759 0.00100803 0.00187268
 0.00079528 0.00109366 0.00179659 0.00068955 0.00086996 0.0028361
 0.00097208 0.00221748 0.0015853  0.00085365 0.00100613 0.00173378
 0.00194685 0.00131291 0.00195373 0.00211687 0.00104643 0.00090786
 0.00285973 0.00094608 0.00093839 0.00067015 0.00235729 0.00293439
 0.00199766 0.00287296 0.00136707 0.00180098 0.00436362 0.00086526
 0.0025402  0.00253908 0.00165335 0.00138429 0.00077376 0.00096693
 0.00258908 0.00090123 0.00197945 0.00283434 0.00078738 0.00105015
 0.00196383 0.00094049 0.00095687 0.00116047 0.00170873 0.00371275
 0.00132623 0.0009601  0.00154097 0.00931478 0.0011197  0.00131095
 0.00192844 0.00099761 0.00097288 0.00092332 0.00185064 0.00105074
 0.00173344 0.00097878 0.00183553 0.00248586 0.00157232 0.00177127
 0.00147814 0.00253686 0.00454337 0.00061815 0.00067655 0.00083535
 0.00092256 0.00099391 0.00191401 0.00081525 0.00113433 0.00216022
 0.00131079 0.00207736 0.00091633 0.00245249 0.00218476 0.00344199
 0.00206194 0.00200132 0.001888   0.00090076 0.00180913 0.00190274
 0.00170931 0.00255758 0.00075761 0.00081437 0.0014095  0.0018298
 0.00275845 0.00097677 0.00189299 0.00388753 0.00810708 0.00098905
 0.00143385 0.00546481 0.00368981 0.00176177 0.00112821 0.00181188
 0.00198493 0.00090776 0.00087403 0.00093457 0.00102023 0.0016601
 0.0020683  0.00066186 0.00090148 0.00141968 0.00085956 0.00199092
 0.00074921 0.0009356  0.0021043  0.00218849 0.00235827 0.00095113
 0.00062025 0.00177049 0.00075802 0.00127105 0.00313278 0.0019277
 0.00201633 0.0011692  0.00093237 0.00188118 0.00109539 0.001358
 0.00088776 0.00191146 0.0019055  0.00197595 0.00193095 0.00193397
 0.00091258 0.00226584 0.00188461 0.00249368 0.00293347 0.00254718
 0.00098409 0.00153983 0.00139848 0.00237552 0.00186298 0.00186465
 0.00090767 0.00560706 0.00095563 0.00190715 0.00284169 0.00088145
 0.00100397 0.0023863  0.00195435 0.00292044 0.00374452 0.00086961
 0.00076445 0.00484988 0.00161817 0.00091775 0.00193644 0.00251956
 0.00155197 0.0008646  0.00265228 0.00132228 0.00138908 0.00100609
 0.0008985  0.00245719 0.00195616 0.00189784 0.00121808 0.00245642
 0.00148993 0.00223864 0.00190021 0.00083899 0.00075807 0.00252193
 0.00105552 0.00253627 0.00188444 0.00076116 0.00210672 0.00090481
 0.00101589 0.00167781 0.00093256 0.00178016 0.00184996 0.00089587
 0.00093993 0.00123017 0.00084658 0.00089057 0.00088949 0.00300418
 0.00159237 0.00310475 0.00366382 0.0020715  0.00155669 0.00095644
 0.00080064 0.00100045 0.00089455 0.00253888 0.00221523 0.0029544
 0.00693963 0.00099144 0.00200754 0.00093319 0.00313673 0.00063297
 0.00654408 0.00084431 0.00217613 0.00398034 0.00088492 0.00276417
 0.00186731 0.00202511 0.00092472 0.00101704 0.00233593 0.00136186
 0.00187424 0.00096129 0.0022499  0.00095952 0.00205265 0.00194977
 0.00205661 0.00197942 0.00124037 0.0020126  0.00095875 0.00118271
 0.00149391 0.00220994 0.0018876  0.00081258 0.00071407 0.00101124
 0.00174271 0.00199042 0.0008887  0.00238065 0.00287632 0.00136486
 0.00238045 0.00174995 0.00090057 0.17105391 0.00089963 0.00202288
 0.00270049 0.00258348 0.00219418 0.00227601 0.00060479 0.00176435
 0.00194645 0.00143501 0.00195605 0.00089148 0.00181778 0.00195907
 0.00171806 0.00091184 0.00198389 0.00195561 0.00843045 0.00217641
 0.00185753 0.00140372 0.001885   0.00101949 0.00101388 0.00091089
 0.00116139 0.0030422  0.00094368 0.00199401 0.00102343 0.00357578
 0.00087747 0.00062336 0.00093274 0.00094643 0.00194291 0.00085593
 0.00155848 0.00089727 0.00117882 0.00188988 0.0006899  0.00090919
 0.00210327 0.00188435 0.00298468]"
116,20241201,8.581228245458837,"[0.00371746 0.00141311 0.00113391 0.00118945 0.00142716 0.00100157
 0.00135362 0.00226058 0.00165752 0.00110092 0.00050389 0.00123282
 0.00040044 0.00213364 0.00054367 0.04052586 0.00120442 0.00117336
 0.00122293 0.00113415 0.00207477 0.00211262 0.00201716 0.00219513
 0.00108653 0.00115019 0.00100167 0.00111935 0.00067922 0.00064032
 0.0031296  0.00217908 0.00123338 0.00424262 0.00067762 0.0004844
 0.00245123 0.0014619  0.00211081 0.00213382 0.00216802 0.00170725
 0.00113249 0.0020676  0.00117739 0.0021783  0.00116277 0.0024162
 0.0020727  0.00136315 0.04709825 0.00106156 0.00158772 0.00106326
 0.00170662 0.00147976 0.00129719 0.00085339 0.00140566 0.00151333
 0.00123448 0.00135574 0.00146009 0.0011537  0.00209715 0.00238359
 0.00129927 0.00124591 0.00186117 0.00131447 0.00114207 0.00684078
 0.0021194  0.0011892  0.00123033 0.00583015 0.00052537 0.00208455
 0.00124084 0.0010231  0.00200735 0.0005719  0.00210709 0.00133053
 0.00130795 0.00208138 0.00110806 0.08392172 0.00166049 0.00214136
 0.00192726 0.00299593 0.00097789 0.00206072 0.00207277 0.00083782
 0.00124253 0.00196304 0.00122846 0.00103909 0.00291811 0.00228893
 0.00187518 0.00158532 0.00207008 0.00184112 0.00134186 0.00098479
 0.00129693 0.0019139  0.00197281 0.00627286 0.00115615 0.0020727
 0.00208515 0.00147491 0.00255679 0.00269632 0.00159049 0.00114573
 0.00241558 0.00124388 0.00124502 0.0014267  0.0010242  0.00467879
 0.00238221 0.00077995 0.00149795 0.00066591 0.00193225 0.00188696
 0.00041856 0.00046549 0.00154343 0.00194458 0.00078802 0.00135079
 0.00822362 0.00123793 0.00206823 0.00116782 0.00086546 0.00129765
 0.0005405  0.00113379 0.00114718 0.00109779 0.00212162 0.0030812
 0.001045   0.00115835 0.00225025 0.00142091 0.00206365 0.00104211
 0.00205383 0.00123509 0.00123697 0.0011651  0.00213994 0.00131814
 0.00212763 0.00129581 0.00214822 0.00062082 0.0021923  0.0020678
 0.00141618 0.00063983 0.00339268 0.00162913 0.00153445 0.00117064
 0.00092994 0.00118892 0.00228139 0.0019846  0.00168207 0.00211064
 0.00149482 0.00132028 0.00118697 0.00130954 0.00278162 0.00101359
 0.00239236 0.00241346 0.00210727 0.00123671 0.0014892  0.00211021
 0.00213518 0.00046475 0.00153493 0.00103933 0.0024616  0.0020915
 0.00210649 0.00123833 0.00048988 0.00046792 0.01532563 0.00149814
 0.00113941 0.00405466 0.00390431 0.00207892 0.00147634 0.00223443
 0.00055991 0.00118242 0.00114628 0.00123903 0.00148575 0.00220483
 0.00212595 0.0013622  0.00121064 0.00190063 0.0011912  0.00216784
 0.00380307 0.00123408 0.00043583 0.0021269  0.00211549 0.00202892
 0.00150777 0.00220323 0.00134003 0.00417918 0.00373953 0.00213421
 0.00217475 0.00142501 0.00124842 0.00230735 0.0007869  0.00125999
 0.00144447 0.00210282 0.00208606 0.00210991 0.00208851 0.00217419
 0.00111125 0.00041895 0.00208606 0.00188859 0.00068468 0.00044066
 0.00118671 0.00241556 0.0020754  0.00042067 0.0020958  0.00202707
 0.00125893 0.07650776 0.00121519 0.00208733 0.00175981 0.00122457
 0.00106164 0.00054471 0.00214737 0.00041788 0.0023654  0.0012097
 0.00112228 0.00176702 0.00137864 0.00253786 0.00210619 0.00054974
 0.00307645 0.00259913 0.00063392 0.00099153 0.00161156 0.0018805
 0.0012441  0.00040718 0.00209655 0.00149717 0.0013015  0.00050986
 0.00199957 0.00214329 0.00227532 0.00122544 0.00125709 0.00043215
 0.00132902 0.00041569 0.00084935 0.00120661 0.00049229 0.00125359
 0.00122271 0.00114597 0.00125723 0.00219823 0.00203702 0.00115858
 0.00125563 0.00129961 0.00123854 0.00134937 0.00125269 0.00183198
 0.00210834 0.00107046 0.00119908 0.00182628 0.00144701 0.00123385
 0.00119804 0.00206898 0.00479115 0.00703178 0.00042934 0.0007491
 0.00274476 0.00314996 0.00212596 0.00115446 0.00353887 0.00138435
 0.00385727 0.0011967  0.00044065 0.00934696 0.001199   0.00207304
 0.00208283 0.00215152 0.00126998 0.00129165 0.00222572 0.00112917
 0.00203807 0.00123251 0.00050522 0.00130252 0.00207267 0.00215109
 0.00212611 0.00211665 0.00253836 0.00208798 0.00124351 0.00124606
 0.00480437 0.0004201  0.00207756 0.00114144 0.00082757 0.00141729
 0.00210273 0.00217219 0.00129773 0.00042507 0.00157281 0.00265048
 0.00042086 0.00204172 0.00185878 0.03614528 0.00111027 0.00184047
 0.00039841 0.00118179 0.0004769  0.00899362 0.00125268 0.00231897
 0.00210973 0.00135704 0.001057   0.00101054 0.00214851 0.0021229
 0.00214349 0.00114628 0.00217677 0.00204766 0.00265214 0.00280879
 0.00155243 0.00186429 0.00220196 0.00145269 0.00131534 0.0011699
 0.00122324 0.00116692 0.00133017 0.00112333 0.00182021 0.00060494
 0.00121988 0.00134905 0.00120796 0.00112837 0.00230231 0.00123356
 0.00123437 0.00115181 0.00107866 0.00210638 0.00134864 0.00117408
 0.00212793 0.00086204 0.0016269 ]"
117,20241229,8.543045623833416,"[0.00460619 0.0018124  0.00103336 0.0009906  0.00166563 0.00217889
 0.00107915 0.00199923 0.00146801 0.00937827 0.00095527 0.0010163
 0.00074737 0.00172354 0.00090002 0.00394981 0.0010064  0.00103664
 0.00100194 0.00102205 0.00191325 0.00158612 0.00213015 0.00084157
 0.0015427  0.00102454 0.001362   0.00111076 0.00077961 0.00076514
 0.00160666 0.00145622 0.00204637 0.00237481 0.00163672 0.0009183
 0.0030322  0.00510252 0.00169391 0.00159492 0.00158668 0.00253352
 0.00207344 0.00158466 0.00103078 0.00169699 0.00099413 0.00360354
 0.00155873 0.0012657  0.02517249 0.00211976 0.0018813  0.00534149
 0.00152478 0.00699931 0.00104964 0.00291443 0.00127634 0.02152762
 0.00104985 0.00232448 0.00107109 0.00102104 0.00161562 0.00175456
 0.00106129 0.00098313 0.0010108  0.00106155 0.00104526 0.00149184
 0.00159622 0.00099003 0.00101183 0.00308092 0.00077197 0.00419119
 0.00098946 0.00237565 0.00131898 0.00078105 0.00166942 0.00096672
 0.00286375 0.00158102 0.00138684 0.02946079 0.00167589 0.00159299
 0.00283175 0.00322837 0.00191939 0.00226078 0.00243296 0.00200875
 0.00096988 0.00166532 0.00144394 0.01448439 0.00183398 0.00173387
 0.0017747  0.00175892 0.00165605 0.00274604 0.00104357 0.00075704
 0.00123626 0.00110826 0.00115248 0.00292083 0.00107618 0.00161275
 0.00159522 0.00385192 0.00165677 0.00166921 0.00102368 0.00102458
 0.00078548 0.00097777 0.00098838 0.00128118 0.00174066 0.00274713
 0.00166064 0.0017197  0.00148885 0.00071918 0.00105114 0.00134795
 0.00076901 0.00118572 0.0016151  0.00090814 0.00258564 0.00167247
 0.02719495 0.00100613 0.00165264 0.00443632 0.00268032 0.00112398
 0.00088347 0.00107014 0.00166984 0.00123303 0.00159366 0.00439892
 0.00215115 0.00108231 0.00430864 0.00327981 0.00100473 0.00096567
 0.00174553 0.00097346 0.00099206 0.00106861 0.00164098 0.00106209
 0.00158507 0.00108917 0.0016577  0.00077283 0.00102964 0.00160504
 0.00511386 0.00076391 0.01156844 0.00230508 0.00187381 0.00227454
 0.002138   0.00104605 0.0016431  0.00155289 0.00101701 0.00161121
 0.00113092 0.0051809  0.00098219 0.00200081 0.00164433 0.00525003
 0.00205872 0.00172565 0.00156746 0.00102655 0.00113228 0.00165031
 0.00163375 0.00077333 0.00110649 0.00303677 0.0015783  0.00158359
 0.00164053 0.00098468 0.00096853 0.00088051 0.01938624 0.01531818
 0.00165549 0.00151144 0.00347902 0.00161276 0.00872711 0.00178373
 0.00093506 0.00099642 0.00102769 0.00098685 0.00116755 0.00161431
 0.00176007 0.00201324 0.00099262 0.00104433 0.00156707 0.0015623
 0.00245507 0.00099823 0.00174427 0.00170099 0.00167921 0.00500046
 0.00134526 0.00169579 0.00166884 0.00140411 0.00082712 0.00170593
 0.00178126 0.00132636 0.00108577 0.00177917 0.00257256 0.00102539
 0.00238794 0.00170669 0.00158316 0.00167766 0.00162507 0.00161769
 0.00112493 0.00080111 0.00158617 0.00205911 0.00101097 0.00087641
 0.00105253 0.00178058 0.00182099 0.00087036 0.00156995 0.00169276
 0.00099812 0.04682576 0.00099999 0.00166661 0.00313939 0.00098302
 0.00096058 0.00069128 0.00164295 0.00081534 0.00125372 0.00098598
 0.00121976 0.00162495 0.00137123 0.00139451 0.00168177 0.00080525
 0.00181188 0.00573638 0.00078306 0.0017994  0.0009491  0.0020589
 0.00100524 0.00077253 0.00163896 0.00155197 0.0009899  0.00162118
 0.00213125 0.00159571 0.00181408 0.00350413 0.00157831 0.00079867
 0.00103584 0.0008818  0.00079248 0.00103551 0.0010592  0.0010239
 0.00106654 0.00106173 0.00105954 0.00165027 0.00159182 0.00103194
 0.00100386 0.00115831 0.00110067 0.00207377 0.00101141 0.00209414
 0.0016182  0.00246931 0.00198897 0.00102688 0.00112269 0.00099403
 0.00129252 0.00102585 0.00198444 0.00897512 0.00107977 0.00086498
 0.00103013 0.00346643 0.00170909 0.00104204 0.00100807 0.00364187
 0.00965332 0.00107316 0.00075994 0.01212146 0.00117026 0.00085067
 0.00164587 0.00159761 0.00101499 0.00104572 0.00163668 0.00277052
 0.00164385 0.00097565 0.0009594  0.00110074 0.00164772 0.00166227
 0.00161886 0.00161846 0.00198055 0.00199203 0.00100802 0.00153402
 0.0009272  0.00075407 0.0016372  0.00240082 0.0028829  0.00102974
 0.0016498  0.0015958  0.00100573 0.00131446 0.00560371 0.00242905
 0.00074821 0.00159752 0.00271606 0.06028089 0.00110577 0.00126323
 0.00075642 0.01076878 0.00068826 0.00448666 0.00143339 0.00159318
 0.00160873 0.00125495 0.00139202 0.00404179 0.00161256 0.00551788
 0.00154855 0.00102061 0.00161428 0.00162289 0.00239761 0.00081529
 0.00140757 0.0008734  0.00159147 0.00106939 0.00103702 0.00102744
 0.00109092 0.00066345 0.00105531 0.00170158 0.00286268 0.00080185
 0.00098894 0.00261533 0.00102154 0.001006   0.00164088 0.0009979
 0.00102385 0.00101085 0.00996765 0.00160648 0.0022759  0.00103635
 0.00174822 0.00349402 0.00238636]"
118,20240919,7.574666990696245,"[0.00219846 0.00141456 0.00144909 0.00131934 0.00080729 0.007272
 0.00131268 0.00204955 0.00120175 0.00403778 0.00150558 0.00123901
 0.00169478 0.00236398 0.00104373 0.00071549 0.00137323 0.0014904
 0.00136875 0.00142825 0.00201225 0.00192596 0.00213325 0.00094237
 0.00136668 0.00147837 0.00090479 0.00162083 0.00188202 0.00193899
 0.00191601 0.00081223 0.00268298 0.00531814 0.00178486 0.00176918
 0.00160682 0.00127098 0.00215335 0.00243153 0.00198158 0.00083909
 0.0010607  0.00226989 0.00160029 0.00195724 0.00151157 0.0008841
 0.00244921 0.00096938 0.06292163 0.00313228 0.00076484 0.00128101
 0.0009667  0.00259293 0.00128497 0.00108935 0.0010038  0.00423101
 0.00174424 0.00412312 0.00140548 0.00166319 0.00218838 0.00260747
 0.00100737 0.00139726 0.0015587  0.00130436 0.00157898 0.01817958
 0.00240077 0.00133233 0.00141438 0.00074904 0.00159073 0.00087987
 0.0012409  0.0026013  0.00383624 0.00197851 0.00200939 0.00116023
 0.00085159 0.00210609 0.00121156 0.01178681 0.00099937 0.00197094
 0.0008745  0.00114004 0.00169964 0.00311443 0.00275905 0.00158702
 0.00132223 0.00664652 0.00291802 0.0037725  0.00239164 0.0019487
 0.00080499 0.00152116 0.00207452 0.00091303 0.00139241 0.00142487
 0.00404841 0.00207923 0.00206079 0.00520097 0.00186041 0.00177555
 0.00242886 0.00125344 0.00216005 0.00214456 0.00142894 0.00156948
 0.00144855 0.00124863 0.00125703 0.00149018 0.00147014 0.00073397
 0.00226778 0.0012134  0.00099271 0.00069457 0.00152748 0.00093542
 0.00198013 0.00073696 0.00640407 0.00102561 0.00303935 0.00127161
 0.00237005 0.0013619  0.00207884 0.00110197 0.00087261 0.00132753
 0.00276495 0.00153446 0.00095287 0.00097325 0.00208992 0.00299175
 0.00191685 0.00153402 0.00135013 0.00120505 0.00110704 0.00199598
 0.00186556 0.00128463 0.00133356 0.00158884 0.00239472 0.00132609
 0.00251075 0.00126608 0.00252601 0.00200439 0.00198474 0.00188305
 0.00409059 0.0025243  0.01383581 0.00091203 0.00085661 0.00117669
 0.00249482 0.00163645 0.00211174 0.00114292 0.00157902 0.00186178
 0.00170499 0.00574722 0.00125934 0.00344078 0.00220972 0.00111864
 0.00137836 0.00177659 0.00255904 0.00124246 0.00895245 0.00238079
 0.00272751 0.00190955 0.00148491 0.00120979 0.00173713 0.00223318
 0.00208627 0.00132187 0.00190017 0.00568612 0.01155906 0.00244995
 0.00125911 0.00115168 0.00222888 0.00197378 0.0013239  0.00217009
 0.00272072 0.00153299 0.00159226 0.00142107 0.00142873 0.00203958
 0.00213672 0.0016528  0.00137097 0.00103228 0.00101358 0.00204407
 0.00117445 0.001284   0.00163896 0.00217081 0.00188017 0.00111404
 0.00083599 0.00233029 0.00102832 0.01171423 0.00239151 0.00235249
 0.00199324 0.00162565 0.00129546 0.00199545 0.00216455 0.00110155
 0.00088444 0.00222954 0.00200103 0.0022029  0.00201815 0.00238414
 0.00163762 0.00177467 0.00224428 0.00250227 0.00231153 0.00205181
 0.00144049 0.00181512 0.0010925  0.00185202 0.00216963 0.00173317
 0.00132488 0.00209452 0.00159101 0.00196426 0.00424449 0.00135706
 0.00126593 0.00299534 0.0019295  0.00166565 0.00507189 0.00128554
 0.0014063  0.00189345 0.00097577 0.00092456 0.00221122 0.00215875
 0.00265992 0.00114151 0.00167214 0.00191441 0.00222466 0.00207404
 0.00139384 0.00164532 0.00185988 0.00118938 0.00135274 0.00127295
 0.002767   0.00250647 0.00206779 0.00097228 0.00097906 0.00160451
 0.00125643 0.00216358 0.00274557 0.00097609 0.00138992 0.00134099
 0.00146202 0.00190766 0.00122657 0.00226181 0.00209402 0.00159438
 0.00133743 0.00134316 0.0015363  0.00135873 0.00132898 0.00111316
 0.00319478 0.00186257 0.00093485 0.00215265 0.00112862 0.00126394
 0.00099112 0.00179405 0.00135633 0.00620538 0.00182058 0.00224674
 0.00128455 0.000847   0.00196808 0.00145703 0.00156923 0.00111112
 0.00206165 0.00144651 0.002487   0.03073719 0.00133349 0.00139238
 0.0019732  0.00215298 0.00131753 0.00124473 0.00242452 0.00295717
 0.00168207 0.00149608 0.00117074 0.0012996  0.00227806 0.00210892
 0.0023209  0.00283704 0.00130785 0.00201919 0.0011754  0.00132397
 0.00157448 0.001912   0.00200569 0.00299214 0.00097606 0.00108506
 0.00212642 0.00231785 0.00132086 0.0019636  0.00238083 0.0010071
 0.00153887 0.00194519 0.00084996 0.05601061 0.00161079 0.00200219
 0.00140729 0.00149666 0.00106886 0.01123682 0.00085591 0.00154131
 0.00196011 0.00115424 0.00151173 0.00094016 0.00185076 0.00244721
 0.00196378 0.00153884 0.00216389 0.00207819 0.00159416 0.00518333
 0.00139065 0.00189807 0.00185697 0.00151724 0.00145193 0.00152336
 0.00134739 0.00122233 0.00128585 0.0024992  0.00288422 0.00174629
 0.00136429 0.00134664 0.00138191 0.00143838 0.00235492 0.00133222
 0.00131999 0.0016269  0.00479336 0.00166214 0.00089462 0.00162294
 0.00213887 0.02010325 0.00126506]"
